"","baseMean","log2FoldChange","lfcSE","stat","pvalue","padj"
"Q0010",0,NA,NA,NA,NA,NA
"Q0017",0,NA,NA,NA,NA,NA
"Q0032",0,NA,NA,NA,NA,NA
"Q0045",0.158024991480569,-0.0590298347104577,3.06541846718814,-0.0192566970357573,0.984636328276078,NA
"Q0050",0.44481074688208,0.122549886681717,1.93902560534121,0.0632017887459263,0.94960582041605,0.971734023006291
"Q0055",0.0750525647747641,0.671886301116372,3.5338115409304,0.190130767680801,0.849206660687331,NA
"Q0060",0,NA,NA,NA,NA,NA
"Q0065",0,NA,NA,NA,NA,NA
"Q0070",0,NA,NA,NA,NA,NA
"Q0075",0,NA,NA,NA,NA,NA
"Q0080",0,NA,NA,NA,NA,NA
"Q0085",0.0756580883261497,0.671886301116372,3.5338115409304,0.190130767680801,0.849206660687331,NA
"Q0092",0,NA,NA,NA,NA,NA
"Q0105",0.0750525647747641,0.671886301116372,3.5338115409304,0.190130767680801,0.849206660687331,NA
"Q0110",0,NA,NA,NA,NA,NA
"Q0115",0,NA,NA,NA,NA,NA
"Q0120",0.0756580883261497,0.671886301116372,3.5338115409304,0.190130767680801,0.849206660687331,NA
"Q0130",0.151102414211432,-0.0462435255259858,3.11303237601163,-0.0148548167639786,0.988148006939891,NA
"Q0140",0,NA,NA,NA,NA,NA
"Q0142",0,NA,NA,NA,NA,NA
"Q0143",0,NA,NA,NA,NA,NA
"Q0144",0,NA,NA,NA,NA,NA
"Q0160",0,NA,NA,NA,NA,NA
"Q0182",0,NA,NA,NA,NA,NA
"Q0250",0.158393335705516,-0.05461738187071,3.06240710784171,-0.017834788108627,0.985770652271299,NA
"Q0255",0,NA,NA,NA,NA,NA
"Q0275",0.0756580883261497,0.671886301116372,3.5338115409304,0.190130767680801,0.849206660687331,NA
"Q0297",0,NA,NA,NA,NA,NA
"YAL001C",70.975422649543,-0.454602916429136,0.183292766292851,-2.48020107734534,0.0131308310973769,0.0383804916451856
"YAL002W",62.9734726297857,-0.158155709928312,0.180257781786603,-0.877386309543869,0.380276846672897,0.532943964678798
"YAL003W",1052.80342496828,1.27220900591442,0.0442591619914987,28.7445344346734,1.0600607883721e-181,7.97821940962906e-180
"YAL004W",0,NA,NA,NA,NA,NA
"YAL005C",1809.21317871547,1.8146406508032,0.0356378598095046,50.9189008684308,0,0
"YAL007C",124.278292319411,-0.13934245469786,0.132048704421931,-1.05523530357877,0.291317721746098,0.443358362272227
"YAL008W",60.3123361333247,-0.103358121047773,0.184345006052477,-0.560677629739266,0.575017319881851,0.710289077040457
"YAL009W",41.6196386739698,-0.610603726647305,0.240999897917404,-2.53362649496462,0.0112888987444798,0.0339042365143
"YAL010C",43.1737345388275,-0.373018548308101,0.216711802068832,-1.72126549983477,0.0852026569024211,0.176491217869301
"YAL011W",50.9250218122238,-0.655326976926294,0.202860589006791,-3.23043021877629,0.0012360407270487,0.00494259928931175
"YAL012W",795.062317721224,0.604867385236718,0.0514038436333228,11.7669680413666,5.77634223133345e-32,1.06157080193285e-30
"YAL013W",162.145133333337,-0.229919994685466,0.117202456233035,-1.9617335854149,0.0497935095125983,0.114972449648885
"YAL014C",156.068732984884,0.24192920507258,0.115782090084328,2.08952183274956,0.0366607747184437,0.089486261687259
"YAL015C",78.0119086801196,-0.326535427911758,0.173024996191903,-1.88721534517241,0.0591313671680036,0.132845949977299
"YAL016C-A",19.3742372583683,0.95619514670815,0.311879925999641,3.06590795686302,0.0021701010792853,0.00824481912454427
"YAL016C-B",5.81085067535536,-0.904806183696862,0.624993766748481,-1.44770433216334,0.147699757849511,0.267016834179185
"YAL016W",227.770689872764,-0.0862791616122617,0.0934559502970166,-0.923206722932611,0.355899485996702,0.509164188837102
"YAL017W",177.297683839941,0.195388145173885,0.106884362093302,1.82803303820371,0.0675445934053208,0.147844633546136
"YAL018C",0.075442125546796,0.671886301116372,3.5338115409304,0.190130767680801,0.849206660687331,NA
"YAL019W",65.352961712833,0.523722456917083,0.177730840886032,2.94671681237875,0.00321167180371591,0.0116156688461625
"YAL019W-A",18.0868100934011,1.32040771398031,0.365428664454174,3.61331182367028,0.000302310776401863,0.00139258686058076
"YAL020C",108.077932069248,0.205098482346081,0.138158460164202,1.48451627285307,0.137672009333097,0.254417551301912
"YAL021C",150.557584029864,0.32893658923087,0.111848849846497,2.94090274224821,0.00327257268134558,0.0118159185298349
"YAL022C",148.729455974751,0.122268862526895,0.116664534049823,1.04803797934579,0.294621109010574,0.447023356863689
"YAL023C",500.72174212668,0.334767082966971,0.0629773802938287,5.31567177620083,1.0626454787552e-07,8.04556253495854e-07
"YAL024C",29.0479813519944,-0.665329144012358,0.272334224801905,-2.4430610750313,0.014563272476717,0.0418391862977382
"YAL025C",58.4028128213869,0.838844931087534,0.189660736403857,4.42287079019521,9.73979951473048e-06,5.9206742819352e-05
"YAL026C",131.568597155362,-0.0177509339915893,0.126825721895823,-0.139963200888934,0.888689065568852,0.934046928100795
"YAL026C-A",14.9237720491519,-1.12921719175371,0.404628984993466,-2.79074716254433,0.00525865330489721,0.0175807542007193
"YAL027W",34.2194489875987,-0.0807849774373061,0.238773376453535,-0.33833327080763,0.735112054018138,0.831820011724122
"YAL028W",70.9712433048071,-0.0501235127036564,0.169025287550882,-0.296544460476469,0.766814318402262,0.853636224852809
"YAL029C",147.09223859583,-0.0520951110035229,0.118538473059142,-0.439478505662303,0.660314853222048,0.779117301618101
"YAL030W",86.9679226982047,-0.0772541880718492,0.1494280439984,-0.516999259340344,0.605156675856174,0.736722608273201
"YAL031C",83.9049941517979,-0.703229106597936,0.164761002394391,-4.26817691309381,1.97077005853808e-05,0.000113782724292948
"YAL031W-A",9.28074554301885,-1.32492620870604,0.508751135755202,-2.60427174622282,0.00920697245795285,0.0285186084660352
"YAL032C",81.4320984674996,-0.18713517247594,0.165302129496929,-1.13207962320544,0.257600960812741,0.406149910812334
"YAL033W",32.8174496640097,-0.228356217746091,0.250063943692206,-0.913191299690793,0.361141938943223,0.514452306894785
"YAL034C",75.5390855665929,0.073418774892434,0.171251294106522,0.428719533335416,0.668127343692288,0.783219185392665
"YAL034C-B",2.49540746688097,-1.86128064340403,1.06238540844782,-1.75198249957463,0.079776817187966,0.167780784518404
"YAL034W-A",19.1447491188288,-0.341440796413644,0.324417049938396,-1.05247488218785,0.292581728640348,0.444426577449899
"YAL035W",519.137320874093,0.657706077935226,0.0629374296305726,10.4501579075568,1.46281468253412e-25,2.31777303834103e-24
"YAL036C",55.3585072502681,0.647972136646836,0.191506870784766,3.38354511246277,0.000715564507796283,0.00301989240206148
"YAL037C-A",0.308926510348926,-1.05078588343363,2.4153491977157,-0.435045120774836,0.663529676581581,NA
"YAL037C-B",113.570606670386,-0.371735472684445,0.132689211747979,-2.80155008675833,0.00508577457352439,0.0170931774874116
"YAL037W",6.70865861942207,-1.57572663574615,0.625117529433541,-2.52068860902688,0.0117125449768928,0.035059994954506
"YAL038W",12960.9160381075,1.80972841630575,0.0143898293573467,125.764411193785,0,0
"YAL039C",289.129585288801,0.164298605728811,0.0814425988915044,2.01735465180434,0.0436585160870902,0.103374209251904
"YAL040C",84.6509522520364,-0.153974810766637,0.154083936266328,-0.999291778868488,0.317653366790519,0.470746503715345
"YAL041W",87.8077776895781,-0.0634303741616414,0.155729089855715,-0.40731230254033,0.683778628159016,0.795163845904039
"YAL042C-A",87.4695513120214,1.04400870110334,0.158697166913913,6.57862217332254,4.74827631184641e-11,4.64684254543235e-10
"YAL042W",658.237430296695,0.253193275533038,0.0577628438378028,4.38332427406104,1.16881934068726e-05,7.01735600363232e-05
"YAL043C",122.481691044323,0.120996664838384,0.126199260217426,0.958774755334713,0.337672229358107,0.490524778033537
"YAL044C",199.972761713815,1.95016335235923,0.109141932832433,17.8681401524503,2.0884178359258e-71,6.84092101488234e-70
"YAL044W-A",29.1548285129671,-0.550024302085952,0.282115379805868,-1.94964309448298,0.0512186732075395,0.117704271907693
"YAL045C",14.9263858562607,-0.0373670352220409,0.388123280500453,-0.0962762016590687,0.923301211596546,0.95539260904418
"YAL046C",39.5742437773987,0.514131624043836,0.245319115775329,2.09576666057567,0.0361028952018815,0.0883633385467653
"YAL047C",26.5331900330006,-0.223945381102054,0.271320742185172,-0.825389829389507,0.409150307234897,0.561394756922874
"YAL047W-A",1.02882938144159,-1.76280883313049,1.51231648395555,-1.16563487327716,0.243762101880857,0.389748105232872
"YAL048C",25.3243776834892,0.830548503132067,0.279910316869948,2.96719503739463,0.00300530252447929,0.0109507334638375
"YAL049C",98.2975502973795,-0.0749284923612719,0.147378242036452,-0.508409459401337,0.611166220305053,0.741041972529448
"YAL051W",67.0885811908612,-0.376357840200215,0.175600680326361,-2.14325957906734,0.0320922605962541,0.0800028673065924
"YAL053W",586.251218621497,-0.19268528964583,0.0612073781168013,-3.14807292150516,0.00164350688286762,0.00640977823164041
"YAL054C",56.0879055351586,-0.891685173092859,0.208269316675726,-4.2814044206099,1.85717488935382e-05,0.000107518861268268
"YAL055W",58.0448785746655,-0.427759885000634,0.198314885787416,-2.15697315560654,0.0310077561291794,0.0779757495022563
"YAL056C-A",7.45832059927519,0.362189755572125,0.53959764617595,0.671221896794604,0.502079181364421,0.644248051136848
"YAL056W",163.443192214864,-0.351081784876819,0.113922897810284,-3.08174907437377,0.00205788230348348,0.00787049723086663
"YAL058W",41.9909132801048,0.469512496772916,0.212507919705194,2.20938823091514,0.027147648928225,0.0697105753550928
"YAL059C-A",0,NA,NA,NA,NA,NA
"YAL059W",17.5365888806893,-0.0425177990120416,0.3396478116784,-0.125182019580624,0.90037945156033,0.94148178841621
"YAL060W",251.622913961832,0.844764991688346,0.0889100899452139,9.50133997399944,2.07206585793211e-21,2.95702039590221e-20
"YAL061W",259.449918180747,2.75479883350452,0.101947199143238,27.0218196934863,8.19094519208713e-161,5.50884633025264e-159
"YAL062W",82.3841787821685,0.136909973370949,0.158114359755486,0.865892089641137,0.386549341468574,0.539581571376534
"YAL063C",62.698390625009,0.0899574682842299,0.180584162081867,0.498147053690391,0.618380397579795,0.746280846575787
"YAL063C-A",1.00785835582877,-2.75507487034263,1.43866721476652,-1.91501887445858,0.0554900965949064,0.125823194965906
"YAL064C-A",4.80199803474165,0.306495819864749,0.655222546428395,0.467773616056791,0.639946490220709,0.763779820875085
"YAL064W",1.06964048236713,-2.84651449176521,1.43509240988706,-1.98350606006566,0.0473109308319404,0.110125075375378
"YAL064W-B",1.21999215896879,-0.273928280419994,1.32169802465641,-0.20725481563098,0.835810859850686,0.900759901952925
"YAL065C",1.91537548532652,1.23385489412059,1.12572992679752,1.09604876333941,0.273057435125706,0.423001495923722
"YAL066W",0.0750525647747641,0.671886301116372,3.5338115409304,0.190130767680801,0.849206660687331,NA
"YAL067C",5.87685845581096,-2.00260559770221,0.732298235553072,-2.7346858157998,0.00624398423822426,0.0203791782932647
"YAL067W-A",0.630743562801995,0.640000249662589,1.91939633988359,0.333438298471177,0.73880345758459,0.834503387323526
"YAL068C",0.0826001337085384,0.671886301116372,3.5338115409304,0.190130767680801,0.849206660687331,NA
"YAL068W-A",0,NA,NA,NA,NA,NA
"YAL069W",0.829477054440102,-1.38468425484659,1.5411330554694,-0.898484559741561,0.368927273206855,0.521663659408128
"YAR002C-A",192.672617246281,-0.324205184955921,0.106586976763937,-3.04169603828762,0.00235249321623316,0.00886284570800215
"YAR002W",87.5432918113304,0.0980034322234484,0.163417896325668,0.599710523920475,0.548699173355528,0.686626645454431
"YAR003W",66.6888123846421,-0.0654106457539391,0.173614304670296,-0.376758389109457,0.706353166495192,0.811625721298183
"YAR007C",111.695555259048,-0.397761458866557,0.135251806390885,-2.94089572243498,0.00327264684367937,0.0118159185298349
"YAR008W",32.7466072986013,-0.923183532687946,0.265491518729713,-3.4772618617162,0.000506562816171407,0.00222704459237527
"YAR014C",116.374690990125,0.0937828179207945,0.129868627523681,0.72213605170882,0.470210834956698,0.61660918867377
"YAR015W",325.226334989892,2.11716607473463,0.0833224340074293,25.4093162298386,1.98964735900043e-142,1.20947601957699e-140
"YAR018C",44.0583167615184,-0.310271083205206,0.219591128478653,-1.41294908111631,0.157670696283062,0.281978540849086
"YAR019C",42.7202222358989,-0.399810621322916,0.234290722993148,-1.70647226751103,0.0879201854307216,0.180582005293379
"YAR019W-A",0.606824820953854,0.600944846949283,1.75646462775725,0.34213319041705,0.732250660641426,0.829770061533835
"YAR020C",3.60146777520101,0.680600904019204,0.728851872794077,0.933798662559649,0.350407759551923,0.503472239974377
"YAR023C",12.3967530299953,0.145943010494748,0.404694919434844,0.360624765684128,0.718379973101891,0.819783066778006
"YAR027W",106.979307167993,0.166095319051663,0.143267238726917,1.15933915197639,0.246317968736993,0.392841119665811
"YAR028W",47.1562167994653,0.279196792598724,0.200982119349457,1.38916234689152,0.164783388549224,0.292055111412446
"YAR029W",1.85971505469446,-1.44131231929185,1.16535962990419,-1.2367961634387,0.216162766774457,0.356530396960113
"YAR030C",4.29433654976867,0.163374399942187,0.709912847190241,0.230133037581734,0.817988393491038,0.889001654400953
"YAR031W",12.0531489716309,-0.348656428322287,0.444462868920979,-0.784444444524059,0.432779368247837,0.583873488276318
"YAR033W",33.4410340931569,0.433738647752364,0.244986953117603,1.77045610891839,0.076651189860551,0.1628869990919
"YAR035C-A",0,NA,NA,NA,NA,NA
"YAR035W",47.0664747123803,-0.543210623049089,0.213858539193126,-2.54004644892174,0.0110837747670923,0.0334790368263532
"YAR042W",180.974532885383,0.420625858420114,0.104029334216268,4.04333894462567,5.26953574101622e-05,0.000284249189033315
"YAR047C",0.440734710920129,0.0509124559530195,2.05478935769248,0.024777457486053,0.980232471858006,NA
"YAR050W",39.0924983535363,0.624094464668389,0.224095785688773,2.78494511956212,0.00535367834776045,0.0178512418325641
"YAR053W",2.64794443443251,-1.31748515966884,0.965746367977763,-1.36421445977333,0.172500078563035,0.301755809816134
"YAR061W",6.77614375580194,0.0604781866820389,0.545680327572105,0.110830798960858,0.911750521760151,0.948399672939481
"YAR064W",2.76304940250447,0.753264825071664,1.66732030770484,0.45178171320217,0.651426244842116,0.772812294969385
"YAR066W",1.82710765583432,0.145486808955399,3.32080713156155,0.0438106771009573,0.965055316161498,0.980156606821419
"YAR068W",5.25764247945607,1.53217981193197,1.69215650655669,0.905459870877874,0.365221810030309,0.517697821303052
"YAR069C",0.26825371089704,1.36394691329694,2.56560277863418,0.531628249180118,0.594983495396542,NA
"YAR070C",0,NA,NA,NA,NA,NA
"YAR071W",102.028160252673,3.25344378412006,0.526118582488118,6.18386024065884,6.25527527108464e-10,5.6333120033899e-09
"YAR073W",1.39836752144812,-0.423760862343295,1.28666932602739,-0.329347139759414,0.741893317308064,0.83644546677776
"YAR075W",2.50099908092285,2.85177424274147,1.04289166795306,2.73448751234038,0.00624774651773698,0.0203809357508427
"YBL001C",124.424725478228,-0.491541013739825,0.130770485398042,-3.75880698342337,0.000170725476673463,0.000823600169952182
"YBL002W",300.907227272113,-0.596061588835185,0.0857752366443733,-6.94911039775354,3.67596811095559e-12,3.80974924548545e-11
"YBL003C",521.4472444762,-0.582433858306244,0.0648211416889205,-8.98524529390996,2.58157794725607e-19,3.47249697501125e-18
"YBL004W",111.747003335258,0.108843001899161,0.130147424945526,0.836305458557613,0.402983083116204,0.555408557109361
"YBL005W",60.1861679712611,1.05202529874349,0.190272468507004,5.52904635651355,3.21976262802597e-08,2.54124086571538e-07
"YBL006C",169.247502162357,0.214297119472402,0.110905389597631,1.93225162681345,0.0533284558205794,0.121979274647929
"YBL006W-A",0,NA,NA,NA,NA,NA
"YBL007C",437.878820606841,0.302286686751861,0.0670335092202779,4.5094862296187,6.49848124340321e-06,4.05161720126185e-05
"YBL008W",36.0053759687577,-0.457629929815419,0.245553134026426,-1.86366967634048,0.0623681062865977,0.138444932564561
"YBL008W-A",0.200092317956257,2.11456972902607,3.08663792635185,0.685072165728654,0.493298383448626,NA
"YBL009W",30.8380117116921,-0.273663093061266,0.25836132215092,-1.05922624479142,0.2894967553145,0.441330717892034
"YBL010C",25.1667143702834,-0.555081789268442,0.285702734699659,-1.94286480964896,0.0520324947739398,0.119400882744409
"YBL011W",199.036832942601,-0.120295534314734,0.102471015545111,-1.17394693196708,0.240416282419256,0.385960319312985
"YBL012C",10.6540799655887,0.835811142112844,0.445146402197829,1.87760956392364,0.0604345964301307,0.13519728189359
"YBL013W",7.36510819639299,0.275500991927678,0.508673459482785,0.541606775017916,0.588089423589814,0.720890919864483
"YBL014C",30.7016391409017,0.0921490532353101,0.268584994599111,0.343090846801964,0.731530116880861,0.829457740182455
"YBL015W",166.100056276685,-0.18403407875418,0.11169947017542,-1.64758237854808,0.099438398898213,0.199065724456777
"YBL016W",61.2269982992738,0.184075223921487,0.177851010486563,1.0349967842066,0.300670413008471,0.453378160156266
"YBL017C",343.48622077074,0.112884002087479,0.0753698246570755,1.49773470485156,0.134202191268298,0.249537133293582
"YBL018C",36.7616205406421,0.462887085981016,0.23387808131738,1.97918113306592,0.047795616340334,0.110887069897159
"YBL019W",28.3756594649816,-0.552982049300397,0.27094258395562,-2.04095657916577,0.0412551431947311,0.0984579144118874
"YBL020W",61.9120773503742,-0.323686193734137,0.184309167395124,-1.75621320582613,0.0790520106475392,0.166700070484904
"YBL021C",45.4628682121774,0.106365372205696,0.209889783152915,0.506767745470503,0.612317790324076,0.741726972682278
"YBL022C",217.64423941253,0.403966206878801,0.0950005434652754,4.25225153608156,2.11631960934059e-05,0.000121630659729556
"YBL023C",80.9348909601904,-0.246398548537226,0.167603486201979,-1.47012782443136,0.141527137762361,0.259203135728567
"YBL024W",94.5106881539069,0.237370058864955,0.142359912978425,1.66739395872579,0.0954360943547412,0.192885865892159
"YBL025W",13.3814307175292,-0.71813763323368,0.402725658617615,-1.78319314368679,0.074554868185739,0.159235093469676
"YBL026W",40.758781487122,-0.569171660625918,0.238763716372801,-2.38382811790894,0.0171336027922831,0.0478016932271905
"YBL027W",1968.34838396888,0.664123576330234,0.0323736455757256,20.5143277662929,1.60370187206463e-93,6.71430677827323e-92
"YBL028C",13.8887952654481,0.0437666330439064,0.379222932263525,0.115411356540782,0.908119077894752,0.946383376109866
"YBL029C-A",27.4467140759382,0.184478812089659,0.278278304467788,0.662929194004102,0.507375903221358,0.649712469144304
"YBL029W",46.7771842288991,-0.275735784019146,0.229295822660742,-1.20253295860132,0.229157104552019,0.372137481371144
"YBL030C",502.890387279413,0.286488822545973,0.0635954543286289,4.50486321027829,6.64157105061654e-06,4.13674996866973e-05
"YBL031W",26.6500485206785,-0.665852134089426,0.286523249700815,-2.32390263193197,0.0201307131781599,0.0545739145421641
"YBL032W",177.796439208818,-0.0462812393930542,0.105290001811236,-0.439559678952492,0.660256049427533,0.779117301618101
"YBL033C",197.81014510109,0.29109293018026,0.0995123057058879,2.92519531243297,0.00344240092932668,0.0123302315440245
"YBL034C",29.4100586022487,-0.208151645703985,0.268109961556268,-0.776366698558125,0.43753250146554,0.588152344092099
"YBL035C",26.0241036767944,0.0772364014188272,0.270538690124518,0.285491148727298,0.775267884666295,0.859264299940449
"YBL036C",60.4582932210537,-0.113419649867995,0.185572660052884,-0.611187282844752,0.541075601471627,0.679593089461601
"YBL037W",73.1675352615061,0.442689367427893,0.168401451767809,2.62877405616592,0.00856932757994771,0.0268726631748162
"YBL038W",70.2925169527748,-0.199100304437808,0.172368262340547,-1.15508679924177,0.248054883442906,0.394686183264047
"YBL039C",78.4513410558951,0.849827453762004,0.16029489208557,5.30165024415338,1.14760545228146e-07,8.62682719301237e-07
"YBL039C-A",0,NA,NA,NA,NA,NA
"YBL039W-B",10.3310512081326,-1.39587936154507,0.498107448245771,-2.80236596834892,0.00507292907194829,0.0170590731876899
"YBL040C",113.760915551244,-0.603057429526934,0.135983041192222,-4.43479881196708,9.21583125533224e-06,5.62379200735622e-05
"YBL041W",445.196817871625,-0.12972471047323,0.0681404861200655,-1.90378316709763,0.0569384296810333,0.12855884015839
"YBL042C",75.2963460122838,-0.0219617512887477,0.169853702039612,-0.129298043110217,0.897121819809224,0.93956198923706
"YBL043W",13.6661226933051,-0.671197401962334,0.414661556755977,-1.61866319900334,0.105519749084501,0.208337243507875
"YBL044W",8.36542075727732,-3.35257618888433,0.802042431483955,-4.18004840801419,2.91447047510127e-05,0.000164364695304105
"YBL045C",272.964685766496,0.31221664969897,0.0860559425592321,3.62806612087331,0.000285552138538043,0.00132156707162336
"YBL046W",114.294520997214,-0.339578221671822,0.133832662202038,-2.53733443006002,0.0111700190998142,0.033643097069569
"YBL047C",564.017948124651,0.343968197866077,0.0604377012803618,5.69128525041775,1.2608666375631e-08,1.0379165211815e-07
"YBL048W",2.88044964858316,0.0412116464918722,0.897146350815186,0.0459363697510729,0.963360965892587,0.979946585096208
"YBL049W",12.6160165180412,-1.06348805260718,0.424455711149713,-2.50553361557213,0.0122266775428199,0.0362386570209598
"YBL050W",160.982306877321,-0.722121602254319,0.11638753635591,-6.20445818224118,5.48856648920662e-10,4.96405112228387e-09
"YBL051C",162.669780057721,0.337649443453516,0.117863489327588,2.86475010522605,0.00417338441805776,0.014536714209896
"YBL052C",51.0104906840317,-0.74585392083035,0.220817669948816,-3.37769129165811,0.000730970918144693,0.00307464946407901
"YBL053W",22.2825765592201,-0.292846911054124,0.308574271483118,-0.949032171887168,0.342604249679934,0.495794459572
"YBL054W",20.8589015052041,1.13295216138518,0.332249466236236,3.40994426332541,0.000649761568689658,0.00277929136485522
"YBL055C",85.6069120561267,0.407398616069461,0.149041466714293,2.73345817812186,0.0062673081998088,0.020434204455488
"YBL056W",362.426809709017,0.297950461509547,0.0722981775475871,4.12113377703655,3.7701241349064e-05,0.000209628186287408
"YBL057C",110.877295280805,0.014950423821664,0.133599279886893,0.111904973098068,0.910898753412262,0.948152081361249
"YBL058W",316.047388480094,0.201531113124881,0.0786576518713961,2.56212979068305,0.0104032432719281,0.0317572689353596
"YBL059C-A",19.1060477868562,-0.345401323054697,0.32307928365563,-1.06909152189052,0.285028431520781,0.436201826210209
"YBL059W",18.4465364329035,-0.00321686640138038,0.341080492133033,-0.00943139955399646,0.992474943469859,0.995351319325123
"YBL060W",42.8176120907522,-0.687632114041084,0.224112520215275,-3.06824497524979,0.0021532002491968,0.00818552734541321
"YBL061C",112.194524795796,0.144375390354162,0.130836205512767,1.10348194361287,0.269817928598333,0.41952518626383
"YBL062W",15.6676984494388,-1.08805030525462,0.409711139504316,-2.65565223969986,0.00791551957642556,0.0249710153503804
"YBL063W",33.4051222211523,-0.177276831282857,0.244330392294505,-0.725561931195098,0.46810736580985,0.615509177430611
"YBL064C",157.677356848918,-0.133168255907169,0.112316348880383,-1.18565335531868,0.235759222216284,0.380416460224779
"YBL065W",1.49237099384175,-0.669488875081059,1.29095797777286,-0.518598503288272,0.604040753025265,0.735647397539149
"YBL066C",47.6178485177188,-0.412069963986086,0.207936910675372,-1.98170667558586,0.0475120796389637,0.110390065225112
"YBL067C",99.2575623248534,-0.438223712956845,0.143710282205962,-3.04935531563978,0.00229333068233977,0.0086713137402823
"YBL068W",50.873427159847,0.30571977468049,0.197980945979553,1.54418786700849,0.12254282727018,0.232927165965748
"YBL068W-A",6.28218686438754,0.0697926547315955,0.565533963351808,0.123410191525807,0.901782287095534,0.942636841768843
"YBL069W",45.2507628234924,0.513311205261263,0.209126399495842,2.45455000659287,0.0141061043491495,0.0407209094499191
"YBL070C",2.7268531345448,0.42829155759738,0.839723886509962,0.510038554908131,0.610024451118206,0.74036755230741
"YBL071C",6.76992534325525,-0.376126096568213,0.564146939762424,-0.666716541485821,0.504953210800595,0.646951471874572
"YBL071C-B",0,NA,NA,NA,NA,NA
"YBL071W-A",8.94569963602778,-0.107931315207626,0.484224362629649,-0.222895260001973,0.823617025566255,0.892132108481196
"YBL072C",2116.88722916532,0.571424514176813,0.0340997710681541,16.7574296330238,4.99768040165335e-63,1.44270938352751e-61
"YBL073W",0.539348307258128,1.2625247037682,1.937413326932,0.651654805000992,0.514623884214799,0.656202540541743
"YBL074C",10.0777421288957,-0.279080306578272,0.481135354718837,-0.580045311243774,0.56188406211339,0.698158616486016
"YBL075C",48.041781138366,-0.361381691976693,0.207998160711118,-1.73742734426678,0.0823117681818411,0.171684262106763
"YBL076C",646.634826430906,0.727758557498213,0.0551124896372446,13.2049661027543,8.21366798091675e-40,1.76023081272392e-38
"YBL077W",86.7837454944356,-0.0176523930059609,0.151224675763159,-0.116729580783544,0.907074348437461,0.945666891626258
"YBL078C",57.2039389358624,-0.687880588651372,0.193795877152987,-3.5495109532611,0.00038594740905512,0.00173910158235671
"YBL079W",86.7653649125142,0.08647759761267,0.147399737891554,0.586687594222818,0.557413541133735,0.694104472532495
"YBL080C",44.6610602378246,-0.159047494463518,0.207791706271508,-0.765417914494145,0.444022728760284,0.593469702161209
"YBL081W",65.4699945233771,0.348449356730232,0.186373989216342,1.86962439445213,0.0615359952538465,0.137051177434973
"YBL082C",109.554504173487,0.109151673680095,0.13743939332316,0.794180409567491,0.427090411574231,0.578296333684362
"YBL083C",42.8946345334648,0.0295889036218435,0.21347244249554,0.138607603285664,0.889760234759427,0.934861925236679
"YBL084C",67.4462974570423,-1.08736370967511,0.188511157239501,-5.76816632817985,8.01386931688215e-09,6.6926924466749e-08
"YBL085W",213.976548607695,-0.860941157547428,0.101662397523646,-8.46862929183997,2.48297526530088e-17,3.19052228195775e-16
"YBL086C",134.552394895302,-0.25770507677331,0.125784308535445,-2.04878557408209,0.040483087006512,0.0967614654272849
"YBL087C",918.348934492042,0.976217926398806,0.0478381552535525,20.4066800073005,1.45862373410625e-92,6.06672318882877e-91
"YBL088C",74.0033557317475,0.0320214168619722,0.167423194250302,0.191260338839906,0.848321632465506,0.908690166121134
"YBL089W",48.6120384841148,-0.0857814450118947,0.204014242868738,-0.420467923247331,0.674143657504489,0.788225670934599
"YBL090W",31.8483093567647,-0.486898067436269,0.259388408369097,-1.87710033188313,0.0605043439360309,0.135305434157618
"YBL091C",441.557424138727,0.157439698356698,0.0663558750150973,2.37265650284738,0.0176606794965373,0.0490126495948678
"YBL091C-A",69.4601449318986,-0.121883424981676,0.182108965803124,-0.669288436426809,0.50331150177102,0.645430401924984
"YBL092W",2095.08298901494,0.572385637775753,0.0354627783633301,16.1404623154858,1.32544792029114e-58,3.64325293568722e-57
"YBL093C",104.166342766516,0.133628647343626,0.137324367639212,0.973087658373237,0.330509737335676,0.482670953900703
"YBL094C",6.68385085666272,0.0224009423805092,0.542133293317676,0.0413199902249552,0.967040796783493,0.981478875785076
"YBL095W",44.7671867871411,-0.641015171371168,0.215101900239903,-2.98005350327562,0.00288198041353528,0.0105561298808633
"YBL096C",2.85861656921173,-0.665559318037676,0.918814855569579,-0.724367171474487,0.468840348577541,0.615881577855226
"YBL097W",18.0465060655539,0.614176953664102,0.33816041846201,1.81622957665313,0.0693351628689336,0.150838575243427
"YBL098W",27.2069189112514,-0.222423756287356,0.273610246752881,-0.812921880401082,0.416262848702557,0.568137679079786
"YBL099W",592.240239735514,0.239308935498566,0.0577867360847682,4.14124333216398,3.45428265018074e-05,0.000192574734695261
"YBL100C",18.6907770332817,-0.350707787645295,0.335918628953269,-1.04402601528266,0.296473353522767,0.448792363490236
"YBL100W-C",0,NA,NA,NA,NA,NA
"YBL101C",188.23874380111,1.07873156891679,0.104709784329715,10.3021085930235,6.89334747372972e-25,1.07870650319107e-23
"YBL102W",112.807989107291,-0.159618765425982,0.136437999710543,-1.16989963034212,0.242041362682588,0.387978066652972
"YBL103C",76.6099813184897,0.120702355485863,0.165328165196297,0.730077390882257,0.46534288038828,0.613534450430596
"YBL104C",48.9402881715411,0.0779068204801468,0.204020057757199,0.381858633590146,0.702566224916406,0.809186313339682
"YBL105C",202.322515419229,0.10619489845606,0.0981123785258852,1.08238022614081,0.279083611006892,0.428764663131366
"YBL106C",41.6226972071415,0.16738632720586,0.223374520338789,0.749352822121285,0.453644578307034,0.602508618499384
"YBL107C",48.5391075633928,-0.231215611980004,0.210753104189402,-1.09709231979906,0.272601037228186,0.422455796674736
"YBL107W-A",1.92512615652269,-0.502593223431154,1.14955120025362,-0.437208210752394,0.661960355647403,0.780039770438562
"YBL108C-A",1.99380347951779,-0.530865614798082,1.06768571982796,-0.497211496734848,0.619039914953625,0.746468781078507
"YBL108W",0.580679563118842,1.4198284340113,2.10875607932356,0.673301406422855,0.500755558204267,0.643581345592067
"YBL109W",0.773425816432122,-0.0203520492948486,1.68504066608506,-0.0120780760396327,0.990363323903935,0.994453134326664
"YBL111C",1.95136668414387,-3.71111916335122,3.39551209940505,-1.0929482960763,0.274416501590398,0.424275158487282
"YBL113C",252.959879772039,-0.134942660988064,0.17250346993633,-0.782260559963638,0.434061460350317,0.584854337667243
"YBL113W-A",0,NA,NA,NA,NA,NA
"YBR001C",115.311412107736,-0.154437832214634,0.136955613152206,-1.12764879554808,0.259468270461596,0.407709361780674
"YBR002C",54.8063186108188,0.103084436580459,0.185437102704806,0.555899736767116,0.578279398203543,0.713301246124897
"YBR003W",104.921076662553,-0.222327367182732,0.145805558980606,-1.52482092409319,0.127303769459709,0.240314849365268
"YBR004C",61.8779887797353,-0.404403130171399,0.187048819762815,-2.16201914924776,0.0306167002016931,0.0772073309434
"YBR005W",130.259014777893,0.371560768429982,0.123314840679611,3.01310666568794,0.00258588010949967,0.00959949151629885
"YBR006W",81.0495012808413,-0.373336317691928,0.163749427555574,-2.27992441417986,0.0226121717956416,0.060115285993291
"YBR007C",63.1422298100149,-0.858496224173177,0.186687496832298,-4.59857375957196,4.25393107880022e-06,2.71924694440597e-05
"YBR008C",51.3256682749944,-0.679581965632156,0.211502452512178,-3.21311624314629,0.00131303135661431,0.00522074480284004
"YBR009C",624.32181430946,-0.0813009291274828,0.0585629545976479,-1.38826549456144,0.165056215229758,0.29223818919408
"YBR010W",564.781506732892,-0.702253697616515,0.0635462199744201,-11.0510695663597,2.16618534693109e-28,3.64218717108999e-27
"YBR011C",1357.15831875703,-0.0933255521927551,0.0388871887184723,-2.39990483417032,0.0163993347240951,0.0462222889548503
"YBR012C",4.31543351724435,0.290091974521121,0.681953165269834,0.425384013587411,0.67055675792895,0.785070661243856
"YBR013C",7.78722409139935,-1.03052364107922,0.560692321367463,-1.83794855361297,0.0660699865300529,0.145286066804172
"YBR014C",68.6286915578571,-1.12225416626892,0.184547255636406,-6.08112086196494,1.19345285686181e-09,1.06118269494801e-08
"YBR015C",247.802618369099,0.148294576794254,0.0918886428974365,1.61385098438962,0.106559752613709,0.210128121030526
"YBR016W",203.035004911629,0.12285697297073,0.0974280995070757,1.26100143174616,0.207308331308108,0.345441030714249
"YBR017C",124.837974015148,0.441856023547226,0.125004281240603,3.53472712423953,0.000408196460637562,0.00182892843667659
"YBR018C",10.5682357170225,-0.829364569113595,0.474191715361142,-1.7490068726358,0.0802898314353144,0.16841151769544
"YBR019C",16.5811715970762,-0.691382273747415,0.380347078375822,-1.81776675319761,0.0690997901470527,0.150533726157707
"YBR020W",20.0834779067683,-0.287871045621024,0.324917623172056,-0.885981630699623,0.37562742586693,0.528184294112708
"YBR021W",25.7370314508355,0.316803774370598,0.28214802317868,1.12282826156812,0.261510439992193,0.41024044705475
"YBR022W",24.5259832281259,0.282387063537343,0.28520643591808,0.990114625668733,0.3221180953858,0.474653476713743
"YBR023C",201.3521068306,-0.370840306957956,0.103500675497803,-3.58297475039985,0.000339703455262691,0.00154949873316792
"YBR024W",40.0596976593672,-0.201117397552398,0.232574744761835,-0.864743064679482,0.387179827109573,0.5402231001957
"YBR025C",614.251639303889,0.801397479142453,0.0571200507264958,14.0300554525018,1.02071733312796e-44,2.38999073334628e-43
"YBR026C",103.609164157104,0.0505654145018689,0.13776884131642,0.367030846878743,0.713596008806141,0.816978262888885
"YBR027C",1.75249918124368,-0.184128124618005,1.08128852119591,-0.170285840465927,0.864785346301927,0.919934874528148
"YBR028C",57.3873316430333,0.277828095226676,0.189683529706174,1.46469277357418,0.143004757417551,0.260916616563855
"YBR029C",101.926336846748,0.0786455099662649,0.141807564804123,0.554593191660098,0.579172946949758,0.713301246124897
"YBR030W",40.0442283813705,0.500116810708818,0.237356203671031,2.10703071153753,0.0351149175386619,0.0863799644667006
"YBR031W",3307.26373525583,1.14677458862789,0.02644753096897,43.3603647150791,0,0
"YBR032W",10.7353482550279,-1.4529035165875,0.495108767789908,-2.93451381011297,0.00334070686738441,0.0120204603389893
"YBR033W",32.9389838872212,-0.506642464725564,0.253138172139174,-2.00144632650272,0.0453443124846211,0.106290969049972
"YBR034C",125.65670446997,0.810965656232031,0.122962331601171,6.59523648967883,4.24578523502838e-11,4.16798979128097e-10
"YBR035C",159.300192478476,-0.13947369323478,0.110630634389525,-1.26071493672992,0.207411570454816,0.345521989042252
"YBR036C",400.97263323692,0.284756271938062,0.070052712817269,4.06488571942736,4.80560029080183e-05,0.000261679629960802
"YBR037C",67.7128967506251,0.0692666982232122,0.176565204483961,0.392300954345193,0.694835858575815,0.803934938286025
"YBR038W",75.7566992473051,0.288267389109102,0.159262344155509,1.81001598738009,0.0702933079484469,0.15245087233279
"YBR039W",218.059109721521,0.0118290463945208,0.0951112421534618,0.124370643540062,0.901021815916522,0.941997671609765
"YBR040W",0.268157770477664,1.36082767426202,2.56589596880015,0.530351850117434,0.595868003382428,NA
"YBR041W",139.178502953782,0.317151507253095,0.122673249598797,2.58533550134475,0.00972842822931635,0.0300015235442624
"YBR042C",60.9854558527705,-0.100437020301033,0.180950222388791,-0.555053312314994,0.578858195597528,0.713301246124897
"YBR043C",104.78139264867,-0.559593563958264,0.140939285372883,-3.97045836068878,7.17344927831899e-05,0.000376665667255255
"YBR044C",71.4533929603157,-0.0123653800230669,0.166444382202348,-0.0742913630334135,0.940778549342225,0.967691951574394
"YBR045C",11.4453887773332,-0.0251851812193455,0.422307002941369,-0.059637138489134,0.952444638758585,0.973541633990586
"YBR046C",102.887194667681,-0.10554084186629,0.148430290477129,-0.711046522424964,0.477055407258744,0.622229066368843
"YBR047W",9.20071241276937,0.551664729040738,0.482127830405802,1.14422917377826,0.252528607237302,0.399421029510689
"YBR048W",1235.29528302833,1.16560786496635,0.0407468833511122,28.6060618409121,5.64799938282711e-180,4.20078259979212e-178
"YBR049C",73.9500484315415,-0.00670550203829746,0.167947565391212,-0.0399261639945649,0.968151991878741,0.981976077756682
"YBR050C",40.9922141217324,0.808177300862201,0.240711845957458,3.35744714867516,0.000786657809840585,0.0032740294100146
"YBR051W",3.51483294764072,-0.0772532914235957,0.785916829430977,-0.0982970316076944,0.921696435202366,0.954770582229945
"YBR052C",295.18323387502,-0.254905463917572,0.0840781611252055,-3.03176782777132,0.0024312612718049,0.00911650875465633
"YBR053C",111.091155535467,0.184783034989573,0.131125807287652,1.40920417431034,0.158774803802184,0.283514748452974
"YBR054W",59.6714002025296,2.52214301607041,0.203786054467516,12.3764259662452,3.50611417445225e-35,6.88374341953016e-34
"YBR055C",56.2874594013913,-0.842261253609615,0.202973809970076,-4.14960557588089,3.33048652091214e-05,0.000186495445395983
"YBR056C-B",26.5273919200809,2.99726231673319,0.343829549645551,8.71729122707174,2.84936557259281e-18,3.70652040122052e-17
"YBR056W",174.203676707272,0.317126540205418,0.108283765894911,2.92866190591475,0.00340424486978109,0.01221432239884
"YBR056W-A",20.1750818243615,2.13576012345559,0.364878773831714,5.85334164831583,4.81792974710923e-09,4.07205238786424e-08
"YBR057C",99.0889231131294,-0.437009235658742,0.14565360533375,-3.00033243020234,0.00269685097158607,0.00995300165929196
"YBR058C",89.3225459940143,-0.0704612449432346,0.151849942504287,-0.464018910914276,0.642634196865152,0.765975375675244
"YBR058C-A",59.1900455029335,0.15670580541749,0.183772691869745,0.852715405227673,0.393817145777485,0.546251704130885
"YBR059C",301.202675878191,0.00884402726598878,0.0834694449179711,0.105955266321469,0.915617844625582,0.950186476316961
"YBR060C",52.6138699673232,-0.00448579797553387,0.190900943517079,-0.0234980398362073,0.98125300203853,0.990101576095308
"YBR061C",23.6564846583515,0.117804272160003,0.289969008821039,0.406265044112725,0.684547866689435,0.795681487996066
"YBR062C",53.0131031002727,-0.225026558243666,0.194161166224728,-1.1589678956873,0.246469271492631,0.39298328735849
"YBR063C",18.5053236510191,-0.467431380559419,0.341146396182685,-1.3701782747519,0.170631258301566,0.299397950314321
"YBR064W",0.165200267417077,-0.102044014609288,3.35691451348283,-0.0303981570574512,0.975749514633062,NA
"YBR065C",9.2513519955007,0.240670749604989,0.474355232646659,0.507363960680205,0.611899467919237,0.741362291334882
"YBR066C",26.0083916850307,-0.714395294570125,0.288134922127906,-2.47937767936716,0.0131611863862854,0.0384496397107655
"YBR067C",467.085801632351,2.8477602865692,0.0772367295597254,36.8705446592879,1.37067359615521e-297,1.84370180316878e-295
"YBR068C",521.710714759952,0.842362236583515,0.0626719548477553,13.4408163688177,3.48569777806647e-41,7.5988211561849e-40
"YBR069C",187.136882519406,1.02628951533523,0.101650336947879,10.096272635687,5.73818815828689e-24,8.78373499677717e-23
"YBR070C",48.3178858112766,-1.6229716748113,0.234785102038259,-6.91258372325018,4.75904947909859e-12,4.9161292168074e-11
"YBR071W",73.3368208709768,-0.545336707516195,0.173870946879124,-3.13644526187182,0.00171009356081667,0.00664079329943674
"YBR072C-A",0.150105129549528,-0.0395826487204733,3.4750590361838,-0.0113904967680612,0.990911895009613,NA
"YBR072W",22.7761589100372,0.111398765543169,0.304475609984099,0.365870900296372,0.714461411301106,0.817376952994135
"YBR073W",121.968875520298,-0.389658462363696,0.137597961920068,-2.83186216515368,0.00462777927638489,0.0157985605920931
"YBR074W",89.1843290795615,0.110068857225629,0.151796697989455,0.725107058872094,0.468386354250393,0.615621316334923
"YBR076C-A",11.0985708065003,-1.28781974689067,0.469304815388903,-2.74410085867855,0.00606768923655302,0.0198756121002529
"YBR076W",9.96091054260175,-0.861381449156744,0.476895567044752,-1.80622658016008,0.07088295467925,0.153413912866217
"YBR077C",65.602500574454,-0.755028907067022,0.185624577810216,-4.0675050468746,4.75191797184775e-05,0.000259342267776025
"YBR078W",1343.38726917206,0.666538546421658,0.0385061750009839,17.3099131867714,3.96011569264714e-67,1.22724761808408e-65
"YBR079C",417.424333404027,0.516769316142842,0.0692568366751309,7.46163614961072,8.54545969134873e-14,9.68179142808364e-13
"YBR080C",161.777853580829,0.216342216027114,0.111794424602966,1.9351789393384,0.0529683412323216,0.121240352378978
"YBR081C",86.5483573590427,-0.265513974790141,0.154336397379251,-1.72035877018492,0.0853672466249939,0.176716350086186
"YBR082C",492.408984019921,0.138551144849587,0.0672741252724343,2.05950124640801,0.0394462457387059,0.0946769800911535
"YBR083W",77.3545092794284,-0.0390299031394278,0.170069442206581,-0.229493921030321,0.818485044879306,0.889235685466055
"YBR084C-A",1132.69055620727,0.516770613763175,0.0448466030809513,11.5230714984225,1.00947199992639e-30,1.80789857890499e-29
"YBR084W",224.077461706496,0.314023343690322,0.0934669370599394,3.35972648262713,0.000780196728289588,0.00325571202392526
"YBR085C-A",137.906153285666,0.191960079476393,0.122178288061771,1.57114723509092,0.116148452982995,0.223732638561393
"YBR085W",22.3279558376466,1.37228780494558,0.318247806528835,4.31201025362366,1.61776929618814e-05,9.4963207896949e-05
"YBR086C",407.542009116163,0.179226200649276,0.0703197892348173,2.54873062902378,0.0108115773504439,0.0328767638333363
"YBR087W",51.5629425974467,-0.249417141825559,0.198338871897232,-1.25753030376614,0.208561672935107,0.347072096945445
"YBR088C",61.5877072346517,0.191640851433889,0.180715294962026,1.06045728710544,0.288936611887825,0.440742682872394
"YBR089C-A",136.967839966732,-0.154055338037155,0.120938427021733,-1.27383282411529,0.20272266959732,0.339500057534903
"YBR089W",15.6732522885933,-0.366933821190741,0.392716459427836,-0.934347956093669,0.350124434412384,0.503408386253148
"YBR090C",25.841475160692,-0.79765794029481,0.292262618278243,-2.72925064790673,0.00634784353666417,0.0206435529006126
"YBR091C",18.3910633960116,-0.259226685256181,0.347858960397107,-0.745206289814281,0.45614702106973,0.605196530367855
"YBR092C",157.2877349907,2.88627441090247,0.133179078792172,21.6721307661735,3.75950507209692e-104,1.73486066173699e-102
"YBR093C",177.899968788469,2.23144465888382,0.112616125045133,19.8146105452441,2.22724557553519e-87,8.8004040803334e-86
"YBR094W",51.3740678036413,0.386116537204961,0.19337084909978,1.99676703599581,0.0458504960575706,0.107238933065468
"YBR095C",50.3533110625254,0.0143601606476158,0.196072296659509,0.0732391107375718,0.941615844072831,0.967699612626946
"YBR096W",78.1622214467266,-0.255071614734926,0.168977262732774,-1.50950258401513,0.131170395448594,0.245415578581241
"YBR097W",39.8522083270027,0.439427970282902,0.22081807947761,1.98999996432564,0.0465909394302326,0.108689269032447
"YBR098W",29.393301863478,-0.652145507792488,0.271931103743523,-2.39820123117498,0.0164758111237444,0.0463345542367936
"YBR099C",0,NA,NA,NA,NA,NA
"YBR101C",86.0812568401261,-0.204339739409578,0.151626227843168,-1.34765430965501,0.177769594022799,0.308329046203604
"YBR102C",51.7822970343271,-0.172142155450602,0.200273963049118,-0.859533375331387,0.390046314658611,0.54302417997616
"YBR103C-A",0,NA,NA,NA,NA,NA
"YBR103W",76.9654306669754,-0.175972482565537,0.167598759327312,-1.04996291900867,0.293735161599014,0.446071028496029
"YBR104W",44.1916464786176,0.746608195361551,0.217246105282484,3.43669311995601,0.000588862385919389,0.00254636662365416
"YBR105C",113.640573540208,-0.544388533792439,0.136848581379166,-3.97803563841194,6.94869585741812e-05,0.000367304809453155
"YBR106W",812.323756570249,0.485637097569149,0.0482132532299668,10.0726888362576,7.29557953939865e-24,1.11138924935128e-22
"YBR107C",30.9048879958623,-0.0872673771307085,0.251729249917975,-0.346671581308665,0.728838062534716,0.827534883502958
"YBR108W",136.535918592247,0.524493920223018,0.12329332503009,4.25403338011213,2.09953982600469e-05,0.000120776076251152
"YBR109C",265.401794231111,0.0662130658098257,0.088129120708027,0.751318806744828,0.452460813516274,0.601568299274424
"YBR109W-A",0.761696205483403,1.98214084105716,1.81712667431383,1.09081049168223,0.275356278931298,0.425208206009689
"YBR110W",95.9646801331285,-0.162685234266862,0.14317263238513,-1.13628723280887,0.255836372291613,0.403743770750768
"YBR111C",217.877680461057,-0.357153463870616,0.0981416452503364,-3.63916320089806,0.000273525419018923,0.00127149095517473
"YBR111W-A",23.9440943564791,-1.08525081287106,0.315949516505317,-3.4348867656925,0.000592801475889703,0.00256164793614129
"YBR112C",326.42502944256,0.584855484536319,0.0790416426124845,7.3993336323193,1.36869579343103e-13,1.52878000107261e-12
"YBR113W",7.72940420585164,1.12332245715918,0.521197992387283,2.15527011532401,0.0311407029452527,0.0782478235373162
"YBR114W",80.4413573066568,-0.0571669335032019,0.157099483336546,-0.363890015989016,0.715940140391473,0.81832825303831
"YBR115C",184.680177724062,1.07786147179604,0.102815535700159,10.4834494559208,1.02919942457762e-25,1.64308049549992e-24
"YBR116C",1.76064492106532,0.841898955053792,1.0892809667223,0.772894212580528,0.439584990115717,0.589532521746195
"YBR117C",19.8055559828077,-0.00308421711749647,0.310593649475466,-0.00993007140585497,0.992077079546148,0.995351319325123
"YBR118W",15696.9486195914,1.10792056040943,0.0141626767412361,78.2281895330989,0,0
"YBR119W",33.3651561156098,-0.418361897814779,0.251979604430352,-1.6603006372701,0.0968539876009358,0.194941391153491
"YBR120C",18.2435109900846,-0.411187746221628,0.333266217667349,-1.23381166293926,0.217273092434329,0.357854348718674
"YBR121C",618.846587295704,0.593338149581833,0.0577179493403509,10.2799589445398,8.67645528611628e-25,1.35438395848956e-23
"YBR121C-A",0,NA,NA,NA,NA,NA
"YBR122C",52.6271485649958,-0.0119134845772326,0.194692609498199,-0.0611912522408448,0.951206896379522,0.972515689804816
"YBR123C",70.8757087746233,-0.385528776524155,0.177156981911467,-2.17619860286861,0.0295404133512556,0.074881512913648
"YBR124W",1.84860959831858,-1.17142302076473,1.16751216000861,-1.00334973877796,0.315692145512714,0.469270102029479
"YBR125C",74.6304529904261,-0.147572556136621,0.172868871914535,-0.85366760656354,0.393289187498296,0.545975898850291
"YBR126C",1223.22660866205,0.821170162365687,0.0424898600494172,19.3262618754366,3.22988902964458e-83,1.20113873208312e-81
"YBR126W-A",266.170668012319,0.891815270322741,0.0881516168958934,10.1168339473112,4.65221326794221e-24,7.13866317474045e-23
"YBR126W-B",76.9597458624895,0.518278281785049,0.165188583025582,3.13749456707179,0.00170398432044164,0.00662113636990293
"YBR127C",671.088019219792,0.576824769138413,0.0546522411872536,10.5544577241042,4.84428650965164e-26,7.77298967360855e-25
"YBR128C",15.2348629551224,-0.781541399180581,0.39812339165206,-1.96306325015841,0.0496388250681974,0.114699068743108
"YBR129C",54.2455158086378,-0.68843319201218,0.198720694778622,-3.46432560926332,0.000531562670776916,0.00232402434623213
"YBR130C",70.1400076418601,-0.518629915348631,0.176785519700987,-2.93366739666143,0.00334982963289273,0.0120382578832664
"YBR131C-A",0,NA,NA,NA,NA,NA
"YBR131W",17.1211153185549,-0.264404641355495,0.363397478662644,-0.727590742590022,0.466864149174577,0.614770912535237
"YBR132C",85.0680125877606,-0.343587648192718,0.155065112980054,-2.21576369816281,0.0267076898553327,0.0690576749551794
"YBR133C",78.0321146299408,-0.0261864572844318,0.163223830901215,-0.160432806532278,0.872540148432818,0.924141199261564
"YBR134W",0.582236642333395,-0.776040148665742,1.76126607829573,-0.440614940711666,0.659491784633704,0.778582084491928
"YBR135W",57.8304560590111,0.18105459872701,0.186186959483698,0.972434370425725,0.330834499997383,0.48303365103544
"YBR136W",43.1658093793112,-0.0466830736065621,0.225412702280699,-0.207100456780954,0.835931405371372,0.900759901952925
"YBR137W",30.2763620244713,-0.404969686051372,0.258443672427177,-1.56695531466526,0.117125136835424,0.224996996376041
"YBR138C",30.7751544562963,-0.404536148793579,0.265422661861124,-1.52412060807846,0.127478585600725,0.240357774580311
"YBR139W",243.678727711464,0.0906487179389559,0.0913907449819607,0.99188072005375,0.321255715154845,0.474183442656139
"YBR140C",151.300999518642,0.336253022642846,0.113283877597997,2.96823369549622,0.00299516514439989,0.0109200888367336
"YBR141C",15.2084871701978,-0.333490472589434,0.366504074194784,-0.909922961489908,0.362863139475498,0.515626155937087
"YBR141W-A",0.151316176652299,-0.0475147251072149,3.46423497159804,-0.0137157916529249,0.989056724715539,NA
"YBR142W",39.5891857310759,0.638697621377104,0.220873006652741,2.89169614275805,0.00383168332376408,0.0135253500685854
"YBR143C",342.990270100147,0.451768543521615,0.0744744954428226,6.06608397727862,1.3106661808242e-09,1.15726698256573e-08
"YBR144C",0.316278573300209,-1.07630612148556,2.19382064343248,-0.490608074414668,0.62370367445836,NA
"YBR145W",307.233155182155,1.0856573969607,0.081862509791842,13.2619608135798,3.84703660857735e-40,8.3006707984389e-39
"YBR146W",90.8148998175319,0.450323672767781,0.149367907328941,3.0148623008828,0.00257095948489259,0.00956657202088932
"YBR147W",33.519051756557,-0.213014127774512,0.24843800315944,-0.857413620563544,0.391216334411198,0.544293500472622
"YBR148W",9.398409883631,-0.95536758901279,0.480788118693357,-1.98708651871266,0.0469128099331122,0.109359433774755
"YBR149W",444.057294917179,0.408237351852326,0.0672927381839856,6.06658850374257,1.30655741709363e-09,1.1552525861351e-08
"YBR150C",79.7665329170314,-0.383906567958266,0.158447606502451,-2.42292437501938,0.015396131393366,0.0437851294056949
"YBR151W",184.160764190726,0.34595881464532,0.105245292915866,3.28716662817293,0.00101200933213866,0.00411706756613937
"YBR152W",15.7917938220983,-0.613655089736752,0.371356704102962,-1.65246805283637,0.0984391725360486,0.197377877822042
"YBR153W",41.1937565262679,0.294592107789522,0.219489842274085,1.34216738568545,0.17954172873032,0.310763498774367
"YBR154C",59.6642410834555,-0.170800284847831,0.200374091748211,-0.852407032055111,0.393988218540262,0.546346461419508
"YBR155W",46.2137654978515,-0.0423455737640536,0.210843538836908,-0.20083884949782,0.840824584293596,0.903414857563581
"YBR156C",27.562311562397,-1.1563176393076,0.290673844088499,-3.97805878590008,6.94801958865701e-05,0.000367304809453155
"YBR157C",36.2562703646028,0.118735984131883,0.23757621031114,0.499780613456125,0.617229562714091,0.745534064860237
"YBR158W",169.320998391351,0.31481292763472,0.105789430977957,2.97584479587867,0.00292182691997602,0.0106711668330956
"YBR159W",230.154472596351,-0.148070735572445,0.0940771869118865,-1.57392817996492,0.115504054219252,0.222876233614394
"YBR160W",89.9867615138936,-0.352975392373755,0.150849337229757,-2.33992007426682,0.0192878670940932,0.0527185022779322
"YBR161W",40.2646574826198,-0.0490973106390026,0.221710949202614,-0.221447388212363,0.82474409772766,0.892813730451073
"YBR162C",1137.81755088078,0.0156205904701497,0.0416256221455424,0.375263831866174,0.707464261916214,0.812607024679198
"YBR162W-A",82.8743822293312,-0.302475382842615,0.159887839511193,-1.89179729845209,0.058517993396181,0.131655072687066
"YBR163W",56.8129319958701,-0.181678761136637,0.186962694934234,-0.97173803148561,0.331180891407889,0.483115801243083
"YBR164C",93.599345238007,0.003020356526257,0.147998717376707,0.0204079912298779,0.983717909099297,0.991070081186596
"YBR165W",37.2008885314468,-0.829131368574774,0.241533990037562,-3.43277303722691,0.000597441991451637,0.00257817629348618
"YBR166C",59.0035309815373,-0.126266860140243,0.185879270398683,-0.679295006212471,0.49695095995271,0.640645181244093
"YBR167C",28.3768186521338,-0.575450218677111,0.267680360903712,-2.14976629863446,0.0315737052244114,0.0789313762084137
"YBR168W",31.5995906163022,-1.06253666258106,0.268727669843886,-3.95395332084087,7.68704127333146e-05,0.000400638705111307
"YBR169C",113.252929561799,0.394088221382231,0.130569692180943,3.01822126405954,0.00254263184736135,0.00947231499058245
"YBR170C",103.641601996549,0.021753285247347,0.139092606607982,0.156394259751393,0.875722261557271,0.926228313947374
"YBR171W",79.8423129529317,-0.78030637718017,0.170283629745924,-4.58239220261188,4.59686690055289e-06,2.93549419649448e-05
"YBR172C",87.4476132703872,0.00276470584602377,0.158033521259089,0.0174944266507304,0.986042179055646,0.991742920302025
"YBR173C",186.893571917716,0.160993166554475,0.107992672658772,1.4907786110931,0.136019629106611,0.25210087810378
"YBR174C",2.38897986166131,0.166305274543167,0.959751104399438,0.173279586531168,0.86243166855748,0.918358263200335
"YBR175W",56.9285639579738,0.114747336103693,0.196320699510404,0.584489238220201,0.558891203605046,0.695439355695032
"YBR176W",24.9947104989262,0.328941962193108,0.287753115651253,1.14313953282012,0.252980662862729,0.399935921634951
"YBR177C",197.335227154337,-0.454693974229038,0.103457443361021,-4.39498560429681,1.1078009491772e-05,6.67001676256974e-05
"YBR178W",2.50791621030694,0.356406085734282,0.905318865935784,0.393680170760478,0.693817183016697,0.803459968196043
"YBR179C",56.8577973441577,-0.130125265659545,0.188192669349694,-0.691447047906795,0.489284646470901,0.634407905362696
"YBR180W",3.43530613121734,-0.382833261608718,0.790069545450497,-0.484556408753139,0.627991041550679,0.753493901059669
"YBR181C",1286.24789304974,0.81716607080796,0.0455594557011067,17.9362562223962,6.14588621635714e-72,2.02366107603176e-70
"YBR182C",9.65728340152444,-0.268160328232768,0.4500951312034,-0.595785889786897,0.551318271157296,0.688689337050115
"YBR182C-A",0.474169142552678,-1.66112051708613,1.92590105975225,-0.862516020059627,0.388403621300813,0.541333265842975
"YBR183W",84.9348032593253,-0.797919829675041,0.163023688493077,-4.89450236987446,9.85547892334167e-07,6.75041579126393e-06
"YBR184W",4.61504803478701,-2.37852411946624,0.871345806997126,-2.72971316366716,0.00633894529580586,0.0206252249923236
"YBR185C",42.1226967687379,0.056435722948198,0.221529515732905,0.254754869848774,0.798912433996035,0.875342185047302
"YBR186W",8.27605065790076,-0.114183308630887,0.508700880963023,-0.224460607213273,0.822398915780862,0.891496218375619
"YBR187W",182.056864447325,0.280277774724943,0.103058359380747,2.71960252820892,0.00653604288525522,0.0211036073138833
"YBR188C",22.3354862445815,-0.348935477880472,0.299293139610986,-1.1658652728693,0.243668921500316,0.389697678149507
"YBR189W",1620.74144617291,0.823623034741788,0.0349079153943358,23.5941626830982,4.42438389883984e-123,2.35050042087945e-121
"YBR190W",3.71133768829396,-0.0552809107599174,0.728880954588164,-0.0758435385256465,0.93954357712122,0.967078230960657
"YBR191W",1661.89823809728,0.695722028514029,0.0351375569249256,19.7999545045348,2.97962722458324e-87,1.17001262818728e-85
"YBR191W-A",1.65599836471803,-1.61268294219508,1.28662132786985,-1.25342469245793,0.210051189817977,0.348907940627759
"YBR192W",39.2973469248839,-0.299901548507933,0.226973197385631,-1.32130820714657,0.186398618552416,0.31923464675609
"YBR193C",44.9585348515759,-0.107779014732334,0.222096458931268,-0.485280203254786,0.627477596372025,0.753306753563225
"YBR194W",11.1185202796028,-0.690317594855273,0.449624213442385,-1.53532121762328,0.124704944824369,0.236043311730438
"YBR195C",27.8238578125324,-0.0769762155133229,0.265638811315384,-0.289777744193907,0.771986275249095,0.85731220060932
"YBR196C",2669.45483359565,1.35715152199587,0.0293147020298052,46.295934395513,0,0
"YBR196C-A",0.53391060668054,-1.84460181595498,1.76520871566541,-1.04497660791327,0.29603378097709,0.44855133676338
"YBR196C-B",1.57694211380074,0.0733072838481248,1.10807074179216,0.0661575846047153,0.947252365337332,0.970902959413523
"YBR197C",33.9107669218926,0.437601107248166,0.242399992213534,1.80528515389834,0.0710300715971101,0.153627133984581
"YBR198C",194.08332780269,0.0844260395847234,0.100610956409019,0.839133655001763,0.401394312166581,0.553822531976675
"YBR199W",333.815560256315,-0.307284903562346,0.0780613012832091,-3.93645632997464,8.26936600358559e-05,0.000427814499792701
"YBR200W",69.0921680051966,-0.0886739908642633,0.169138383678721,-0.52426887933788,0.60009153906028,0.731824596824671
"YBR200W-A",0.471334138726245,2.10886593439992,2.19784223243925,0.959516521829425,0.337298600493535,0.49032001662914
"YBR201C-A",14.761027548657,-0.605126987797729,0.385260075513003,-1.57069737109914,0.116252960135611,0.22386573681917
"YBR201W",45.3415741078223,0.0454000862945732,0.214539447689822,0.211616496562497,0.832406238395375,0.898186079388216
"YBR202W",122.586522578909,-0.363655116320378,0.130198303916402,-2.79308643339834,0.00522077399491868,0.0174845533791508
"YBR203W",116.3775631496,-0.671956753626421,0.139229664843601,-4.82624700979665,1.39129933373917e-06,9.31757880074049e-06
"YBR204C",65.3296094364011,-0.290881115797319,0.184591102656809,-1.57581330633321,0.115068834905216,0.222398402406229
"YBR205W",148.361793502865,0.170458670665539,0.114454067017055,1.48931947206505,0.136403262547777,0.252441869387309
"YBR206W",42.540635171622,-0.341788288675013,0.217393428316307,-1.57221076700493,0.115901679234675,0.223384947929391
"YBR207W",162.066682954594,-0.585814583439764,0.112636400041858,-5.20093489513215,1.9828855793506e-07,1.46446292437553e-06
"YBR208C",131.895732339307,0.22426284054774,0.125717866057297,1.78385815462004,0.074446716980287,0.159111610801006
"YBR209W",2.96284143774539,-2.85751216151759,1.15110150905851,-2.48241544210534,0.013049503516082,0.0382648243175651
"YBR210W",28.1867894802732,-0.661457797775147,0.276522774474057,-2.39205540676797,0.016754312901221,0.0469871676280944
"YBR211C",54.275701495802,-0.218319110293077,0.196409263381912,-1.11155200388161,0.266330818681249,0.415636493631908
"YBR212W",351.987809345754,-0.649765785854603,0.0763402584862357,-8.51144335556261,1.71781445759796e-17,2.21181731179925e-16
"YBR213W",20.8383806855144,-0.642935119884748,0.333206888249909,-1.9295373011693,0.05366419398693,0.122566847682576
"YBR214W",385.013812091102,0.197521498393449,0.0723192648280949,2.73124317376516,0.00630958969440534,0.0205402811781826
"YBR215W",50.2531761371209,-0.739328179457744,0.208048224068685,-3.55363850264668,0.000379941075481708,0.00171523312301552
"YBR216C",47.7050192305684,0.0118851990991453,0.205728610102437,0.0577712506453399,0.953930838580673,0.974588035149808
"YBR217W",16.8911499711415,-0.453307240689474,0.354437072018609,-1.27894985168389,0.200914715943832,0.33713613733407
"YBR218C",554.322887924839,1.21077730234528,0.0626154913187718,19.3367052920065,2.63800689853759e-83,9.86833113168915e-82
"YBR219C",12.6431144651231,-0.0435068669951541,0.39136444960136,-0.111167141112254,0.911483807684579,0.948387200819933
"YBR220C",86.5004431504996,0.106987427410257,0.148980186107875,0.718131922138884,0.472675948989623,0.61907133820435
"YBR221C",510.806172369145,0.243734363739445,0.062178671317565,3.9199030563812,8.85845949017382e-05,0.000455680886060853
"YBR221W-A",0.488275748354676,2.11678342030488,2.05596698734665,1.02958045208533,0.303206995471267,0.456017106195606
"YBR222C",240.460835985547,0.551898248331353,0.0966622451300705,5.70955337928174,1.13273027194427e-08,9.37319473721424e-08
"YBR223C",47.7083154476224,-0.0327519434215525,0.203457516855624,-0.16097681682016,0.872111659986187,0.923842143839255
"YBR223W-A",2.82807990486148,0.374600105502239,0.861895907298553,0.434623371952596,0.663835827494333,0.780504017373847
"YBR224W",1.33074035603213,0.409683499661515,1.17750659387538,0.347924590649784,0.727896817014751,0.827209001827657
"YBR225W",61.9219557146361,-0.783571638912193,0.194963971306767,-4.01905866843099,5.84311212547927e-05,0.000313052159807457
"YBR226C",7.83315618503462,-1.60894239171204,0.597740640822651,-2.69170653930725,0.00710874661593284,0.0227731295427896
"YBR227C",78.0867474363957,-0.47473542497942,0.163158902103961,-2.90965076902105,0.00361832819046047,0.012880107443745
"YBR228W",40.3383024172129,-0.372557650502245,0.226518178227504,-1.64471413913662,0.100028775631098,0.199804713914629
"YBR229C",119.110476583668,0.200862190936244,0.129509849558397,1.55094142739834,0.120915721296169,0.230458001216273
"YBR230C",213.93797999567,-0.687756057426092,0.101933921120298,-6.747077419051,1.50852793958061e-11,1.50187616283915e-10
"YBR230W-A",65.6599513737699,-0.923789018169728,0.18826555214161,-4.9068404052743,9.25552847970796e-07,6.36015772268627e-06
"YBR231C",68.6038684272712,-0.505386419765234,0.182240132308838,-2.77318949104342,0.00555097870898573,0.0183927082799831
"YBR232C",5.8449436864074,-0.242407565372255,0.577373012188327,-0.419845680790475,0.674598191443325,0.788611273355159
"YBR233W",43.7057533272737,-0.45447570559716,0.216776874680261,-2.09651378297384,0.03603663855194,0.0882695191496957
"YBR233W-A",14.7003797870386,-0.462263484737568,0.386734427645763,-1.195299543285,0.231970018163009,0.375259584141899
"YBR234C",310.146414414834,0.0639689524508686,0.0807040917552048,0.792635801477105,0.427990043666646,0.579266336129423
"YBR235W",107.134205078663,-0.00588932155862161,0.134667666251218,-0.0437322612217491,0.96511782307234,0.980156606821419
"YBR236C",71.3692693379368,0.0166757223314627,0.165906021139886,0.100513062858655,0.919937012695235,0.953885811753203
"YBR237W",65.3808178382552,-0.517550639211589,0.178542651365716,-2.89875072008127,0.00374652632923471,0.0132766476756849
"YBR238C",36.1714429895169,0.969427273411971,0.228676589715496,4.23929390681428,2.24223938082703e-05,0.000128168511442934
"YBR239C",29.8587444952979,0.33006100772554,0.260510410778938,1.26697818616401,0.205163089880974,0.342769834626722
"YBR240C",12.5459793125846,-0.380320231729739,0.419339010362397,-0.906951708120507,0.364432335279121,0.516926458073728
"YBR241C",124.406071275814,-0.764221211543316,0.133673179217043,-5.7170871226341,1.08365564598942e-08,8.97886106676951e-08
"YBR242W",40.378412705814,0.00849400337949906,0.225727304126666,0.0376294902043959,0.969983094784381,0.983360026495647
"YBR243C",88.2150096910341,-0.106158839558305,0.155060849173926,-0.684626971436422,0.493579342792688,0.637860144066177
"YBR244W",33.12963199612,2.65243894906957,0.275003524766993,9.64510891748369,5.15564346099029e-22,7.44154747953895e-21
"YBR245C",115.181055557813,-0.0333107846780644,0.134348456230181,-0.247943189023271,0.804178362983406,0.879739680010571
"YBR246W",95.0013346147764,-0.0293382849787107,0.14432362017382,-0.203281243523246,0.838915214963248,0.902897853080976
"YBR247C",23.9025774460961,1.49339962662611,0.295107117086152,5.06053409138938,4.18083694637317e-07,2.97314411416998e-06
"YBR248C",176.318329850301,1.17219063717533,0.104649628445248,11.201096980374,4.02715580528157e-29,6.86244717007818e-28
"YBR249C",580.799522173901,0.763819071998363,0.0577008575073362,13.2375688160484,5.32446325829683e-40,1.14494070472628e-38
"YBR250W",2.24803452186219,-1.49856180877051,1.09031411302158,-1.37443126790091,0.16930783455543,0.297902624564272
"YBR251W",53.0679155241765,0.376377702945905,0.207443593714918,1.81436165950319,0.0696220644276866,0.151358559598292
"YBR252W",73.8223889452715,0.494868191506895,0.169048865730626,2.92736771328269,0.00341844450311666,0.0122583131870128
"YBR253W",53.8853727554433,-0.437368905422963,0.207059126914629,-2.11228991419099,0.0346615904052208,0.0854857642170843
"YBR254C",27.3581688285381,0.161097451374196,0.278191487454812,0.579088356901515,0.56252955581026,0.698686021971014
"YBR255C-A",30.9844026955168,-0.911181643264527,0.269512640510212,-3.38084937886244,0.000722621425414615,0.00304560843431413
"YBR255W",68.165280269756,0.2248270529516,0.165962477205908,1.35468605155043,0.175517603785063,0.305092738831226
"YBR256C",175.193525272105,-0.0234404280159061,0.109132741242173,-0.2147882271544,0.829932432060689,0.896434791643205
"YBR257W",24.416731351231,-0.952115813034948,0.304529917256305,-3.1265099390337,0.00176894524988422,0.00685149755053671
"YBR258C",20.1486369552698,-0.501266672560184,0.320649164450565,-1.56328700690397,0.117985103021882,0.226373845615884
"YBR259W",23.681729361034,-0.646474771755785,0.329993543500636,-1.95905278902689,0.0501066049210845,0.115568754582669
"YBR260C",57.1378938194929,-0.117156033645692,0.191982292559534,-0.610243955751084,0.541700216139213,0.680164601078869
"YBR261C",124.2439929772,1.03477661571377,0.127172016393182,8.13682636370654,4.05774019483432e-16,4.97510613161774e-15
"YBR262C",56.2494712660176,-0.265558896367435,0.192452837140494,-1.37986480383021,0.167628275150713,0.295853142239756
"YBR263W",340.596254778869,0.498686735088016,0.0781324371796375,6.38258261343449,1.74126033286187e-10,1.62363537232342e-09
"YBR264C",71.1914360085844,-0.186388835730552,0.164795942334632,-1.13102806470849,0.258043279323389,0.406376723890434
"YBR265W",145.893686952369,0.17630523307293,0.119410637785802,1.47646169840568,0.139819990126943,0.256862800884973
"YBR266C",0,NA,NA,NA,NA,NA
"YBR267W",25.7359552198172,0.598174705838827,0.279546782703143,2.1398017893629,0.0323707885559927,0.0805384200121943
"YBR268W",87.0201421474878,0.0593583004668838,0.156945488004618,0.378209665161812,0.705274846055434,0.811257669518232
"YBR269C",73.605445553347,-0.586248201407637,0.169251600930967,-3.46376754005861,0.000532666607281073,0.00232724138993154
"YBR270C",28.1240203075303,-0.129494809540947,0.264858296968069,-0.488921098652834,0.624897557813821,0.750779620011208
"YBR271W",21.3084350201735,0.410021292520243,0.307092692903393,1.33517111281196,0.181820349065975,0.313462843412897
"YBR272C",37.5515467498357,-0.0448534042770815,0.224338866635371,-0.19993594935105,0.841530674519243,0.903866280039187
"YBR273C",121.833719774929,0.160049419553521,0.129744487197619,1.23357394992623,0.217361705011026,0.357854348718674
"YBR274W",43.0793192470736,-0.179608419701822,0.218093097316018,-0.823540139106599,0.410200901065233,0.562291868285863
"YBR275C",65.4292824213803,-0.323350462047845,0.181288684773822,-1.78362186504504,0.074485130232382,0.15913990987804
"YBR276C",140.233076008022,0.109222332237859,0.120331905214121,0.907675583158984,0.364049647906489,0.516615459947211
"YBR277C",6.8948384842467,-0.705141345132498,0.605764989634603,-1.16405100525509,0.244403342262881,0.390477111393969
"YBR278W",30.5612233514177,-0.351608493953707,0.267458010789502,-1.31463063273298,0.188634069850221,0.321527255215178
"YBR279W",115.863265795165,-0.191315067761028,0.129622110095596,-1.47594471051222,0.13995873546707,0.256964745149136
"YBR280C",72.9646750479168,0.28760745008625,0.163467287514727,1.75941899115649,0.0785063685856659,0.165881437900595
"YBR281C",72.0909853457791,-0.0303382393586554,0.166523674111881,-0.182185743381282,0.855436960893115,0.914683276131917
"YBR282W",37.0370309824268,0.128624590016678,0.231107188810246,0.55655815242635,0.577829352226692,0.712926847146203
"YBR283C",412.074427063838,0.201953640876361,0.0699792585657039,2.88590712470533,0.00390287311501661,0.0137536030285033
"YBR284W",18.9107687943002,0.291662038113655,0.319635704766303,0.912482659992256,0.361514693501649,0.514751327098519
"YBR285W",13.4083929787071,-0.383552091695547,0.388309937014287,-0.987747299604734,0.323276423277989,0.475512691475907
"YBR286W",1389.01176001653,0.761267074890686,0.0383850431914701,19.832388128193,1.56433288889095e-87,6.21994498337648e-86
"YBR287W",287.368137952101,0.855809642629651,0.0832812741731819,10.2761353152452,9.02752097741394e-25,1.40571398076874e-23
"YBR288C",50.954137984486,-0.0177364779664832,0.197572930976293,-0.0897718016270731,0.928468556732425,0.958800753946814
"YBR289W",75.0728486124383,0.248541940315621,0.1651888396611,1.50459280920871,0.132428796138126,0.247111820892925
"YBR290W",122.531187982005,-0.164818974956825,0.128360513953449,-1.2840317468392,0.199130847555254,0.335571472002061
"YBR291C",34.6753102277319,-0.128617904427737,0.243025932399642,-0.529235308996707,0.596642225566679,0.728794922028983
"YBR292C",1.08924522312304,0.20303369994157,1.43316297180187,0.141668256811228,0.88734204939715,0.933467696964339
"YBR293W",50.0134767727309,-0.358628687420327,0.198884725853428,-1.80319874179088,0.07135700802046,0.154070698328329
"YBR294W",53.3186313393595,-0.133731151075287,0.200610871784443,-0.666619659671197,0.505015108146317,0.646951471874572
"YBR295W",72.0812526189055,0.465990444584162,0.163184374454332,2.85560701594363,0.00429546441743779,0.0148393038508425
"YBR296C",153.107010266213,3.83619828279204,0.164984450814451,23.2518777609316,1.3616510434881e-119,7.1143453693651e-118
"YBR296C-A",0.831797957173736,-1.3268834801097,1.54002405031788,-0.861599193750135,0.388908114834371,0.541916927922172
"YBR297W",90.9900210876112,-0.375147364910744,0.157041198675551,-2.38884679991397,0.0169013484742533,0.0472579942743164
"YBR298C",203.46778306131,-0.534560514992125,0.100524130272561,-5.31773329988249,1.05067921246722e-07,7.96450117652009e-07
"YBR298C-A",0.225609378586526,-0.6055460139946,2.68190397996461,-0.225789595197436,0.821365069955065,NA
"YBR299W",27.1733492760087,-1.9908337140132,0.749304650524452,-2.65690825836964,0.00788609003806504,0.0248905947182462
"YBR300C",2.47642840806909,-1.35489268068868,2.98867400645489,-0.453342411304278,0.650302197826912,0.772348392760049
"YBR301W",1.26226558923438,-1.06591588859947,1.4359822979875,-0.742290409911969,0.457911400996935,0.606900603166168
"YBR302C",193.705557349112,-0.376901712367831,0.111283008273938,-3.38687566245548,0.000706934188262624,0.00299346144554341
"YCL001W",95.4900865178929,-0.450661947941612,0.147677428169456,-3.05166438451576,0.00227576398420788,0.00861004183612341
"YCL001W-A",1.17901999107326,-0.946262295274309,1.4135971820045,-0.669400241681649,0.503240197495794,0.645430401924984
"YCL001W-B",1.97334391102714,-1.92415652625345,1.25430167802806,-1.53404604327605,0.125018325919912,0.236494870276985
"YCL002C",37.1585902262679,-0.00576914793693165,0.230084186553312,-0.0250740740741646,0.979995879570818,0.98938581134569
"YCL004W",29.2881689787439,-0.157077838030547,0.26177655266026,-0.600045483196529,0.54847592367356,0.686626645454431
"YCL005W",73.8711449399699,-0.0547059549967806,0.163812637609798,-0.333954423755086,0.738413950699823,0.834212472538291
"YCL005W-A",140.665250029438,0.479684212403898,0.116267554781541,4.12569278940453,3.69620398665885e-05,0.000205698957778673
"YCL007C",6.72176611561563,-1.58432746738974,0.641946945679093,-2.46800374712233,0.0135868897349187,0.0394381620312929
"YCL008C",138.425759300822,0.535424841008328,0.117105474034972,4.57215894833774,4.8272452721344e-06,3.07639562605178e-05
"YCL009C",731.996209222621,0.880352259914262,0.0530618785918511,16.5910496061755,8.0894201542886e-62,2.29333247602747e-60
"YCL010C",87.805365481286,0.646801189455231,0.150952811522982,4.284790610586,1.82911375153147e-05,0.000106088597588825
"YCL011C",395.666976525111,0.0838625809840692,0.0730431067069978,1.14812450845597,0.250917167911617,0.397369322529369
"YCL012C",20.597673328211,0.219844182980409,0.315430228675993,0.696966121171065,0.485823996036915,0.630802896476766
"YCL014W",42.570540686942,-0.264449147097696,0.243584916065364,-1.08565485650488,0.277631720206221,0.426845266328728
"YCL016C",39.2050297360012,-0.596549186183841,0.240337120330677,-2.48213503333591,0.0130597774696817,0.0382667504174301
"YCL017C",158.882563539721,0.428701991384361,0.11524123183006,3.72003999416237,0.000199191232701275,0.000948972850894847
"YCL018W",0,NA,NA,NA,NA,NA
"YCL021W-A",4.95015585924605,0.268095319745822,0.616406707380627,0.434932515392432,0.663611412253443,0.780385295436433
"YCL022C",1.16867661666256,-2.96772760073919,1.5098503310376,-1.96557734215927,0.049347453514044,0.114150970038707
"YCL023C",0.383726756280892,-1.3656686617281,2.04536819354176,-0.667688422084684,0.504332502028497,NA
"YCL024W",31.8096660575081,-0.403173305625861,0.252083165419695,-1.59936624468601,0.109739248032036,0.214989626916187
"YCL025C",327.201464464217,2.58165529271979,0.0887859029463885,29.0773107784765,6.95108282335445e-186,5.56262602648694e-184
"YCL026C-A",3.50584540724603,-0.181507381106109,0.772917111109232,-0.234834212488353,0.814337412427884,0.886557795999498
"YCL026C-B",29.3773451382063,-0.496090203427401,0.274433021118578,-1.80769136820838,0.0706545487775605,0.153129262040363
"YCL027W",17.0007879120298,-1.0725187606888,0.37218519379243,-2.88168035316027,0.00395560786769019,0.013923915890611
"YCL028W",210.302740479702,0.257931179097464,0.0967920199486281,2.66479797853542,0.00770345849372171,0.0243872131183318
"YCL029C",57.5244836194961,-0.00918070648448757,0.192699589609065,-0.0476425845177601,0.96200109300698,0.979035883771753
"YCL030C",669.521700721525,2.88530182945719,0.0642312741290041,44.9205136996389,0,0
"YCL031C",84.0912210436357,-0.120982970932616,0.161239816321502,-0.750329377027966,0.453056353753106,0.602053542654221
"YCL032W",91.6573644423898,0.0544842492106722,0.157742112434716,0.34540078340349,0.729793088302737,0.828321706328528
"YCL033C",108.69826494272,0.511089441814739,0.132107237247048,3.8687467277737,0.000109396202946028,0.000551957537928805
"YCL034W",246.306852685072,-0.129504030919643,0.0891374874679135,-1.45285709299648,0.146263436178482,0.265254573585875
"YCL035C",149.009248136127,0.266142320377055,0.113441433629619,2.34607684213509,0.0189721956076844,0.0519905594416042
"YCL036W",8.79849484532944,1.3198009938353,0.474729732674892,2.78011024588411,0.00543404468061579,0.0180715573229106
"YCL037C",3.55564488171168,2.9649482122998,0.890846014796516,3.328238733803,0.000873969376330605,0.00359992944376497
"YCL038C",88.9055868775321,0.0189080708162008,0.149165151346045,0.126759304338695,0.899130906274009,0.940798674191374
"YCL039W",161.640541164343,-0.0414047251733034,0.115022062964083,-0.359972027159976,0.718868052352437,0.820031610157039
"YCL040W",3388.20120048226,0.866294547348771,0.0250740026895758,34.5495116226068,1.44963502487086e-261,1.66628956858792e-259
"YCL041C",21.6375255492465,0.323839970189584,0.296564129155323,1.0919728259515,0.274845045476348,0.424626191960281
"YCL042W",80.6451372254,1.00563447020038,0.156182574004302,6.43883913817864,1.20390708472186e-10,1.14280789633808e-09
"YCL043C",1602.85191849703,0.401037716004525,0.0357684540132779,11.2120505922803,3.55852261787181e-29,6.11330977994174e-28
"YCL044C",66.2437467731,-0.158023883169929,0.180093938342154,-0.877452537406922,0.380240887741549,0.532943964678798
"YCL045C",282.898251135985,-0.105138006898886,0.0835061602605782,-1.25904492040834,0.208014107215545,0.346382225491525
"YCL046W",10.0651096839402,0.635323397246103,0.49655545172812,1.27946112571122,0.200734720593945,0.337128181741023
"YCL047C",28.6500459862386,-0.346899139527287,0.266044429631763,-1.30391431238548,0.192262799784089,0.326919155523133
"YCL048W",8.7382067508478,-2.00279583188541,0.593210783295318,-3.3761959294802,0.000734955607111316,0.00308935461978573
"YCL048W-A",2.15817490860168,-1.32592228506896,1.09380281252273,-1.21221327088278,0.22543075278388,0.367407377958157
"YCL049C",147.365556495187,-0.429342541558592,0.118969471918275,-3.60884632532895,0.000307561724798906,0.00141514208455508
"YCL050C",287.779010457277,0.447297523851419,0.0835819010983982,5.35160744100365,8.71763530962861e-08,6.66419473125418e-07
"YCL051W",183.106248466671,-0.198524992994114,0.109650494770153,-1.81052528226395,0.0702143673244645,0.152341714664642
"YCL052C",121.163264275635,-0.186329321749481,0.129678815540312,-1.43685243401656,0.150759927908995,0.271385041070805
"YCL054W",58.3727631723716,0.493517576795223,0.180958664537584,2.72723927343487,0.00638667081443633,0.0207402670323094
"YCL054W-A",0.930614066396259,-0.409870469256324,1.48140361076352,-0.276677109653509,0.782028049827283,0.863577525066914
"YCL055W",41.442569133535,-0.429593397480786,0.224289169528177,-1.91535506767667,0.0554472372313159,0.12580954610907
"YCL056C",30.2589186864579,-1.08246277049474,0.284352476054963,-3.80676400470489,0.000140796981465141,0.000691085804986509
"YCL057C-A",159.435504529824,0.14332753310998,0.110535608147277,1.29666390326465,0.194746854462584,0.329989175532688
"YCL057W",247.038517813226,-0.0739158853649634,0.0937569463176955,-0.788377696458877,0.430475812829189,0.582132211487943
"YCL058C",9.9609765228186,-0.310031547359524,0.482240850308893,-0.642897728719866,0.520290463297956,0.661447495276921
"YCL058W-A",2.47693687628668,5.44688121152734,3.40846415150533,1.59804562096443,0.110032824414093,0.215364556020402
"YCL059C",128.869482944527,0.00526018861555841,0.124307634486358,0.0423158934468799,0.966246875496079,0.980830563083849
"YCL061C",46.7611448746876,-0.445946572702604,0.217459833212935,-2.05070778411725,0.040295412469023,0.0964222549694033
"YCL063W",63.0343160362816,-0.932940180525248,0.192396548169245,-4.84904843357466,1.24055131509448e-06,8.37902287823427e-06
"YCL064C",382.03225240848,1.04887863655661,0.0733460196680205,14.3004165911669,2.1750363357922e-46,5.22835730603736e-45
"YCL065W",3.74814154353509,-0.525987329499957,0.769183222744511,-0.683825795917896,0.494085175404765,0.638364598986174
"YCL066W",0.26358297830909,1.3275154105755,2.58006731328092,0.514527432575926,0.606883285951947,NA
"YCL067C",58.2137721041804,-0.851413791040078,0.197231559301915,-4.31682330177579,1.58290770643626e-05,9.3003183272212e-05
"YCL068C",0,NA,NA,NA,NA,NA
"YCL069W",0,NA,NA,NA,NA,NA
"YCL073C",0,NA,NA,NA,NA,NA
"YCL074W",0,NA,NA,NA,NA,NA
"YCL075W",0,NA,NA,NA,NA,NA
"YCL076W",0,NA,NA,NA,NA,NA
"YCR001W",2.91774424282285,-0.939131094651061,0.91241641994365,-1.02927903764496,0.30334857081555,0.456017106195606
"YCR002C",140.263573803363,-0.652556035921319,0.123844731189513,-5.26914653254603,1.37059522059043e-07,1.02664727305364e-06
"YCR003W",38.4296087089156,0.13866871896522,0.230141756686107,0.602536110621385,0.546817333700318,0.685092981302697
"YCR004C",346.769822528245,-0.212222590384535,0.0788446879954302,-2.69165362664427,0.00710987442909124,0.0227731295427896
"YCR005C",235.480585939143,-2.07936494297951,0.117293429378559,-17.7278893966725,2.55445241561056e-70,8.28166572896921e-69
"YCR006C",7.28576519651282,-1.16826993619916,0.568941344187762,-2.05341015929686,0.040032814829186,0.095830161056461
"YCR007C",24.8248386513786,0.0465665206889393,0.282476953878943,0.164850689762449,0.869061505135478,0.9224658890978
"YCR008W",136.450886443945,-0.206313123427047,0.121764976144589,-1.69435522396901,0.0901978025731299,0.184480914871345
"YCR009C",194.57351634006,0.179141627102377,0.10239100600385,1.74958362158919,0.08019018793419,0.168278978348771
"YCR010C",20.823604559622,-0.827905927401028,0.325362424386047,-2.54456527659354,0.0109413859277771,0.0331598474762256
"YCR011C",236.282661386215,0.307614154543787,0.0923202755510114,3.33203245666025,0.000862142007279818,0.00356006647290856
"YCR012W",13818.8441005807,0.810614902903506,0.0144306997177053,56.1729450935042,0,0
"YCR013C",1715.99472405222,-0.173438448740331,0.0353454933458089,-4.90694660967,9.25052009934476e-07,6.36015772268627e-06
"YCR014C",26.2754613221379,-0.447326557104941,0.293987916296525,-1.5215814402853,0.128113990890319,0.241318560013422
"YCR015C",16.3581187140704,-0.354963472330335,0.364152949510142,-0.974764787180307,0.329676947706284,0.481788641562443
"YCR016W",37.4576829197524,-0.276167859848499,0.239413204819102,-1.15351974865868,0.248697116451312,0.395140279016134
"YCR017C",370.635665210186,0.132723768429253,0.074505960855169,1.78138456179704,0.0748496485342088,0.159810698423934
"YCR018C",20.1034383213661,0.840174248411326,0.305769000487925,2.74774174972163,0.00600072530911335,0.0196970848412329
"YCR018C-A",83.4033507389889,0.152061266411352,0.158563287659749,0.95899415719514,0.337561688636503,0.490524778033537
"YCR019W",34.1209789464988,-0.224527704548792,0.241601893673128,-0.929329241320284,0.352718485556024,0.506102193755148
"YCR020C",4.26671666939201,0.459626192814305,0.669330673126463,0.686695248355164,0.492274791912628,0.636824480145618
"YCR020C-A",22.4266668763448,-0.039204533205266,0.330470044625028,-0.11863263809508,0.905566406477042,0.944717957384136
"YCR020W-B",5.79433256890686,-0.451229756833991,0.614314324540417,-0.734525858845254,0.462628305970167,0.611102413360508
"YCR021C",103.091909729997,2.77334758400364,0.161733273417043,17.1476624779141,6.54319946909268e-66,2.00806344871864e-64
"YCR022C",1.08297164997862,-2.85956806050594,1.41849300982634,-2.01591974066621,0.043808369013345,0.10361261088753
"YCR023C",71.9782432636564,0.136721156433754,0.165921070808883,0.824013223680534,0.409932044288393,0.562045192797922
"YCR024C",38.7720614551136,-0.923317374067719,0.239889643206029,-3.84892553812642,0.000118637060587532,0.000592435621670124
"YCR024C-A",63.7940410362245,0.833347120067243,0.176937355314334,4.70984274963747,2.47907986433602e-06,1.62243715345055e-05
"YCR024C-B",248.449702293716,0.904657525692323,0.0915160236803328,9.88523636966908,4.82441901996038e-23,7.15961902445763e-22
"YCR025C",10.5391070491642,-2.65493191039133,0.600553603858074,-4.42080755711985,9.83327188278141e-06,5.97175262660365e-05
"YCR026C",106.718007092776,-0.314000883779393,0.13987940929285,-2.24479703886943,0.0247811649627488,0.0648408817154996
"YCR027C",29.3886085395742,-0.356396002250077,0.275966479511158,-1.29144671077948,0.196548822213434,0.332063509896667
"YCR028C",59.9399900441569,0.131730127197519,0.187225749416489,0.703589797920808,0.481688266587488,0.626720152575859
"YCR028C-A",135.35327805896,-0.101657403966415,0.125790128221421,-0.808150889133953,0.419003725320049,0.570155305956382
"YCR030C",168.739739947982,0.189825908214704,0.10828106485453,1.7530849781513,0.0795874216399274,0.167493901334095
"YCR031C",1892.08052647743,0.724068295891443,0.0328800856664495,22.0214844704701,1.79293573208274e-107,8.45891022255753e-106
"YCR032W",64.82776557979,0.232762654696733,0.176892951188955,1.31583906047279,0.188228065958137,0.321008317504003
"YCR033W",147.077853505662,-0.0502815888919903,0.115391532932031,-0.435747646420537,0.663019832206556,0.78037251598948
"YCR034W",171.475057509121,0.502167719308076,0.11346239294307,4.42585165253866,9.60625263043389e-06,5.85003232725185e-05
"YCR035C",73.5933251152228,0.0237776534163199,0.160143936716352,0.148476763490802,0.881966522736652,0.929949725645668
"YCR036W",98.3642839426209,-0.681166269883963,0.145738718317445,-4.67388678690217,2.95552294568446e-06,1.91051288983816e-05
"YCR037C",111.739643407618,0.226625119426891,0.141760943699112,1.59864285263156,0.109899982260134,0.215237821514425
"YCR038C",33.9541067210667,0.184909890065858,0.242488169032897,0.762552213591798,0.445730492703312,0.595374640792381
"YCR038W-A",0,NA,NA,NA,NA,NA
"YCR041W",8.22994682249028,0.120597728508172,0.541282223262431,0.222800090831179,0.823691097311728,0.892132108481196
"YCR042C",125.91623200412,-0.18368164324111,0.134259513395354,-1.36810895999766,0.171277972507973,0.300350627026872
"YCR043C",44.3366590555839,0.205251634503277,0.214804836418813,0.955526132116924,0.339311696713535,0.492340726789756
"YCR044C",104.007638953047,-0.22297066120046,0.142976221200307,-1.55949471407614,0.118879334693684,0.227743986040445
"YCR045C",52.5304715410773,0.193174800495871,0.19533554851597,0.988938275513518,0.322693342195588,0.475025331900801
"YCR045W-A",0.750525647747641,-2.33358176634338,3.41482262637063,-0.683368368337065,0.494374102599859,0.638364598986174
"YCR046C",98.6601224590324,0.334626261928689,0.142491715204793,2.34839100257692,0.0188547167537231,0.0517359024813532
"YCR047C",52.9188249649008,0.0193592390819052,0.198765704386562,0.0973972805904941,0.922410904237388,0.954901661720451
"YCR047W-A",0,NA,NA,NA,NA,NA
"YCR048W",178.439005215564,0.454375894310988,0.104010050335542,4.36857681392469,1.25058831320358e-05,7.46574061952125e-05
"YCR049C",10.5477496190948,1.59845736335796,0.477037604087614,3.35079949601705,0.000805786225832238,0.00334923111092137
"YCR050C",30.5537301361629,-0.431238794175853,0.280442427783301,-1.53770881811461,0.124119826592477,0.235147001413737
"YCR051W",285.049052678341,0.681854725650889,0.0821987234142681,8.29519848154397,1.08404051738229e-16,1.34378512762565e-15
"YCR052W",168.868511468427,0.439996057482323,0.111980339899416,3.92922595053329,8.52197363593238e-05,0.000440162723254612
"YCR053W",476.809640069042,0.631257663885547,0.0637371593360157,9.90407590268688,3.99647471309886e-23,5.94487367910847e-22
"YCR054C",14.8035541100211,0.376079403495435,0.377452350205106,0.996362595943766,0.319073999889627,0.471907155202333
"YCR057C",60.6602851239381,0.920381534046421,0.181825043124551,5.06190741511857,4.15082599509922e-07,2.95512634470915e-06
"YCR059C",137.594108617161,0.514492746578325,0.120741774353047,4.26109976712747,2.03423391843938e-05,0.000117232696739961
"YCR060W",50.3218939872372,-0.0665249176581107,0.195035759519557,-0.341090873909406,0.733035171288156,0.830306592012554
"YCR061W",92.4026487538157,0.269243978219115,0.144570693482653,1.86236900254907,0.0625510952793637,0.138705024326951
"YCR063W",5.9859465698647,0.286141749318532,0.589029926309385,0.48578473951464,0.627119795195629,0.753020198523603
"YCR064C",1.67170809081183,0.411525798911893,1.17976258265979,0.348820860197229,0.727223801729181,0.826741390852703
"YCR065W",41.6537249375337,-0.217522405345496,0.219333329418364,-0.991743507119183,0.321322661869487,0.474183442656139
"YCR066W",20.620871737239,-0.815891114577083,0.328607804652242,-2.48287199216258,0.0130327911801127,0.0382335525942796
"YCR067C",154.482919326974,0.164370531249949,0.112218521590436,1.4647362032611,0.142992903509354,0.260916616563855
"YCR068W",68.2145765181472,0.554032980762967,0.164893250405186,3.35994941819366,0.000779567438911485,0.00325523470858547
"YCR069W",222.068812839101,-0.0523410684153833,0.105088777246144,-0.498065252893634,0.618438050492019,0.746280846575787
"YCR071C",35.9586821662897,-0.161430696888578,0.237156665387845,-0.680692219316604,0.496066260630234,0.639765585415002
"YCR072C",15.9106389091163,1.66795926700919,0.3695337061773,4.51368640837572,6.37104005883463e-06,3.98789259920322e-05
"YCR073C",122.171852169351,0.144033958057652,0.135311962727558,1.06445842004121,0.287121080967674,0.438767095450239
"YCR073W-A",170.561664007369,0.544182716890956,0.106546983560123,5.10744367140046,3.26546396228965e-07,2.35665104675744e-06
"YCR075C",51.3485093203023,-0.422596749883661,0.203014988690354,-2.08160369148024,0.0373786839548225,0.0907132591026442
"YCR075W-A",41.5123452936345,-0.0536324959258159,0.213900090948201,-0.250736199727955,0.802018071150128,0.877832106269237
"YCR076C",57.8500999717559,-0.346936136673548,0.189489059800784,-1.8309032565695,0.0671149841902528,0.147201867804825
"YCR077C",264.423049358057,0.140690401574423,0.0858465778741657,1.63885859003777,0.101242713620345,0.201402276748843
"YCR079W",117.202966423136,-0.620043674650665,0.153280200290807,-4.04516482542626,5.22863238590589e-05,0.000282375592720361
"YCR081C-A",3.51324796580016,-0.707767310363889,0.801620004304135,-0.882921217738676,0.377278838830294,0.530034848685582
"YCR081W",28.0919202644736,0.336592363650241,0.289903777185675,1.16104856210502,0.24562215122364,0.392028083826269
"YCR082W",80.3741151233892,-0.156924318452253,0.15756810842014,-0.995914211483901,0.319291829645503,0.472068041865966
"YCR083W",49.6661929715557,0.578361537410778,0.201317801202628,2.87287827482604,0.00406750804119576,0.0142543158738579
"YCR084C",283.081998354055,0.610276148415085,0.0831635928388534,7.3382609815526,2.16386918200937e-13,2.38327194576015e-12
"YCR085W",2.17117417124482,-0.377318247188118,1.01360866662948,-0.372252388530577,0.709704943811599,0.814440852201294
"YCR086W",17.4310646589625,-0.620921814667069,0.345512101599399,-1.79710583737235,0.0723188191912512,0.155668905320766
"YCR087C-A",0,NA,NA,NA,NA,NA
"YCR087W",90.9765579582593,0.628430025944201,0.150362800440197,4.17942485843859,2.9224726087511e-05,0.000164661390997744
"YCR088W",316.911633458135,0.218821459827733,0.0861662152510341,2.53952734479778,0.0111002367631497,0.0335127491960994
"YCR089W",82.2195922849087,-0.0451839567253246,0.160856967740402,-0.280895241033291,0.778790750870465,0.861206074340228
"YCR090C",62.1280382318923,0.569442302388372,0.176621786264255,3.22407736006243,0.00126379253948438,0.00504400027438148
"YCR091W",85.3017145052448,-0.281121554223801,0.165641564080909,-1.69716795288461,0.0896649120430222,0.183569162544037
"YCR092C",46.0396878629405,-0.00588199951071615,0.211004520947749,-0.0278761776491637,0.977760908540441,0.988170255501909
"YCR093W",153.447090413644,0.151273346185755,0.114897512837493,1.31659374036852,0.187974838143024,0.320836103331587
"YCR094W",50.922843625639,-0.183111919278613,0.198972514016624,-0.920287508973798,0.357422534786812,0.510649777383554
"YCR095C",22.873851878911,-0.901305331995309,0.323065002120931,-2.78985753974653,0.00527312381533938,0.0176198143554839
"YCR095W-A",0.516882120979162,-0.307493795970162,1.83601878027357,-0.167478567906775,0.866993509684438,0.921198818189079
"YCR096C",2.48411863196548,-4.05917970898246,3.39291364903098,-1.19636988407935,0.231552248300478,0.374775553956892
"YCR097W",23.9377005875896,-1.31261332083899,0.333337189550991,-3.93779440754,8.22340050700892e-05,0.000425784914048406
"YCR097W-A",0,NA,NA,NA,NA,NA
"YCR098C",12.5592455311181,0.00778637920993666,0.398027196331242,0.0195624301095666,0.984392434523224,0.991136789762998
"YCR099C",11.0648061710656,-0.81800298191275,0.452688312525092,-1.80698939928433,0.0707639320743153,0.1532857719698
"YCR100C",11.6749713968585,-0.0465170620660939,0.416232644639081,-0.111757361334379,0.911015796384361,0.948152081361249
"YCR101C",3.14175559865423,-0.847348093413664,0.831798606383702,-1.01869381231301,0.308348351092904,0.461719155757778
"YCR102C",16.228605363896,-0.110291786412968,0.345185803885958,-0.319514259194176,0.74933658034438,0.841302953177535
"YCR102W-A",0.498751749445697,-0.306074694903513,1.85128699951377,-0.165330764481089,0.868683645451786,0.922374539225091
"YCR104W",6.31806762582614,0.853295197831934,0.642667075265512,1.3277406462427,0.184263800831517,0.316553192624144
"YCR105W",19.4989601968298,0.0808242605952634,0.310150137880195,0.260597209943799,0.794403141500538,0.872366972479833
"YCR106W",18.2517828198767,-0.0232142835944321,0.335593985845076,-0.069173717568195,0.944851343325229,0.969227680107431
"YCR107W",38.2628499470556,-0.408664751471662,0.235749516403492,-1.73347015809873,0.0830121371293401,0.172803006562953
"YCR108C",0.61690030116111,-2.04890778255435,1.65313356090877,-1.23940849729529,0.21519425619403,0.355303757549924
"YDL001W",30.2249504255312,-0.842816173940173,0.272273115742627,-3.09548069643742,0.00196494162592346,0.00755377316800154
"YDL002C",46.7566320036011,-0.798374759221734,0.220762967356672,-3.61643426332394,0.000298689125744054,0.00137732505685916
"YDL003W",52.2375380193052,-0.28672358652426,0.19512064812686,-1.46946819455952,0.141705842413864,0.25944521741687
"YDL004W",142.72749347263,-0.0451226619898393,0.119355393537463,-0.378052978189682,0.705391238427985,0.811257669518232
"YDL005C",110.712560104121,-0.339683000741149,0.135828945567223,-2.50081453053051,0.0123908050364957,0.0366220988502693
"YDL006W",52.9395456882816,-0.195620334136555,0.191785282992074,-1.01999658724929,0.307730079292763,0.46090252577324
"YDL007C-A",0.215287216784657,2.1145715867717,3.00384866894647,0.703954100162222,0.481461358502601,NA
"YDL007W",439.581150002226,-0.194394705283444,0.0681526181256449,-2.85234391032581,0.0043398120137741,0.0149272532922089
"YDL008W",52.280569300097,0.571812221012288,0.196455603709605,2.91064347473399,0.00360685325562526,0.0128493324260613
"YDL009C",23.7202066303811,-1.23062917493952,0.323818485066519,-3.80036727886835,0.00014448178556333,0.000707718401813649
"YDL010W",63.8498940625982,-0.978814951343219,0.190282843220492,-5.14400003057031,2.68949488828994e-07,1.95436628549069e-06
"YDL011C",9.6015914655285,-1.58301467442975,0.523507060598362,-3.0238649935693,0.0024956778179154,0.00931935922319029
"YDL012C",67.1473557084117,0.182925189320941,0.180364561518239,1.01419695632638,0.310488780675883,0.463606535529743
"YDL013W",88.1039951040151,-0.0497083875343753,0.159363884867944,-0.311917518674735,0.755103208285789,0.84491371376686
"YDL014W",671.127324950437,0.84948045980917,0.0565043594685944,15.0338923898663,4.40352133976134e-51,1.12254281895045e-49
"YDL015C",171.978822782285,0.00134237975966075,0.106307651000234,0.0126273108946579,0.989925131331329,0.994453134326664
"YDL016C",12.096821941884,-1.11655765143091,0.448727185192398,-2.48827726127664,0.0128363616273014,0.0377273259915387
"YDL017W",39.6575917422054,-0.808696888388315,0.231121703608436,-3.49900885880627,0.000466991065308562,0.0020688980482696
"YDL018C",36.8179489154488,-0.68882210841837,0.242140061744519,-2.84472591381902,0.00444496528015295,0.0152226817449225
"YDL019C",246.661726439842,0.571747127918958,0.0887325134108184,6.44349073345701,1.16756401811663e-10,1.10997589812531e-09
"YDL020C",153.399903271072,-0.303021144538507,0.115048690001433,-2.63385132446733,0.00844224457781911,0.026526774463704
"YDL021W",28.6065386465575,-0.752108119825325,0.292187756316836,-2.57405761728691,0.0100513533171945,0.0308469202287882
"YDL022C-A",0.150710653100914,-0.0437893725679223,3.11590830363558,-0.0140534856294807,0.988787309877227,NA
"YDL022W",590.241573795972,1.77180294344399,0.0609623001724026,29.0639122610744,1.02662350000284e-185,8.11289220877245e-184
"YDL023C",20.0681285884529,1.26471142446298,0.343059045658601,3.68657069524285,0.000227296319828742,0.00106996823079472
"YDL024C",7.64193261662847,-1.49003516544001,0.586487490166671,-2.54060860704218,0.01106597189304,0.0334412401088904
"YDL025C",144.488278307603,0.395339465974362,0.115801137658655,3.41395148586275,0.000640279758332258,0.00274616596484161
"YDL025W-A",6.54088323051091,0.67466243840024,0.565402906391739,1.19324190019781,0.232774649268619,0.376464909868562
"YDL026W",8.6456328301969,1.04990510785345,0.501936534008926,2.09170888492206,0.0364645652302126,0.0891450044027085
"YDL027C",80.8691023133311,-0.449276516637014,0.161082883780024,-2.78910152397413,0.00528544934900508,0.0176516697223508
"YDL028C",49.7063792873671,-0.249886520948007,0.2042315526724,-1.22354512649101,0.221123870813923,0.362819909495359
"YDL029W",452.517248031564,0.139691751692594,0.0654043855636381,2.13581628340005,0.0326943913509658,0.0812795682740094
"YDL030W",41.8280728088141,-0.758149273191083,0.227827874884848,-3.32772832812612,0.000875572056638189,0.00360140959145519
"YDL031W",75.2010528060901,0.19208316081287,0.166116714481456,1.15631447089758,0.247552551379862,0.394312731122068
"YDL032W",0.721596574958597,0.396230572918692,1.66384474851037,0.238141553335091,0.81177130673615,0.885101365225631
"YDL033C",18.8720156811773,0.739874594429491,0.330007779550295,2.24199137195409,0.0249619299435278,0.0652644007870069
"YDL034W",2.54964548489952,0.115051826734755,0.951704957544753,0.120890225297943,0.903777984468802,0.943637136347933
"YDL035C",127.480212176164,-0.603630322277849,0.130287073602967,-4.63307913505936,3.60266744636283e-06,2.30994559796205e-05
"YDL036C",30.1560285493697,-0.323963366839526,0.259240293348803,-1.24966440461336,0.211422165429263,0.350632457986306
"YDL037C",19.8587758347275,3.59524714625443,0.424607019885086,8.46723435525732,2.51288174683168e-17,3.21587821932589e-16
"YDL039C",141.784639932189,2.75139464600717,0.136878833047402,20.100950488483,7.23937460555381e-90,2.93380296514815e-88
"YDL040C",166.813326119227,-0.191834536552288,0.109771659496105,-1.74757799447401,0.0805371285528738,0.168706337545152
"YDL041W",0.60027695386877,3.40515899675778,3.48552468700641,0.976943015050726,0.328597364698689,0.480433057267602
"YDL042C",37.356188894017,-0.225120646143862,0.231675489596127,-0.971706789252102,0.331196438245416,0.483115801243083
"YDL043C",23.3642759677579,0.128038588312818,0.293542562359136,0.436184065723895,0.662703187921945,0.78037251598948
"YDL044C",22.149568144141,-0.577285002904548,0.306699849863981,-1.88224742581573,0.059802429123035,0.134162866187306
"YDL045C",76.3562551222982,-0.0935409745332726,0.162103070996037,-0.57704628270466,0.563908190525981,0.699631616858924
"YDL045W-A",43.7852004297713,0.0362961852253067,0.212037920933758,0.171177801901981,0.864083961382843,0.919652997283221
"YDL046W",303.767639958809,-0.249361287007012,0.081972377381202,-3.0420160421527,0.00234999369883635,0.00886284570800215
"YDL047W",124.245524387856,-0.140438880522598,0.132738908338256,-1.05800840372079,0.290051611131652,0.441996456224518
"YDL048C",177.542652906766,1.21261164930776,0.106313927353912,11.4059529121811,3.90477775105705e-30,6.87632449642972e-29
"YDL049C",42.7531242549097,0.18216915997228,0.213087483396122,0.854903146205138,0.392604768713734,0.545176313367511
"YDL050C",33.7621826171949,-0.201627528752685,0.274377996899423,-0.734853126093031,0.462428948124612,0.611094441898787
"YDL051W",95.9559701486125,0.234517095556252,0.142717640354915,1.64322430621083,0.100336532678505,0.200046792992665
"YDL052C",175.682415743321,0.432699842303782,0.106830151205663,4.05035317670546,5.11403890964806e-05,0.000276569324095766
"YDL053C",82.3446322985333,-0.00860012966784163,0.156174066091595,-0.0550675914578399,0.956084615221576,0.975684735662761
"YDL054C",83.9258223045956,0.267496388983984,0.154578920178913,1.73048426444161,0.0835437902371571,0.173680973982015
"YDL055C",1803.55511008072,0.986078860083741,0.0341918172828329,28.8396153947288,6.83887948856853e-183,5.20908387069039e-181
"YDL056W",69.611592530867,-0.37009168456851,0.174307055918614,-2.12321688653447,0.0337356815600737,0.0833764577102368
"YDL057W",29.3627326512081,-0.346088550474072,0.272152920908939,-1.27166943245806,0.203490595718261,0.340425389291042
"YDL058W",107.338932024265,-0.164876097822509,0.138425885259266,-1.19107851478574,0.233622763508409,0.377643342086464
"YDL059C",29.6088880543734,-0.32315150412182,0.276448865519065,-1.16893771119323,0.242428728321385,0.388397969756271
"YDL060W",68.9747613332901,1.02958003720619,0.171898986424021,5.98944798119131,2.10554461065598e-09,1.82846882260537e-08
"YDL061C",421.474464790484,0.474223920653699,0.0750015825681973,6.32285219078541,2.56778900160745e-10,2.37680264541176e-09
"YDL062W",0.501154587651189,-0.440324536206144,1.84994978586174,-0.238019723330508,0.811865796746619,0.885101365225631
"YDL063C",13.8577493914198,0.888473301911684,0.376763405831729,2.35817302890742,0.0183651305510578,0.0506887886320359
"YDL064W",53.5143227638675,-0.307563198712067,0.195641265865315,-1.57207732914487,0.115932618499894,0.223384947929391
"YDL065C",75.8471148215874,-0.38368845705227,0.163958436063531,-2.34015684867595,0.0192756427854039,0.0527078778933059
"YDL066W",238.715246831967,0.618328051726671,0.0897177600236908,6.89192476008537,5.50424862809469e-12,5.63072165482437e-11
"YDL067C",41.9193138483664,-0.516451691874205,0.233734663781933,-2.20956397103357,0.0271354381058806,0.0697075334032413
"YDL068W",2.62152595794489,0.123969389663994,0.959576490786263,0.129191774552976,0.897205904622608,0.93956198923706
"YDL069C",14.8235853377686,-0.210498676620462,0.393533339876527,-0.534894138032897,0.592723062049513,0.725025154603864
"YDL070W",188.679308872867,-0.0166048375835595,0.102585944831023,-0.161862695819691,0.871413979795285,0.923842143839255
"YDL071C",5.43276942200051,0.425447293927434,0.596297125447021,0.713482047407979,0.475547518270169,0.621159382335539
"YDL072C",337.255454205651,-0.282893218597935,0.0774891832638442,-3.65074461598991,0.000261481140266642,0.00121908832504846
"YDL073W",75.2820418504101,-0.203962777402888,0.172139944852046,-1.18486605522149,0.236070410414147,0.38062666019848
"YDL074C",98.6618957862758,-0.841333871621765,0.148339215284188,-5.67168883838262,1.41396625404133e-08,1.15641586779422e-07
"YDL075W",1244.44471266,0.519365877828727,0.041806440716643,12.4231067970818,1.95807088433458e-35,3.8684137908635e-34
"YDL076C",78.6296978871865,-0.400004353444265,0.159141429745139,-2.51351489103034,0.0119534731439032,0.0356293527655615
"YDL077C",57.425108196188,0.163982030858987,0.191121336713976,0.857999602129171,0.390892683124973,0.543962919373999
"YDL078C",309.168528317493,0.109129844049139,0.0786862660026504,1.38689824276912,0.165472793768164,0.292702574762823
"YDL079C",116.820031471885,0.439810069239995,0.131708072253762,3.33927952716984,0.000839959967157982,0.00347300648291221
"YDL080C",75.3796348298503,0.188832460493759,0.167384541053566,1.12813560502776,0.259262654312497,0.407709361780674
"YDL081C",841.948056485145,0.317407947780677,0.0517508140165408,6.13339043670358,8.60256715737229e-10,7.70331863582261e-09
"YDL082W",662.165862863734,0.44545476046795,0.0547461042463377,8.13673898079695,4.06066871862505e-16,4.97510613161774e-15
"YDL083C",1046.45033787975,0.885953633833462,0.0437464792901814,20.2519985198513,3.41116242187353e-91,1.39131411813448e-89
"YDL084W",566.277739055016,0.28705616951613,0.0595488788635873,4.82051341678001,1.43189225707728e-06,9.57928343835194e-06
"YDL085C-A",27.1194903984663,-0.207311780213801,0.273301582613736,-0.75854584606193,0.448124278025674,0.59743603662554
"YDL085W",15.1083997486697,-1.06361219383057,0.385906996746182,-2.75613607112216,0.0058488659542821,0.0192547599576361
"YDL086C-A",0,NA,NA,NA,NA,NA
"YDL086W",221.006870649746,0.0931713001320601,0.0987921367174754,0.943104413244045,0.345627498613785,0.498985395349703
"YDL087C",40.1019767594709,-0.250119657276988,0.22418469235529,-1.11568570828465,0.264556690219525,0.41337800187045
"YDL088C",92.392323733472,-0.281512211253612,0.147212802097541,-1.91228077478674,0.0558401903749724,0.126349922530628
"YDL089W",43.5950850437424,-0.333422926499256,0.213974801450659,-1.5582345408842,0.119177659761327,0.228177215327411
"YDL090C",53.4108078469986,-0.270423694447971,0.201297619268012,-1.3434023483801,0.179141726892894,0.310380534413142
"YDL091C",57.7704937489446,-0.309678477817728,0.192753314372486,-1.60660520326665,0.108141000378773,0.212715433850219
"YDL092W",77.6118013694661,-0.127411997424463,0.157633892592831,-0.808277936481392,0.418930600838906,0.570155305956382
"YDL093W",59.7415617005301,-0.141611943731207,0.193306989242276,-0.732575393607321,0.463817443454438,0.612289387663177
"YDL094C",1.56154736096952,-0.152704684586634,1.11027721377928,-0.137537439021055,0.890606001857567,0.935390674439934
"YDL095W",308.944170198452,0.223920676451913,0.0807223211048234,2.77396231162799,0.00553780933353434,0.0183586946023094
"YDL096C",10.7821206678815,1.58736406644825,0.449845594411353,3.52868647858028,0.00041762758957872,0.0018658951387397
"YDL097C",462.520650345497,0.15746872533412,0.0654690440643374,2.40523941634727,0.0161618736430181,0.0456140023085538
"YDL098C",17.9509468033043,-0.660120026120713,0.352017336692207,-1.8752486236151,0.0607585277168833,0.135729827641744
"YDL099W",129.976324099463,-0.483129914216966,0.125340181986315,-3.85454932776239,0.000115943006157397,0.000579898484910654
"YDL100C",423.020167466964,0.287797228841473,0.0668223798370247,4.30689881957798,1.6555929261737e-05,9.68238527222027e-05
"YDL101C",33.9398510077563,0.0790927622546322,0.248050710292749,0.318857229480565,0.749834778601848,0.841612274060391
"YDL102W",54.0167313066859,0.147907209549904,0.190854386269674,0.7749741173929,0.438354953843463,0.588857798026685
"YDL103C",90.4509785764172,-0.0826262182887384,0.145549523917413,-0.567684565808828,0.570249173535202,0.706054695473863
"YDL104C",21.298773095241,0.096776511643507,0.297508164557622,0.325290271570894,0.744961393020586,0.838394390819207
"YDL105W",17.2134803511147,-0.0618498696616376,0.336717059331792,-0.183684989956783,0.85426058482806,0.913658504023515
"YDL106C",85.0339336654835,-0.195053315509966,0.154499692173754,-1.26248352191281,0.206774851987729,0.344824746575158
"YDL107W",30.4590749837878,-0.46278988564932,0.257335564161756,-1.79839070109415,0.0721151153216242,0.155283296683688
"YDL108W",43.8575242290079,0.0831568976816752,0.210363380700807,0.395301204062444,0.692620610911111,0.802703483442721
"YDL109C",24.852368436483,0.203960684578054,0.278844711636574,0.731448996758745,0.464504946929033,0.612940988203996
"YDL110C",290.671417642081,0.0973475295876582,0.0876565391988629,1.11055638834668,0.266759343697644,0.415997180773681
"YDL111C",60.1438761972623,0.236402403307674,0.178561434381366,1.32392755539124,0.185527105679473,0.318242182983099
"YDL112W",74.8856473600988,0.179245062407613,0.160133082006094,1.11935060614641,0.26299059431538,0.411582420185234
"YDL113C",84.3859648146406,-0.327559696516071,0.158321611821315,-2.06895124896633,0.0385506616918661,0.0930218638228923
"YDL114W",0.97829757693289,0.400859350895155,1.40902127691875,0.284494888375111,0.776031150762367,0.859808786386205
"YDL114W-A",2.95191494357024,0.293104803409321,0.816318985576829,0.359056702818453,0.719552670888658,0.820292987381645
"YDL115C",69.6380839169387,-0.43572722336747,0.174047065830399,-2.50350226410634,0.0122970893592164,0.0364302712881753
"YDL116W",73.3743708207208,-0.111262959805337,0.165523996045145,-0.672186283945143,0.501465111777172,0.644230114637419
"YDL117W",78.7033463683062,-0.763205210869037,0.167614667538204,-4.55333188961571,5.28028695472076e-06,3.34153895172619e-05
"YDL118W",6.92118923053121,-0.945036932644787,0.598868479434369,-1.57803752426138,0.114556989461893,0.22174809778876
"YDL119C",40.2307358184571,-0.783771810024185,0.232507413142701,-3.37095406735761,0.000749083463494862,0.00314247223371899
"YDL120W",64.6288418721996,0.205068134671265,0.171352976681992,1.19675851941483,0.231400690485582,0.374722122246376
"YDL121C",66.4161689044341,-0.415929089778241,0.182612614328714,-2.27765804299556,0.0227469593742076,0.0604482039359985
"YDL122W",157.904634641592,0.205029118482557,0.118366202169124,1.7321593049814,0.083245202455175,0.173174126331562
"YDL123W",52.3200986249522,0.0389139592373569,0.193115495786344,0.201506145733691,0.840302824392901,0.903241556700991
"YDL124W",368.328773327019,0.987574542276033,0.075920034838724,13.0080886339676,1.10060598942067e-38,2.31163822761379e-37
"YDL125C",340.785908336822,0.19767085790932,0.0770816286476536,2.56443540928396,0.0103343812148774,0.03162340660235
"YDL126C",1588.97190017275,0.50214483073079,0.0356075445243679,14.102203267264,3.68095279932691e-45,8.71572419376208e-44
"YDL127W",26.2516857036358,-1.19467357701073,0.309329466212853,-3.86213958740246,0.000112398311284771,0.000565300019047192
"YDL128W",197.988354616468,-0.0220485397727978,0.10303021809911,-0.214000709496587,0.830546503898961,0.896791630683045
"YDL129W",11.109017875207,-0.620403517098234,0.443603284055537,-1.39855483355836,0.161946518618936,0.288482922149594
"YDL130W",1174.95687599923,0.448359027039581,0.0413897311721193,10.8326151038546,2.41167656865554e-27,4.00173734043053e-26
"YDL130W-A",55.8547837981604,0.0522122271159208,0.188637928339503,0.276785414129185,0.781944881629959,0.863577525066914
"YDL131W",280.535778837691,0.45453496453319,0.0867181594513995,5.24151997008113,1.59259237151091e-07,1.18451399678729e-06
"YDL132W",218.723162508442,-0.0320181917794035,0.0933527648350629,-0.342980648039442,0.731613018745305,0.829457740182455
"YDL133C-A",287.065120486453,0.374311287746658,0.0928026525937026,4.03341151664513,5.49728861425764e-05,0.000295274924548316
"YDL133W",81.6662954840972,-0.385630794885613,0.164247300606106,-2.34786686577227,0.0188812687963836,0.0517862825729879
"YDL134C",282.470379754329,0.218540065191643,0.0861771803313575,2.53593891505083,0.0112146294140149,0.0337292517390115
"YDL135C",76.4418302331771,-0.0497362408559672,0.165620365688406,-0.300302687107573,0.763946283758619,0.851220327107644
"YDL136W",658.035786654208,0.549273748604174,0.0559153256006095,9.82331306675226,8.93575152043945e-23,1.31376328167949e-21
"YDL137W",432.749168402675,-0.172015853976499,0.0701333682422988,-2.45269631685467,0.0141789985758516,0.0408567133074449
"YDL138W",76.6242904156563,0.0443389242483904,0.16580962474445,0.267408627917267,0.789154557132081,0.869036368399967
"YDL139C",27.3787564723879,-0.366174955838367,0.28457932894185,-1.28672366049886,0.198190623182645,0.334301259274462
"YDL140C",640.21236080293,0.746221107879917,0.0546892905138256,13.6447392326523,2.16988300530782e-42,4.83028181674509e-41
"YDL141W",72.5884812542006,0.0331708477898561,0.170790361172163,0.19421967119338,0.846003880749507,0.907047036728254
"YDL142C",39.5934719679632,-0.870338058106951,0.233399258115164,-3.72896668625017,0.000192266565471369,0.00091805832848187
"YDL143W",394.405777046186,0.653186342777333,0.0726489475599492,8.99099525479471,2.45001632619046e-19,3.30255932071985e-18
"YDL144C",135.637667752408,0.0697369218701883,0.119976060781574,0.581256972565135,0.561067275055142,0.697417875127528
"YDL145C",490.644483276435,0.418649803528978,0.0643663877358494,6.50416806434839,7.81245162561104e-11,7.54050674459741e-10
"YDL146W",67.0071827859249,0.546529344506379,0.179642619201611,3.04231449605516,0.00234766469786956,0.00886284570800215
"YDL147W",266.388831765597,-0.181055926389033,0.0889290543765117,-2.03595919981866,0.0417544524083977,0.0994618116525585
"YDL148C",66.7250895822449,0.2599196147093,0.172482736411428,1.50693118695257,0.1318282965025,0.246282059837118
"YDL149W",57.2566777596478,-0.0126780001163227,0.18686852738817,-0.067844490955866,0.945909426667778,0.969840965843933
"YDL150W",60.5625563662751,0.39518513334189,0.183688083543925,2.15139232615158,0.0314452463807274,0.0787233938070867
"YDL151C",3.68616110610115,-1.92362029535148,0.912937652656203,-2.10706644616385,0.0351118203279549,0.0863799644667006
"YDL152W",2.09373065114622,1.83145645221627,1.04776006450815,1.74797314218691,0.0804686782077443,0.168618821222857
"YDL153C",125.073007165066,0.608771958215656,0.136916583639757,4.44629819144044,8.73626602897275e-06,5.36220134321997e-05
"YDL154W",10.2447723571747,0.791420837990697,0.455932023883158,1.73583077418031,0.0825937609788416,0.172102095223545
"YDL155W",93.6712871520443,-0.561554242086007,0.148870180414126,-3.77210694931569,0.000161874839589933,0.000783593212777607
"YDL156W",20.3617476773737,0.396440403489644,0.318724416051886,1.24383443352237,0.213560504552742,0.353116356156211
"YDL157C",56.3349259133977,-0.738346987614349,0.198830970921036,-3.71344053793097,0.000204460521148166,0.000971149071899856
"YDL158C",11.6918880731347,-0.49513359217761,0.433976875355479,-1.14092160272834,0.253902548750275,0.401092432083767
"YDL159C-B",0.545997142728977,1.39472389869025,2.13906552666065,0.652024859129765,0.514385135797635,0.656030427377981
"YDL159W",43.1819104843444,-0.431896139552869,0.218698029482594,-1.97485153649838,0.0482849985359507,0.111898006137933
"YDL159W-A",0,NA,NA,NA,NA,NA
"YDL160C",117.218784243214,0.953466173589984,0.127899072756901,7.45483257257264,8.99820236675714e-14,1.01583277433283e-12
"YDL160C-A",21.6001005637947,0.219043421166032,0.306708340440481,0.714174974346805,0.475118989605008,0.621044447020654
"YDL161W",211.32921295634,0.0200618010980087,0.096523611784049,0.207843456406218,0.835351200156725,0.900441651729039
"YDL162C",0.560310962786816,1.33370638760204,2.01365171142998,0.662332209702204,0.507758338615034,0.650070517765136
"YDL163W",0.454817093078877,2.03782234063071,2.2197179447516,0.918054631872951,0.358590264935272,0.51173987695729
"YDL164C",61.6408159015568,0.169411490978492,0.179072542831402,0.94604950764559,0.344123335515363,0.497375303077212
"YDL165W",41.7536703404079,0.124341225624095,0.222124309053827,0.559782160510688,0.575628033241143,0.710765708232521
"YDL166C",77.1104665381779,-0.171924454866848,0.169348846404641,-1.01520889286753,0.310006262409657,0.46310481827832
"YDL167C",35.0117665578813,1.11772110073745,0.23881027976895,4.68037264484113,2.86353949194023e-06,1.8586546887111e-05
"YDL168W",119.023466068998,0.505873064508604,0.127788612764036,3.9586709141503,7.5367998195644e-05,0.000393782218671786
"YDL169C",39.8910214240165,-0.665219906427619,0.228552789907471,-2.91057443095283,0.00360765027780115,0.0128493324260613
"YDL170W",58.3738149283613,0.355502333538438,0.200781473372666,1.77059331006401,0.0766283552397415,0.1628869990919
"YDL171C",397.357442177611,0.497165100943317,0.0727516504024424,6.8337295194423,8.27349541848391e-12,8.43629645736375e-11
"YDL172C",56.6977397923782,-0.530901040341806,0.200117943726234,-2.65294071314311,0.00797938848424073,0.025147404784332
"YDL173W",179.961262777172,-0.375733533884971,0.108688969904771,-3.45696103490698,0.000546303835253554,0.00238024317468847
"YDL174C",281.843878986608,-0.0539825699377078,0.0843743674625525,-0.639798217884912,0.522303791358117,0.663586127203781
"YDL175C",42.6902729146192,-0.380314913714955,0.225343976309557,-1.68770836453384,0.0914672253410966,0.186353786208963
"YDL176W",45.9630541994404,-0.244049091495048,0.221027810156601,-1.10415558712787,0.269525651657712,0.419473502774551
"YDL177C",31.6361989879819,-0.439249169092543,0.255813447518908,-1.71706832988159,0.0859666879286916,0.177550278041551
"YDL178W",106.471430410073,0.195705803526936,0.133522950050275,1.46570910433935,0.142727552797958,0.260561244235832
"YDL179W",23.1576301465246,-0.254933383310338,0.290905823444419,-0.876343348138737,0.380843406182877,0.533383255181248
"YDL180W",85.2688955386192,-0.0364706164986693,0.160204698526124,-0.227650105360188,0.819918264058829,0.890281606549416
"YDL181W",34.9578637349484,-0.174807344975085,0.244215195548404,-0.71579225274063,0.474119636852543,0.620239729054195
"YDL182W",386.963144229743,1.87173943156092,0.0788111496763385,23.7496780499685,1.10718676725219e-124,5.98259379706695e-123
"YDL183C",15.8957354047167,-0.569721582983815,0.373716521716418,-1.52447523691802,0.127390038174662,0.240334175273117
"YDL184C",519.619257921914,-0.232846701774258,0.0633118926088611,-3.67777193477342,0.000235280183754029,0.00110426230266739
"YDL185C-A",2.79723004278421,0.474272445185915,0.854658269145088,0.554926410131536,0.578944996615949,0.713301246124897
"YDL185W",912.038650074266,0.448615201632758,0.0462176062362541,9.70658669208304,2.82643893216128e-22,4.10775791474107e-21
"YDL186W",20.2261064083044,-0.0922987952809995,0.318287413055887,-0.289985690589634,0.771827184740884,0.85731220060932
"YDL187C",0.283152794858172,1.35035131764853,2.5219532174865,0.535438686287114,0.592346544878257,NA
"YDL188C",133.733410699393,0.137845339863303,0.134482758265377,1.02500381194808,0.305361389019503,0.458332075351686
"YDL189W",125.775822434686,0.0199918786996786,0.127529089870028,0.15676328216608,0.875431411585684,0.926117366808014
"YDL190C",137.042901615658,0.222898570624089,0.119271663135576,1.86883090890348,0.0616463431462724,0.137179930084736
"YDL191W",1063.24303684487,0.563198978088785,0.0480200448744655,11.7284142395349,9.1150300569845e-32,1.6654687867126e-30
"YDL192W",658.840730873761,0.367937508555561,0.0589617444320645,6.24027514958443,4.36801862805598e-10,3.98479275130879e-09
"YDL193W",67.3844608242369,-0.236021404034657,0.173846193838621,-1.35764493212749,0.174576378213853,0.30419759987143
"YDL194W",84.0219792333166,0.00417571731534202,0.151494684753394,0.0275634575704048,0.978010327218514,0.988170255501909
"YDL195W",465.021859570492,0.288048558680954,0.0668526441352453,4.30870853960871,1.64210597832949e-05,9.61240184722134e-05
"YDL196W",1.75078077448848,-0.290761731266445,1.07204903001392,-0.271220553469153,0.786221405852515,0.866845435612068
"YDL197C",80.5552190615135,-0.459960644113574,0.163183928681416,-2.81866387107001,0.00482239882630364,0.0163382665487093
"YDL198C",143.247425041181,0.763985853989846,0.121066396485201,6.31046992534574,2.78189470892277e-10,2.57121905698973e-09
"YDL199C",33.1941965542297,-0.664198846409405,0.254555678448756,-2.60924780958329,0.00907415034663801,0.0281762173337159
"YDL200C",20.7354014619563,-0.664094729312618,0.316217506782581,-2.10012005998524,0.0357182811171721,0.087591533445602
"YDL201W",42.7140159927588,0.444746489015723,0.215454869530088,2.06422110572727,0.0389967572774428,0.0938832823716655
"YDL202W",50.0517359457925,0.114343441102193,0.201141641109025,0.568472249066596,0.569714343961001,0.70566890331533
"YDL203C",45.126853378383,-0.274913379137554,0.210962785247375,-1.30313684859247,0.192528045405502,0.326930513847324
"YDL204W",68.036849761176,0.881112742572808,0.168415173692717,5.23178953091512,1.67876831636234e-07,1.24567761690643e-06
"YDL205C",88.2649138091268,0.401106720120036,0.147348931609977,2.72215560532017,0.00648575955783299,0.0209948652967845
"YDL206W",49.2201476943945,-1.07805105860992,0.217720467222882,-4.95153750293174,7.36294262639808e-07,5.10400474606235e-06
"YDL207W",101.949259152967,-0.570141545299631,0.148364124989141,-3.84285315160494,0.000121612240115208,0.000604428130509708
"YDL208W",213.713926534865,0.842084671122513,0.0949843980097786,8.86550516470948,7.61579852268085e-19,1.01149324076446e-17
"YDL209C",27.9111312546587,-0.620018950156462,0.280170395258138,-2.21300665827023,0.0268971866112864,0.0693491083835858
"YDL210W",10.8791953924419,-1.08576052396343,0.479403859813728,-2.26481389696216,0.023524102270464,0.0621996547694996
"YDL211C",26.2252391329993,-0.73444592280389,0.284500012142504,-2.58153213166125,0.00983628343471152,0.0302603327855213
"YDL212W",207.701151893812,-0.0347787020899617,0.10370707513257,-0.335355153402058,0.737357193537358,0.833465434926368
"YDL213C",121.167740761437,-0.268344874859857,0.133750601768606,-2.00630779459298,0.0448234189215052,0.105304219406078
"YDL214C",16.566130707207,-1.69855604804546,0.415186422496163,-4.09106838762571,4.29390477384319e-05,0.000236876666494211
"YDL215C",171.517933161821,-0.10406629125411,0.106465125950831,-0.97746835242717,0.328337338120221,0.480433057267602
"YDL216C",40.4688632203006,-0.268009351257794,0.228261598729721,-1.17413245482056,0.24034197564508,0.385939032265226
"YDL217C",47.5367793940468,-0.144652987778149,0.202520887328829,-0.714262067908477,0.475065143096639,0.621044447020654
"YDL218W",10.79888481297,0.430746986046537,0.443280976402927,0.971724502012021,0.331187623920066,0.483115801243083
"YDL219W",18.9405290951887,-0.585074823098257,0.346588476172245,-1.6880965852064,0.0913926898652215,0.186268212285666
"YDL220C",38.9605840641852,0.35747492522818,0.230238221288676,1.55263067629407,0.120511392617546,0.229964691858777
"YDL221W",14.8791388311824,-0.221251582775616,0.364688648325834,-0.606686234384617,0.544059159295481,0.682313430879991
"YDL222C",12.1804512603073,-0.366127202572336,0.412983205295127,-0.886542595141836,0.375325211708845,0.52787674937115
"YDL223C",67.6130851589807,-0.139165649695012,0.171393864661673,-0.811964010320449,0.416812282900769,0.568531820457047
"YDL224C",117.288476094712,-0.0462269322456974,0.12853680099633,-0.359639666518675,0.719116616056727,0.820031610157039
"YDL225W",98.9106102172529,-0.322371285376883,0.143877461038284,-2.240596150714,0.0250522462827774,0.0654427839313769
"YDL226C",153.774759183091,0.242835543999459,0.112542781775641,2.15771762673827,0.0309497926444108,0.077891954258744
"YDL227C",12.4990349403198,1.92078031644229,0.435216971727217,4.41338560125405,1.01766503399152e-05,6.17435541736505e-05
"YDL228C",363.380653313257,-0.192613028361362,0.0842770401937558,-2.28547452447948,0.0222850185512327,0.0595208649264441
"YDL229W",2998.12254174817,1.63279082517295,0.0290483590460203,56.2093997318807,0,0
"YDL230W",85.3561381100852,-0.204260317935418,0.159122896940145,-1.28366389666882,0.199259582004006,0.335656562064836
"YDL231C",106.381168205987,-0.174282370252442,0.148704543651137,-1.17200433808742,0.241195314476369,0.386818056346932
"YDL232W",22.2446817788244,-0.00115984946737077,0.30510864116789,-0.00380143106708193,0.99696690414777,0.997598095603388
"YDL233W",58.4017942063202,0.00271391105832755,0.185580963911572,0.0146238655146802,0.988332259360257,0.993518292840761
"YDL234C",188.354126670048,0.755023947920407,0.111627611742462,6.76377408899815,1.34442665520852e-11,1.34912147844893e-10
"YDL235C",49.0614210818498,-0.39725534982049,0.214604642369496,-1.85110324471227,0.0641547014003008,0.141862896905457
"YDL236W",205.947363983057,0.375861703305596,0.101348710531833,3.70859877085008,0.000208409364513818,0.000989162164006273
"YDL237W",97.4578658768988,-0.0737282538501894,0.148976952806255,-0.494897045894564,0.620672796053388,0.747550660439992
"YDL238C",47.7921458600836,0.786797231851629,0.206186257487538,3.81595379555877,0.00013565788967948,0.000667415703154611
"YDL239C",21.9758121283704,-0.083515658856362,0.299641649965535,-0.278718458752206,0.780460895617125,0.862449533663951
"YDL240C-A",0.282692451664795,1.3932407421534,2.52324829441424,0.552161570955041,0.580837660730523,NA
"YDL240W",50.4214699843891,-0.715628705234824,0.207639455658455,-3.44649673139174,0.00056790543516616,0.00246417169603326
"YDL241W",29.1125090006138,1.81512182223319,0.268881720965797,6.75063301333184,1.472014989729e-11,1.47015462323329e-10
"YDL242W",3.84815089072232,-0.0665788841993752,0.733281784562486,-0.0907957699223357,0.927654871282231,0.958346766214659
"YDL243C",48.5556098779535,0.0854475415705061,0.198044583323147,0.431456090021318,0.666136773599895,0.781799769337571
"YDL244W",8.52642216072237,-2.31889206852904,0.649857693038203,-3.5683074823471,0.000359294708699961,0.00163414471107997
"YDL245C",18.3348640819155,0.526383663523278,0.335514984518782,1.56888272599286,0.116675267602749,0.22426909145168
"YDL246C",6.91418826434542,-0.276333309388123,3.25300602577627,-0.0849470634848212,NA,NA
"YDL247W",28.5608542849204,-1.32936819434253,1.33328441985632,-0.997062723110337,0.318734065519661,0.471684635350023
"YDL247W-A",1.08998115068739,-0.775323141847619,1.41311488249395,-0.548662498323759,0.583237086770437,0.716577492687874
"YDL248W",46.4000357807712,0.487159336758844,0.22743245842772,2.14199565060617,0.0321938320282409,0.0801380810298291
"YDR001C",326.512413873942,0.59895890412946,0.077287761862182,7.74972504958173,9.20917311677801e-15,1.07815541563464e-13
"YDR002W",500.351436048578,0.209566373571409,0.0634171677996596,3.3045684763698,0.000951227354541693,0.00388730403064808
"YDR003W",83.6432529807259,-0.713609829339857,0.160706475989806,-4.44045471686606,8.97689935289247e-06,5.49922070823509e-05
"YDR003W-A",12.1092976379316,-0.983041523672811,0.439806850112392,-2.23516646778375,0.0254064220164448,0.0661802224919506
"YDR004W",46.7954074109075,-0.889083082690311,0.222667356060798,-3.99287573364616,6.52767817805943e-05,0.000346789760014216
"YDR005C",76.7973600425351,-0.350263745525657,0.165970730768895,-2.11039466960822,0.0348243752250115,0.0857987919612325
"YDR006C",124.540902485477,-0.297512319325481,0.126525018231674,-2.3514109974734,0.0187023632609275,0.0514071045806886
"YDR007W",76.5148970240605,0.0198824292935247,0.162608732284401,0.122271596452462,0.902683925935835,0.943131264610814
"YDR008C",21.7578493759572,-0.146477206778503,0.30924326460508,-0.473663369727913,0.635739978443763,0.760194466374403
"YDR009W",21.9530839311648,-0.540664628100278,0.311677958555445,-1.73468996847302,0.0827957340809783,0.172409298702222
"YDR010C",5.67408628480221,-1.56625336979923,0.679148192464534,-2.30620266265529,0.0210993108785821,0.056882662419785
"YDR011W",267.170823745543,1.34700181290537,0.0872770617640171,15.4336292455335,9.72445598267262e-54,2.57230170386846e-52
"YDR012W",1720.02818089586,0.842245461836727,0.0383221464191446,21.9780346493318,4.67255907733195e-107,2.18814211014019e-105
"YDR013W",31.4527455786131,-0.647832192700864,0.257455155362615,-2.51629139757725,0.0118597082778289,0.0354166630762561
"YDR014W",12.8504661804203,-0.427764423145607,0.420719100489237,-1.01674590634981,0.309274321250116,0.46233914848504
"YDR014W-A",1.23837893497691,-0.0279433327306597,1.25828602329941,-0.0222074569797639,0.982282469248944,0.9905869788789
"YDR015C",0,NA,NA,NA,NA,NA
"YDR016C",37.6927542624847,-0.295803125840442,0.242039703821096,-1.2221264576455,0.221659809241152,0.363416315877221
"YDR017C",123.147801054728,-0.211342123540196,0.128453247885864,-1.64528438960128,0.0999111775101992,0.19963289008201
"YDR018C",18.8661229562339,-1.44047308419808,0.385275645433115,-3.73881168268174,0.000184892159740045,0.000887538522305667
"YDR019C",128.179675547917,3.23819215428199,0.157414002084908,20.5711824322676,4.97384695774607e-94,2.09631069779138e-92
"YDR020C",14.0784691843377,-0.135902342038634,0.371294790361672,-0.366022754874244,0.714348096086551,0.817376952994135
"YDR021W",6.87557037409123,-0.248850056374271,0.558859497731032,-0.445281966906891,0.65611599814347,0.776015319361207
"YDR022C",28.0380323604907,-0.369087249646645,0.270283162404245,-1.36555768536785,0.17207783560549,0.301100491751428
"YDR023W",475.310764760785,0.192976226570091,0.0653242636225401,2.95412785186766,0.0031355407458024,0.0113663352035337
"YDR024W",0.632604551696674,0.69124419053474,1.90091350854595,0.363637896951708,0.7161284237178,0.818395497965281
"YDR025W",1625.90957325017,0.842540474206756,0.035348007976968,23.8355857211455,1.42880696878081e-125,8.06510505056455e-124
"YDR026C",76.2389731775611,-0.281397479312817,0.167927132220705,-1.67571181375848,0.0937946546810519,0.190164792607887
"YDR027C",102.157022987852,-0.202798213855123,0.14160488000686,-1.43214141945743,0.15210335274255,0.273336383183172
"YDR028C",352.809825816069,0.271623025800863,0.0743623680380636,3.65269467564331,0.000259502722023059,0.00121165155733366
"YDR029W",3.36382540437605,0.258480321247609,0.857318735491964,0.301498509885337,0.763034386113557,0.850802970567349
"YDR030C",14.0022703091526,0.164736403314,0.379438385537276,0.434158507924117,0.664173341108123,0.780610496836876
"YDR031W",14.8545798352016,-1.06682196497709,0.398737972801511,-2.67549628514599,0.00746187001601867,0.0237174169136602
"YDR032C",421.317717812658,0.0911655394644728,0.0690808850064338,1.31969269727772,0.18693763921229,0.319690988072277
"YDR033W",501.429472732261,3.84147837294738,0.0879279776316851,43.6889199139625,0,0
"YDR034C",58.9895218091329,-0.130977395066672,0.181112273719357,-0.72318342858214,0.469567198423701,0.616148573772237
"YDR034C-A",95.9356344406999,1.21912530955031,0.146600820554042,8.31595147246052,9.10190613610849e-17,1.13495563298773e-15
"YDR034W-B",5.49484617120369,-0.117410855313936,0.60479018699153,-0.194134855094103,0.846070290349022,0.907047036728254
"YDR035W",419.488226364716,0.748565499345199,0.0697649752679328,10.7298181712289,7.37411312397137e-27,1.20462902247408e-25
"YDR036C",74.3819509091439,0.474562344715072,0.166458019129843,2.85094312185043,0.00435897660583153,0.0149687398707588
"YDR037W",943.730793848984,0.885563982833986,0.0456529167771312,19.3977525501194,8.06196266629074e-84,3.05195975905929e-82
"YDR038C",118.362778095818,0.815709855429447,0.135518174635858,6.01919157796574,1.75290308553571e-09,1.52853149058714e-08
"YDR039C",28.1979272866604,0.26824183290369,3.23205887202116,0.0829941048493171,0.93385622709217,0.962728384571543
"YDR040C",343.008003486738,1.36813343427696,0.086711112724573,15.7780634025844,4.40497044992323e-56,1.19520271177745e-54
"YDR041W",100.088579910476,-0.330275189970571,0.144539608909256,-2.28501510736703,0.0223119419375641,0.0595676085005407
"YDR042C",3.2560254906182,-2.95248620593861,1.15954263036437,-2.54625067558822,0.0108886964369655,0.0330635633402959
"YDR043C",21.1781004470282,-0.475268784203976,0.320254248709238,-1.48403584376948,0.137799411732811,0.25450420127807
"YDR044W",244.182943634372,1.77142862466109,0.0930873661111594,19.0297426886668,9.67264694775225e-81,3.57605111132688e-79
"YDR045C",33.847875689814,-0.225380844507288,0.268025951584003,-0.840891873250754,0.400408511565299,0.553263680232033
"YDR046C",338.669895092963,0.996678135675022,0.0799510594240147,12.4661029241553,1.14279632122602e-35,2.26481452752065e-34
"YDR047W",170.540363043657,-0.173963964947239,0.108880801958225,-1.59774691055256,0.110099314110671,0.215427998702464
"YDR048C",0.729134104097902,0.375933071731309,1.66141520250054,0.226272801142968,0.820989251370953,0.890731774011869
"YDR049W",53.5152244128175,-1.01839140542994,0.226439102364721,-4.49741848821516,6.87835178561764e-06,4.27580530862092e-05
"YDR050C",7098.72727450851,0.727985558689635,0.0178013601073123,40.8949402911411,0,0
"YDR051C",68.7654759662416,-0.358428390385255,0.179388369640481,-1.99805812998688,0.045710358354199,0.106990331549517
"YDR052C",108.915967607028,-0.867127583532175,0.144029170531643,-6.02049973856974,1.73879387020183e-09,1.51832249273702e-08
"YDR053W",3.01495013502231,-0.807196328279192,0.873214311091229,-0.924396586297885,0.355279871409879,0.50862304054648
"YDR054C",250.851288553873,-0.433263528891776,0.0915268659745104,-4.73373062956659,2.20430230231833e-06,1.44860698079589e-05
"YDR055W",240.087498435369,2.21534349015367,0.0980353674383949,22.5973905952439,4.59748785909753e-113,2.30677128930274e-111
"YDR056C",155.319910715266,0.113233454308799,0.112220735618384,1.00902434549939,0.312962958566602,0.466343488873198
"YDR057W",74.8488638549674,-0.428832681605629,0.166738053782815,-2.5718944888502,0.0101143711446231,0.0310252568541033
"YDR058C",23.2367090202362,-1.02392037897514,0.3299762003429,-3.10301281701866,0.00191561343910645,0.00737995622305361
"YDR059C",45.4753448360502,-1.00176630479054,0.223814989763809,-4.47586779530584,7.61015671504467e-06,4.71680497573651e-05
"YDR060W",98.7264166251186,0.37432041306822,0.142807454988839,2.62115456855859,0.00876325199675914,0.0273586563572895
"YDR061W",72.8959481426972,-0.111741473563441,0.165590257639611,-0.674807051793072,0.499798359553365,0.642481746461239
"YDR062W",256.90095184391,0.584294314729185,0.0865823642732602,6.74842180198625,1.49461915333677e-11,1.49037575510963e-10
"YDR063W",60.5067357610639,-0.346204357837132,0.194602966208631,-1.77902919252511,0.0752349760579085,0.16041670105838
"YDR064W",1594.26664010694,0.791258885456108,0.0368873695753994,21.4506725354525,4.50097668118103e-102,2.0471348617573e-100
"YDR065W",13.1795496694751,-0.00770087146409938,0.393731732099296,-0.0195586762160111,0.98439542912399,0.991136789762998
"YDR066C",12.4805844265089,-0.0220566615055112,0.394312849477111,-0.0559369585210323,0.955392028265855,0.975441910585653
"YDR067C",42.2712454965419,0.0484177374742562,0.222894689007039,0.21722248156719,0.828034965193028,0.89502728398286
"YDR068W",93.1944645057405,-0.21801118049133,0.144378019516429,-1.5100025697923,0.131042768455737,0.245249373054225
"YDR069C",45.3105360677211,0.202485399378875,0.208829863588229,0.969618980253398,0.332236448537206,0.48440932372053
"YDR070C",10.2602703139288,0.300742899127324,0.435468886949974,0.690618568030724,0.489805275633639,0.634668774862855
"YDR071C",165.798001847709,-0.301939216527881,0.112221370024261,-2.69056790576166,0.00713305164745714,0.0228214334591215
"YDR072C",220.089426856834,0.196028436966246,0.0962301144441274,2.03707995255543,0.0416420305211475,0.0992361512617737
"YDR073W",95.7207401453412,0.0963030346832327,0.142661489207363,0.675045768961889,0.499646686798196,0.642417399621354
"YDR074W",791.330263831573,1.05245937316988,0.0507670930144501,20.7311333124848,1.8146602971039e-95,7.85772767006223e-94
"YDR075W",21.9327278523116,-0.281717942877887,0.314871385240986,-0.894707985809111,0.370943208643431,0.523694275355911
"YDR076W",26.9488576139944,-1.28385251740065,0.299196034012862,-4.29100780575674,1.77864061869621e-05,0.000103541123309369
"YDR077W",4312.55344973003,4.10176288129544,0.0319580817060202,128.348219365205,0,0
"YDR078C",18.9839202475167,-1.42600655537568,0.365714550538813,-3.89923385130487,9.64975424884575e-05,0.000491981825493571
"YDR079C-A",12.7647077012284,-0.520341727498433,0.421520251190343,-1.23444063726245,0.217038754224495,0.357695256571236
"YDR079W",16.0266333884609,-1.91787936747353,0.423555489374375,-4.52804748276642,5.95312063544263e-06,3.7374010583186e-05
"YDR080W",37.6101492926895,-0.307832544876222,0.232131111944626,-1.32611498001032,0.184801614963236,0.317132413082948
"YDR081C",66.4956237929545,-0.4041989014736,0.177153170152489,-2.28163515857874,0.0225108891764925,0.0600227082976743
"YDR082W",22.5226820313628,-0.263989006049466,0.300135181235689,-0.879567016977467,0.379093913240607,0.531993722421114
"YDR083W",24.1839534180963,0.433581250142198,0.288718377827213,1.5017445491526,0.133163093898374,0.248262188034656
"YDR084C",85.1212220866662,-0.265473458768756,0.155484089716747,-1.70739951111643,0.0877478211806002,0.18028655362488
"YDR085C",107.297791304966,0.792438017372942,0.143896241622976,5.5070098317732,3.64979884397907e-08,2.87706088424385e-07
"YDR086C",156.574421177444,-0.360274200288391,0.11850053587008,-3.0402748615701,0.00236362332090634,0.00888396351651005
"YDR087C",61.1538431371336,0.629280171890057,0.185037744824408,3.40082058656311,0.000671839065055359,0.00286403679654753
"YDR088C",63.4733542157184,-0.876718610467002,0.186426256759344,-4.70276357905288,2.5666355835123e-06,1.67800105056513e-05
"YDR089W",77.5028307578832,2.14588894646319,0.190446813194471,11.2676547875441,1.89551547470723e-29,3.28313666605455e-28
"YDR090C",60.3399632925317,-0.24926003531821,0.182399301532461,-1.36656244417608,0.171762495601841,0.30088182244246
"YDR091C",82.4695098550269,0.675595860350147,0.151222631206662,4.46755789764609,7.91176022218522e-06,4.89414365211888e-05
"YDR092W",121.878422905378,-0.395049340726038,0.13536735034399,-2.91835025005774,0.00351888848975087,0.0125756998486178
"YDR093W",302.943849933623,0.382593560107169,0.0817761110676765,4.67854921335818,2.88911831955483e-06,1.87141455084279e-05
"YDR094W",37.6992685998912,0.209362959809903,0.224281472060463,0.93348308215786,0.350570601403865,0.503591761434954
"YDR095C",1.45683961597185,-0.202660352736986,1.15340434965172,-0.175706249762437,0.860524725096413,0.916998635959445
"YDR096W",245.865090630661,-0.41225164112833,0.0925820285245547,-4.4528257556918,8.47475261823354e-06,5.21688277044523e-05
"YDR097C",54.3872697681397,-0.107795711866401,0.192228602211508,-0.560768328054502,0.574955480383054,0.710289077040457
"YDR098C",127.477784003894,-0.487152117617393,0.129845104478909,-3.75179425957119,0.000175573521946714,0.000844730445774068
"YDR099W",387.847706349079,0.13584021931622,0.0719589590487771,1.88774575274417,0.0590600909316873,0.132732987867091
"YDR100W",65.3953392055547,-0.821093410021955,0.181431182883732,-4.52564656731662,6.02111344753214e-06,3.7763372237399e-05
"YDR101C",39.5907195842356,0.794629228924475,0.220788986577666,3.59904378040592,0.000319389421866061,0.00146317385872263
"YDR102C",0.689457499809417,0.340143229129687,1.67856541092671,0.202639245939125,0.839417012508006,0.903057065496067
"YDR103W",71.4238451369898,-0.223171521201801,0.172086924770936,-1.29685344484401,0.194681617544589,0.329971901162133
"YDR104C",34.7520032662442,-0.982007063340227,0.255343612298726,-3.84582584424073,0.000120147080680615,0.0005976159276655
"YDR105C",82.3879534473994,-0.213911449799409,0.157017684835059,-1.36233985378217,0.173090655694816,0.302517805487559
"YDR106W",3.25224564644825,-0.925360238953512,0.844541137302646,-1.09569587327503,0.273211889255148,0.423137080811134
"YDR107C",53.6744541287912,-0.0572029273634956,0.192328616006565,-0.297422861720916,0.76614369182988,0.853190139113704
"YDR108W",44.3833979821618,0.0283347673686876,0.206504400320588,0.137211445977418,0.890863663900953,0.935399449125033
"YDR109C",44.2572677428989,-0.0282149625838863,0.216297965809615,-0.130444881801251,0.896214459371395,0.93930169299502
"YDR110W",31.05829261528,0.149263851307823,0.250501537168527,0.595860021439327,0.55126874263313,0.688689337050115
"YDR111C",114.899204056442,-1.35550648186315,0.144542422998995,-9.37791448170599,6.72904960936792e-21,9.53835238350314e-20
"YDR112W",6.6468550659797,-0.95740338031178,0.587519681393384,-1.6295681840669,0.103192793254846,0.204637653374258
"YDR113C",48.0406533504223,-0.395234606979483,0.212898262886037,-1.85644824726001,0.0633896931720918,0.140408461780615
"YDR114C",11.2909866258494,-0.0248450899042017,0.423720797187982,-0.0586355214780249,0.953242417296141,0.97404211445712
"YDR115W",58.8077271017482,0.228052962071659,0.186844450363232,1.22054982970228,0.222256511881765,0.364017012465419
"YDR116C",76.7956775551212,0.266646321804078,0.168281288948351,1.58452745085592,0.113073739874523,0.219549196402559
"YDR117C",74.7107980324641,-0.19595551184764,0.162320234579678,-1.20721555359416,0.227349142061321,0.369581197251651
"YDR118W",21.1071033837864,-0.748997403940595,0.363868729385318,-2.05842751369669,0.0395491128543348,0.094779943694126
"YDR118W-A",1.42203121044089,0.40040272695441,1.21988862245324,0.328228921546284,0.742738581838974,0.837004155862031
"YDR119W",92.712978961434,0.447810904021265,0.144729066057379,3.0941324795375,0.00197389323742395,0.00758138095200135
"YDR119W-A",8.61069024974024,2.79667945880682,0.552133574456121,5.06522259864687,4.07923399929403e-07,2.90743149307068e-06
"YDR120C",56.0792775379014,0.366460387588088,0.188367140350216,1.94545814576129,0.0517198624235661,0.118726568715245
"YDR121W",46.0075032352698,0.257226686333114,0.219474097294345,1.17201387090403,0.24119148722762,0.386818056346932
"YDR122W",273.44254895914,-0.10600513945236,0.0843380965584966,-1.256906946896,0.208787332722795,0.347285852895771
"YDR123C",24.949309180221,-1.44316504368166,0.321962005616326,-4.48240791927927,7.38054921536872e-06,4.5789825455899e-05
"YDR124W",18.096895090018,-0.690378429830459,0.355392496190801,-1.94258020985286,0.0520668999579499,0.119436480963048
"YDR125C",13.8871089024255,-0.59274099582188,0.393801505866008,-1.50517706761528,0.132278559342271,0.246904355524604
"YDR126W",25.9264782549714,0.164572019558174,0.30556691865958,0.538579307865184,0.590177168466171,0.722941301887838
"YDR127W",358.441432990473,0.790929569202103,0.0736825539983201,10.734285475774,7.02603806479084e-27,1.1507412602489e-25
"YDR128W",112.718976249377,-0.318867867487307,0.134810880588667,-2.36529771258028,0.0180155821788219,0.0498880904662776
"YDR129C",611.434869036178,0.347899578362485,0.0574918753261167,6.05128248798741,1.43697210875495e-09,1.26349619910275e-08
"YDR130C",28.9798315067565,0.0562510774314463,0.25813205942782,0.217915889859374,0.827494646334045,0.894871904571302
"YDR131C",20.6650962288625,-0.197923756402317,0.323102063590938,-0.612573482826458,0.540158396242545,0.678902859054745
"YDR132C",30.9055495763216,-0.942442915732953,0.270644703889133,-3.4822145129395,0.000497285155916526,0.00219166589761089
"YDR133C",468.020410869816,0.920826509393983,0.0686791850576271,13.40765049296,5.45394182248425e-41,1.18487354645173e-39
"YDR135C",297.5554865685,0.367615901900973,0.0809032803789515,4.54389364904684,5.52245280089522e-06,3.48432600870854e-05
"YDR136C",1.75738286172756,-0.472076260981282,1.10715217898089,-0.426387871463,0.669825237661324,0.784703276992966
"YDR137W",59.4118391159572,-0.272660259261926,0.187007941480344,-1.45801433406284,0.144836592070432,0.263422593518203
"YDR138W",41.2949698290521,-0.18819720523843,0.225371774203569,-0.835052241583897,0.4036882949003,0.556016862823463
"YDR139C",42.9335655912336,0.0553326192130937,0.212573344088991,0.260298954463121,0.794633179032733,0.872468037138752
"YDR140W",29.6345925954136,-0.686997234509158,0.272984392534389,-2.51661726200194,0.0118487464516075,0.0354166630762561
"YDR141C",106.76055816782,0.0246399706264201,0.136082676324807,0.181066181911419,0.856315628735083,0.914685978985032
"YDR142C",44.5119516651227,-0.527253913309678,0.225545653016755,-2.3376815569596,0.0194037736092484,0.0529666048176461
"YDR143C",102.918486823604,0.322600360025578,0.13815477775179,2.33506481118709,0.0195400352470547,0.0532574360611262
"YDR144C",86.2117102313965,0.192194812600147,0.162132880257335,1.18541539689604,0.235853247030969,0.380416460224779
"YDR145W",159.678950578222,-0.177351860618024,0.114240084152556,-1.55244861673236,0.120554918374118,0.229978332516951
"YDR146C",62.5955226779342,0.0844015617864211,0.189170675975907,0.446166200712685,0.655477195754785,0.775725726612083
"YDR147W",41.6353125705841,-0.665946456784842,0.228107243899009,-2.91944457967184,0.00350655738152563,0.0125387193246635
"YDR148C",195.591479287546,0.246923322844831,0.103169124114295,2.3933839214461,0.0166937627411796,0.0468496032607107
"YDR149C",1.20495152488433,2.08613576217108,1.3707725323199,1.521868663826,0.12804199234716,0.241306916476083
"YDR150W",204.733065553514,-0.220515314985726,0.0995498747044929,-2.21512398323264,0.0267515556856304,0.0691428189061959
"YDR151C",78.2035781165312,-0.706865989933317,0.163562975819676,-4.32167479462233,1.5484930780303e-05,9.12355381109743e-05
"YDR152W",132.391383901296,0.280091588746607,0.123130866693887,2.27474715534113,0.0229211019451265,0.0608342596545298
"YDR153C",116.068639026322,-0.293411766635472,0.13819039302492,-2.12324286958617,0.0337335053158507,0.0833764577102368
"YDR154C",1304.07764143851,1.01230985698679,0.039742682897588,25.4716034042139,4.06936638717785e-143,2.52220924507239e-141
"YDR155C",2205.51960775715,1.08944901176854,0.0317752500892249,34.286087716363,1.26501446824852e-257,1.37886577039089e-255
"YDR156W",37.5759961319947,-0.0166170415683632,0.232195435833046,-0.0715648932062179,0.942948179572327,0.968402387357024
"YDR157W",6.53532917905989,-0.157042347213112,0.560648814986747,-0.280108229992112,0.779394470734777,0.861722952778114
"YDR158W",684.621050980399,0.198306275079286,0.0559935518756618,3.54159128036101,0.000397721220652164,0.00178579087852484
"YDR159W",65.421694287422,-0.544805801143361,0.179094638208397,-3.0419995070395,0.0023501227933072,0.00886284570800215
"YDR160W",72.4337541732242,0.103001060227347,0.162469052360854,0.633973416663838,0.526098170918216,0.667467918230978
"YDR161W",57.7790455468958,0.165264272781936,0.18780514031219,0.879977366472586,0.378871570889793,0.531799749370619
"YDR162C",64.0581374885554,-0.100997845804728,0.174692325492762,-0.578147010865185,0.563164870350543,0.699337715646462
"YDR163W",37.3152806569171,-0.632116505108846,0.246945753114239,-2.55973831150044,0.0104751008245295,0.0319611908362335
"YDR164C",65.5176782255229,-0.186700408660387,0.186692013173292,-1.00004496971752,0.317288745641988,0.470364615754866
"YDR165W",49.8437419065228,0.517761395507208,0.198703723717161,2.6056954838159,0.00916879366820382,0.0284142713580316
"YDR166C",50.2401105288415,-0.123578473225404,0.201638465525238,-0.612871521827448,0.53996129479342,0.678902859054745
"YDR167W",82.5114901834334,-0.0700229723005067,0.159526606617349,-0.438942279192765,0.660703360670869,0.779139460205415
"YDR168W",113.76493249411,-0.195048425010282,0.135719797831908,-1.43714055079756,0.150678060982698,0.271314924959446
"YDR169C",113.315471026721,-0.138637111854637,0.13843343044834,-1.00147133106243,0.316598993598235,0.470040128907251
"YDR169C-A",0.197546406023223,2.11456939148162,3.10144313050812,0.681801762115558,0.495364309908004,NA
"YDR170C",293.837928774694,0.449014559877337,0.0800714975545856,5.60767031453657,2.05068179054496e-08,1.65573566792149e-07
"YDR171W",515.642551187224,0.793537056114804,0.0660453429060042,12.0150342355579,2.96246926873499e-33,5.55748685962688e-32
"YDR172W",361.628083109094,0.542712537805602,0.0785225095048044,6.9115536580297,4.79374141136196e-12,4.94388796127737e-11
"YDR173C",30.9722016412286,-0.168116554398677,0.251599665779346,-0.668190690468229,0.504011877219079,0.646059020230944
"YDR174W",291.503907392953,-0.04390640685314,0.0829140069781304,-0.529541490676248,0.596429870173217,0.728764909013351
"YDR175C",77.7739972635498,-0.135691190592903,0.161749419534078,-0.838897542777985,0.401526806817682,0.553884458368183
"YDR176W",120.796622064904,-0.509604670478194,0.12966922948936,-3.93003546396495,8.49333336375297e-05,0.000439042138394491
"YDR177W",158.357038581279,0.0656756088138491,0.12280658994037,0.534788962430586,0.592795796290315,0.725025154603864
"YDR178W",145.038697845835,-0.176435401777599,0.120293917796319,-1.46670259818405,0.142456975785487,0.260217567441737
"YDR179C",4.03423618517693,-1.56781284215571,0.818764531873676,-1.91485192765726,0.0555113899501151,0.125823194965906
"YDR179W-A",10.8000826807133,-0.87103716605345,0.462851509242256,-1.88189332574381,0.0598505008291301,0.134223081320241
"YDR180W",28.0901825144589,0.00927688757992269,0.273188160964516,0.0339578682588945,0.972910747567532,0.985379965735651
"YDR181C",52.1541484189778,-0.283399477922213,0.196821500609769,-1.43988068907217,0.149901157407866,0.270069853842272
"YDR182W",138.449758476822,-0.441259506500759,0.122672757578963,-3.59704562943996,0.000321852040576631,0.00147338783528274
"YDR182W-A",1.50105813561262,-2.40948571960404,1.30589028104181,-1.84509047550443,0.0650243784816723,0.14338476482774
"YDR183C-A",1.70951950883339,-1.69548748353279,1.28446699989036,-1.31999302720702,0.186837346032522,0.319690988072277
"YDR183W",21.6332226456177,-0.359086676174468,0.307847739082215,-1.16644246680197,0.243435597150821,0.389519272669207
"YDR184C",11.3451445724248,-0.491939208905123,0.441025553103953,-1.11544377744745,0.264660298596856,0.413437708853304
"YDR185C",30.5085826489392,-0.0485696620634471,0.26817389982314,-0.181112562018447,0.856279224591371,0.914685978985032
"YDR186C",182.25722764558,0.248025172434959,0.105792656781498,2.34444601336769,0.0190553689735402,0.0521958590341078
"YDR187C",37.1938117277922,1.2525443428231,0.246590941316722,5.07944183243264,3.78545402528796e-07,2.70414015230175e-06
"YDR188W",577.013288422439,0.32795014485045,0.0592248834192604,5.53737088056129,3.07045900683432e-08,2.4294670639808e-07
"YDR189W",113.302249365149,0.0760861144722291,0.134659762574407,0.565024867247832,0.572056850196356,0.707876963582181
"YDR190C",244.708376057503,0.561515380922077,0.0933921563472664,6.0124469000818,1.82743700809088e-09,1.59133013294085e-08
"YDR191W",20.1956700952833,-1.02769420114503,0.343623226102355,-2.99075884014577,0.0027828517046885,0.0102221053767911
"YDR192C",37.6798791377311,-0.381735362088953,0.235081190365714,-1.62384477250218,0.104408941837733,0.206595721533066
"YDR193W",6.71697977757863,0.435742851157675,0.544372185724653,0.800450248165464,0.423449977971409,0.574351160852875
"YDR194C",103.586860520511,0.0232681348195368,0.144480600936297,0.16104677492168,0.87205656036941,0.923842143839255
"YDR194W-A",0,NA,NA,NA,NA,NA
"YDR195W",32.6894268471121,-1.05560522389353,0.264138023359964,-3.9964152470959,6.43088902843808e-05,0.00034193507517061
"YDR196C",98.7506863557447,0.131976290708036,0.142748584321307,0.924536599333108,0.355207005206165,0.50862304054648
"YDR197W",27.6765030510623,-0.452667607527996,0.274167443594913,-1.65106258275078,0.0987257966252112,0.197889818092766
"YDR198C",22.1861046436136,0.0342615523177354,0.297425190540855,0.115193848427674,0.90829147446292,0.946383376109866
"YDR199W",16.3065047685375,-0.974487998334655,0.367680085423239,-2.65036926656747,0.00804038380216429,0.0253270086683023
"YDR200C",63.9979976078216,-0.485018743930056,0.184767834577058,-2.62501720085797,0.00866445900222655,0.0271306140723508
"YDR201W",35.0146171320807,-0.65976225233904,0.246341418504281,-2.67824329479362,0.00740094384330126,0.0235711672429978
"YDR202C",51.399581972259,0.0943623367553597,0.192378105436298,0.490504553734707,0.623776908275532,0.750174046754308
"YDR203W",5.44609193427299,0.888057041750958,0.685347976776166,1.29577538979297,0.195052879155184,0.330205233691629
"YDR204W",93.7312278924034,0.328210648307523,0.14643827479474,2.24129005048421,0.0250072930236128,0.0653559762278959
"YDR205W",57.2599248498503,-0.111357657193557,0.187114472941353,-0.595131180624703,0.551755787610361,0.689095236916772
"YDR206W",123.939440634172,0.128966720288413,0.124698891155993,1.03422507684597,0.301030953464328,0.453771504006076
"YDR207C",79.2190263028703,-0.397715572988145,0.162984646342727,-2.44020269339862,0.014679023101237,0.0420767152651503
"YDR208W",109.625125115031,-0.605992790215242,0.145195765081656,-4.17362579324844,2.99790011286976e-05,0.000168618545494329
"YDR209C",111.610000660474,0.91756134354959,0.131072383854302,7.00041699531105,2.55201792476701e-12,2.66675327609538e-11
"YDR210W",15.9732199921341,0.451429632540262,0.348738651525105,1.29446400783529,0.195505193761069,0.330830790941509
"YDR211W",155.475788507131,0.336042527451279,0.125369532633217,2.68041620953002,0.00735306706247307,0.0234423045733509
"YDR212W",255.867303171313,0.352705491367285,0.0924983042801192,3.81310224130339,0.000137233307805798,0.000674641502292577
"YDR213W",70.6901745410274,0.916669628835825,0.176282586630422,5.20000101177112,1.99287441513371e-07,1.47012275991544e-06
"YDR214W",161.294885554721,0.559042341457159,0.111764856417884,5.00195105487293,5.67530009758704e-07,4.00438026974835e-06
"YDR215C",2.86691493127419,-0.649187381818246,0.841704010327479,-0.771277520188681,0.440542453920411,0.590566029195258
"YDR216W",118.654766922252,-1.20994994988807,0.14371200635957,-8.41926837247513,3.78842672359372e-17,4.79968612155501e-16
"YDR217C",65.2917432223279,-0.432523589306489,0.177240206769587,-2.44032433266551,0.0146740808275799,0.0420767152651503
"YDR218C",3.06737778848017,-2.12670709331991,1.02077859708387,-2.08341661883921,0.0372132647355894,0.0903464898841767
"YDR219C",48.0585803113005,-0.832878362621846,0.217832148034178,-3.82348689180243,0.000131577589932869,0.000649626715387968
"YDR220C",0.0750525647747641,0.671886301116372,3.5338115409304,0.190130767680801,0.849206660687331,NA
"YDR221W",73.9797639574173,0.297488762074048,0.16092804240043,1.84858249461471,0.0645181223346951,0.142467191547308
"YDR222W",14.4250488522983,-1.08053380210603,0.403121127855921,-2.68041967398994,0.00735299095088644,0.0234423045733509
"YDR223W",22.2373754684824,-0.368630443743212,0.303687248722523,-1.21384893601518,0.224805415423724,0.36686108319793
"YDR224C",769.492798929168,0.0462469846259451,0.0503690898206138,0.918162007506006,0.358534055733283,0.51173987695729
"YDR225W",792.092879887176,0.391030182550742,0.0540421784234277,7.2356480430335,4.6331142719554e-13,5.0155048676887e-12
"YDR226W",664.888437928153,0.375036369500308,0.0550710272757105,6.81004855098682,9.75658131637729e-12,9.88479280162455e-11
"YDR227W",47.015181104105,-0.732090992791551,0.215827180858725,-3.3920240716611,0.000693783447562118,0.00295161437112228
"YDR228C",63.081248588925,-0.329769503077563,0.182222304743257,-1.80970986807676,0.0703407914186053,0.152501537499459
"YDR229W",102.626415686064,-0.0643509880095724,0.139180736903238,-0.46235556328683,0.643826360173867,0.767251696327839
"YDR230W",23.5763387365946,-0.544955846271825,0.296552394996787,-1.83763765009461,0.0661158170181213,0.145335255628847
"YDR231C",46.2657721915887,-0.444688693606593,0.206523501916631,-2.15321108483869,0.0313020929009886,0.0785597960576993
"YDR232W",218.853090587999,0.559812384384677,0.0944214481527246,5.92886886758179,3.05028550599243e-09,2.61385757291584e-08
"YDR233C",430.534767903676,-0.0838363409094375,0.0689643249084008,-1.21564796031557,0.224119055914132,0.366119036560501
"YDR234W",108.155394368662,0.528250772605015,0.14574609495076,3.62445918556845,0.000289566741939074,0.00133818782349329
"YDR235W",33.4687350521607,-0.760047859478542,0.253500816198075,-2.9982067548243,0.00271573366790885,0.0100168426187397
"YDR236C",58.8116662303195,-0.350042360947151,0.189590890491564,-1.84630369127743,0.0648481220892637,0.143045997155731
"YDR237W",51.6765015168573,0.24091686568119,0.19737979305035,1.22057512553848,0.222246929156059,0.364017012465419
"YDR238C",342.691001302569,0.456317681712369,0.0763881158924604,5.97367373682544,2.31969497108512e-09,2.00343054743171e-08
"YDR239C",38.8519492348902,-0.0504629590382171,0.244819763333406,-0.206122897723312,0.836694913005685,0.90127538592979
"YDR240C",18.5898651259109,-0.167355667097401,0.362270148147949,-0.461963725007379,0.64410733415641,0.767441870813574
"YDR241W",1.80874691355037,0.411044119010047,1.04284804596248,0.394155333177693,0.693466360754987,0.803325089518357
"YDR242W",38.5172050778345,-0.129157782815796,0.231059217284112,-0.558981305026161,0.576174479070306,0.711162642850932
"YDR243C",27.7583198302432,-0.18101668128828,0.275912836161975,-0.656064733363888,0.51178247443687,0.653634101694927
"YDR244W",88.1249253069113,-0.226339389762793,0.152458334394978,-1.48459833738187,0.137650256166754,0.254417551301912
"YDR245W",167.989509076001,-0.0843791613394335,0.107060397993579,-0.788145410635353,0.430611655735771,0.582145807536643
"YDR246W",85.5876801948194,-0.122603688197509,0.157620421442902,-0.777841393108581,0.436662522159391,0.587357545764185
"YDR246W-A",7.61500512469735,1.05768250823901,0.528588032583614,2.00095810544424,0.045396904894716,0.106374808281836
"YDR247W",76.5303009994727,0.728699694233652,0.161473636185605,4.51280909656392,6.39746014030562e-06,4.00046914015946e-05
"YDR248C",31.1557751563993,0.0375582225350045,0.254878085174137,0.147357598474361,0.882849771614103,0.930303376468199
"YDR249C",15.1008337820001,-0.382097335687489,0.386049384269727,-0.989762841897251,0.32229005093357,0.474724534483232
"YDR250C",0.647717974546136,-1.0104591942765,1.64214350072069,-0.615329411731096,0.538337197713828,0.677641302911884
"YDR251W",304.256256727964,-0.236478699737843,0.0853225024325561,-2.77158654511768,0.00557838411025685,0.0184571917059009
"YDR252W",8.52328981876202,-0.843199782140868,0.501410730597287,-1.68165484040686,0.0926357897633556,0.188309795139529
"YDR253C",28.4730215040757,-0.270631136861986,0.2702886523505,-1.0012671065119,0.316697690999609,0.470040128907251
"YDR254W",33.3931303011104,-0.421503688093895,0.265496990162303,-1.58760251043231,0.112376250180788,0.218665021127405
"YDR255C",53.2000233940439,-0.0290934800017477,0.194747091938435,-0.149391088268188,0.88124504335496,0.929698254054718
"YDR256C",38.6405044053886,-0.162740166836743,0.238261059013243,-0.683033003843475,0.494585987888523,0.63840273613353
"YDR257C",53.798623038548,-0.0986691125558108,0.193158890642713,-0.51081838494465,0.609478234293805,0.740130886900775
"YDR258C",172.030665308469,0.876196809963055,0.108639861240371,8.06515030449482,7.31458187263813e-16,8.87577477904381e-15
"YDR259C",26.2208792869522,-1.63127567871759,0.319405792207542,-5.10722008966458,3.26932874962928e-07,2.3567498694591e-06
"YDR260C",51.8873498198858,-0.580963953504655,0.201863884675716,-2.87799848119411,0.00400207065972176,0.0140561615059783
"YDR261C",128.517773996369,0.388989510634416,0.122132044895855,3.18499138343354,0.00144758318364589,0.00569839407659358
"YDR262W",97.5675871764862,-0.0764485953646875,0.142674209465549,-0.535826311223734,0.592078596117791,0.724665477814896
"YDR263C",9.42305325391477,-0.348996882479221,0.471567764965594,-0.740077902705423,0.459252726000102,0.607786421137251
"YDR264C",216.013622110849,0.215444722750622,0.0953478696241354,2.25956514392941,0.0238482529507789,0.0629514217765446
"YDR265W",41.3642906664256,-0.0581476308463308,0.217902248401768,-0.266851908471905,0.789583185714871,0.869036368399967
"YDR266C",61.0909478981221,0.0243250464061926,0.178087181608124,0.136590664114833,0.891354356290899,0.935448579095462
"YDR267C",96.1983840678931,-0.14887386670951,0.158498489168271,-0.939276251090681,0.347588928594983,0.500998948457902
"YDR268W",27.2977230166071,0.199871937237125,0.268073498599195,0.745586334649067,0.455917340378447,0.605018771173917
"YDR269C",1.4774628924274,1.09127164160138,1.23713422725912,0.882096394680713,0.377724681723555,0.530425463761954
"YDR270W",45.4017635443525,-0.439348522048649,0.210462247696959,-2.08754076731738,0.0368392799264933,0.0896796025010745
"YDR271C",1.90674899506081,-3.68126475701959,1.26387087416594,-2.91269055428542,0.00358329498392585,0.0127900219974856
"YDR272W",88.8823717279077,-0.343087743270744,0.159594301171761,-2.14974933786326,0.0315750475215245,0.0789313762084137
"YDR273W",23.3785783662753,-0.188871001757913,0.294895474656409,-0.6404676164596,0.521868635953166,0.663166535979079
"YDR274C",35.8009372822888,1.8788896099802,0.250773461386799,7.49237817905363,6.76366983567967e-14,7.71839723847777e-13
"YDR275W",50.4374781214897,0.192609139126783,0.198713479715557,0.969280691991743,0.332405160100686,0.48441709141716
"YDR276C",380.817626819526,0.304920099199877,0.0727455904942564,4.19159562975782,2.7699938433005e-05,0.000156495988180034
"YDR277C",174.259894393257,1.54980848656666,0.113282631020262,13.6809012344484,1.32045873317991e-42,2.96026245076717e-41
"YDR278C",0.200092317956257,2.11456972902607,3.08663792635185,0.685072165728654,0.493298383448626,NA
"YDR279W",34.473653176824,0.144361521541916,0.248080596021831,0.581913796793732,0.560624746806154,0.697004847454966
"YDR280W",95.2878211407394,0.255079018472158,0.146462756856761,1.74159645732753,0.0815790817045723,0.170437195815038
"YDR281C",11.5642506078661,4.25913933383676,0.652985263166896,6.52256578223599,6.91147339919958e-11,6.6873133577569e-10
"YDR282C",20.3768199975013,-0.219429680065607,0.320510216254673,-0.684626164587687,0.493579852067659,0.637860144066177
"YDR283C",80.9513729859575,-0.0523222388780569,0.158445803220207,-0.330221677158213,0.741232468685813,0.836201225380391
"YDR284C",138.10784301254,-0.0291945680447544,0.123474963538743,-0.236441195915754,0.813090332506144,0.885823688895488
"YDR285W",19.9465159207247,-1.38188637524796,0.358119574373482,-3.85872896689751,0.000113978253860209,0.000572283959597872
"YDR286C",20.652082520769,-0.270167356258865,0.317601741661869,-0.850648220142618,0.39496479473266,0.547359437060567
"YDR287W",67.0465642753724,-0.0622200547637136,0.171868027918171,-0.362022276728151,0.717335383521923,0.819182495416473
"YDR288W",25.5575989528125,-0.5540916848525,0.296684889177695,-1.86761006395791,0.0618164426165803,0.137413343959923
"YDR289C",62.0284341123248,-0.0359811765779881,0.178183504677157,-0.201933263369024,0.839968897298695,0.903109416449379
"YDR290W",1.47912662674417,1.1256326457004,1.20239434207808,0.936159300080353,0.34919117487377,0.502409332624482
"YDR291W",60.4977054946155,-0.052097267397745,0.18175097990609,-0.286640916184679,0.774387281843145,0.858829386536857
"YDR292C",173.069205233118,0.0171117274362279,0.107859149253786,0.158648826312963,0.873945558085929,0.92531968149711
"YDR293C",589.317223853051,0.0102667411522581,0.0590661535220892,0.173817669512178,0.862008757512839,0.918062561488573
"YDR294C",234.312568947241,0.333143657762879,0.0905328906953565,3.67980802561478,0.000233409601127382,0.00109629680410647
"YDR295C",41.5657695520469,-0.403896400545255,0.238555652249402,-1.6930908856563,0.0904381688875927,0.184748374805522
"YDR296W",124.048895574727,0.208862403526437,0.123103180011908,1.69664507047043,0.0897637833844482,0.183712087587077
"YDR297W",243.817464941513,0.168295781707276,0.089321558027631,1.88415636072106,0.0595438284489771,0.133677586453989
"YDR298C",143.395596681412,-0.166760276192081,0.121912431270994,-1.36786933418953,0.171352980155096,0.300350627026872
"YDR299W",16.0577882413227,0.906196722754083,0.344449882902044,2.63085217251124,0.00851710743375246,0.0267354285979062
"YDR300C",108.181311072059,0.21483144736169,0.13692781487686,1.56893942662336,0.116662053918269,0.22426909145168
"YDR301W",84.0900696918295,-0.0340912222746142,0.150899180792212,-0.225920525848035,0.821263233189805,0.890779064917975
"YDR302W",40.8168571713415,-0.674708759724392,0.235303751321897,-2.86739482874366,0.00413866334256333,0.0144619938285737
"YDR303C",70.6106098569247,-0.268270982528283,0.167424460348657,-1.60234043442407,0.109080348913667,0.214229874443058
"YDR304C",285.993700261044,0.135478773096521,0.0873494058428718,1.55099822132993,0.120902110212569,0.230458001216273
"YDR305C",36.8379449682126,-0.269969673822517,0.256509519785681,-1.05247428652193,0.292582001794761,0.444426577449899
"YDR306C",68.156806064572,-0.673429252996745,0.174954711063432,-3.84916330005304,0.00011852197658097,0.00059232880311849
"YDR307W",57.5290376648008,-0.128987195261513,0.186459824401742,-0.691769370025794,0.4890821749776,0.63438192659179
"YDR308C",32.0474500182094,0.04223402700836,0.260279810019606,0.162263938202424,0.871098011438478,0.923726357263343
"YDR309C",108.417483203962,-0.921648097758898,0.146285228914728,-6.3003496976181,2.96974863858037e-10,2.7408395464387e-09
"YDR310C",129.215684781785,-0.0711448971414558,0.126795428449296,-0.561099859920467,0.574729463647668,0.710211037760077
"YDR311W",62.1372701120011,-0.0475215901716951,0.194040250572234,-0.244905837997795,0.806529341257134,0.881244122956723
"YDR312W",22.906393353742,0.0690651916826416,0.291513397924785,0.236919442380008,0.812719286497726,0.885711313435378
"YDR313C",39.0238908524545,-0.124320030376979,0.240733951237546,-0.516420844413029,0.605560510491933,0.737072304068156
"YDR314C",13.6867836128176,0.440992465037597,0.375174318522093,1.17543350721547,0.239821324672796,0.385592679191611
"YDR315C",21.3340754632685,-0.284483556630597,0.307653081166195,-0.924689444201984,0.355127471770686,0.50862304054648
"YDR316W",41.5294432067006,-0.383851676303483,0.225725019339218,-1.70052782552489,0.0890316870445997,0.182509184661465
"YDR317W",13.7015693075464,-1.21515381414817,0.435065509898722,-2.79303641980502,0.00522158126856007,0.0174845533791508
"YDR318W",30.4047458294473,-0.425304873960843,0.265393433287812,-1.6025448282272,0.10903518285017,0.214207714723051
"YDR319C",55.1721353810115,-0.445845089652658,0.203821674452363,-2.18742727362325,0.0287113469680519,0.0731318031958194
"YDR320C",56.5372544866128,-0.261107580675788,0.192662133502827,-1.35526154480147,0.175334242367785,0.304857832851797
"YDR320C-A",31.5778683239146,-0.646161692477761,0.268047659438237,-2.41062240137429,0.0159253265893683,0.0450671059525455
"YDR320W-B",0.200092317956257,2.11456972902607,3.08663792635185,0.685072165728654,0.493298383448626,NA
"YDR321W",170.778330034653,0.339476061692278,0.114507524750053,2.9646616013514,0.00303016046189779,0.0110285978354161
"YDR322C-A",60.8558046961136,-0.367919385100551,0.182368157891059,-2.01745408494138,0.0436481479860531,0.103374209251904
"YDR322W",51.12041933232,0.264679641546299,0.193798775387451,1.36574465456317,0.17201912320468,0.301100491751428
"YDR323C",15.4107603583719,-1.07824175576368,0.393289214516619,-2.74160011504236,0.00611407253149409,0.0200171758384804
"YDR324C",34.7742097454483,0.801348882940561,0.236383818097584,3.39003274162256,0.000698842765150654,0.00296714839575718
"YDR325W",40.8399239453681,0.342712584643003,0.216356926763432,1.58401484884156,0.113190340060553,0.219691503577343
"YDR326C",98.3474782731612,-0.450669292333649,0.15036351404191,-2.99719845738666,0.00272473269985904,0.010044175002046
"YDR327W",170.083926114349,0.317265226984073,0.108930463940737,2.91254820283039,0.00358492865858027,0.0127900219974856
"YDR328C",334.919553325442,0.272416228493275,0.076257154754541,3.57233664657614,0.000353810180807603,0.0016103585047269
"YDR329C",129.883179323703,-0.329787643882065,0.127186371724468,-2.59294796612725,0.00951571663175059,0.029374199485316
"YDR330W",133.319920109221,0.303507540697299,0.120488630427937,2.51897245092202,0.0117697865115608,0.035214666505484
"YDR331W",59.2967873553344,-0.0176692682136301,0.180146009280927,-0.0980830398861399,0.921866354793844,0.954790153179339
"YDR332W",36.4196207621438,-0.119366448745789,0.234707594160941,-0.508575145054483,0.611050054471108,0.741041972529448
"YDR333C",91.0531537098248,-0.165250099232306,0.15387776924205,-1.07390495746248,0.282865281209049,0.433415973776928
"YDR334W",154.35653969388,-0.138022478094344,0.117369395924318,-1.17596650308521,0.239608261847664,0.385446165750874
"YDR335W",255.173486133694,-0.352147254352208,0.0898922027183413,-3.91743937408664,8.94945432956669e-05,0.000459987400581468
"YDR336W",34.332339059718,-0.231057406193085,0.250982664142283,-0.920611019022803,0.357253547176625,0.510523717280882
"YDR337W",49.839275118753,-0.455869781713002,0.199839585680042,-2.28117857711576,0.0225378818957059,0.0600654771146705
"YDR338C",57.3912174795019,-0.214980360027544,0.187170802019125,-1.14857850534603,0.250729824491031,0.397271666775013
"YDR339C",50.0255017892631,-0.134969968890207,0.199832120975622,-0.675416786006448,0.499411003721083,0.642244988918773
"YDR340W",42.6221595968214,1.30702308283051,0.22308666847631,5.85881304229215,4.66187162749007e-09,3.95071748377912e-08
"YDR341C",313.396257540261,0.376736434391097,0.0788247923928142,4.77941549802852,1.75805541895945e-06,1.16625670080395e-05
"YDR342C",3220.41153645674,3.57652376559074,0.0349270031406302,102.39996117589,0,0
"YDR343C",612.830191712868,2.20942268393781,0.169569907227593,13.0295682769489,8.30763740235748e-39,1.7565512928998e-37
"YDR344C",6.7633805456513,-1.35852728707564,0.599661461775695,-2.26549040362343,0.0234826022513266,0.0621159043652245
"YDR345C",3990.05323163285,1.18705778526269,0.0232981314541265,50.9507720651322,0,0
"YDR346C",313.615157384571,0.115953847304292,0.0784428800171738,1.47819467208375,0.139355679578952,0.256404716617618
"YDR347W",90.8438500124413,0.0759519247523172,0.152074890417781,0.499437642490892,0.617471106266341,0.745683349343994
"YDR348C",230.055027779902,-0.276932934916296,0.0928534345137502,-2.98247379180451,0.00285929127926497,0.010485173705054
"YDR349C",194.893535596745,-0.210041087904931,0.101509168517723,-2.06918341438546,0.0385288784930899,0.0930218638228923
"YDR350C",73.2184198885146,-0.830794000371522,0.188592343509102,-4.40523716346643,1.05668205259399e-05,6.38656208078318e-05
"YDR351W",91.8632392463233,-0.796366435692041,0.15537847063138,-5.12533321029618,2.97011995874447e-07,2.15087037562228e-06
"YDR352W",52.3416997049342,0.177483339371622,0.194772397332675,0.911234557884899,0.362171799233913,0.515338760917578
"YDR353W",814.622358886286,0.41145910302742,0.0518134293597388,7.94116714743343,2.00287554357578e-15,2.38459118389568e-14
"YDR354C-A",0,NA,NA,NA,NA,NA
"YDR354W",183.959017604166,0.118811937534125,0.102970043883466,1.15384953772174,0.248561860655672,0.395024656376359
"YDR355C",1.05968672724765,0.232357464272083,1.35931045932636,0.170937744705675,0.864272717439717,0.919699060705923
"YDR356W",45.0017081570609,-0.309187320903789,0.210714314487394,-1.46732945816211,0.142286453866089,0.26004838818788
"YDR357C",16.1166227204348,-0.661504487558866,0.361603403404701,-1.82936466120182,0.0673449978979065,0.147575416537457
"YDR358W",132.889336319271,-0.121949628176281,0.126692616959524,-0.962563021452479,0.335766862302021,0.488650211388214
"YDR359C",89.1550956449225,-0.426197326335899,0.153565395992482,-2.77534742499387,0.00551427661733622,0.0182902711305349
"YDR360W",3.77690031527011,-0.681961114466772,0.761988833732913,-0.894975207347733,0.370800341382732,0.523609505968647
"YDR361C",48.9852179498476,0.672450172540708,0.198985973720478,3.37938478761985,0.000726482499086459,0.00305878895576915
"YDR362C",47.7219640191152,0.0410622696394125,0.203099325608177,0.202178266798535,0.839777362867982,0.903057065496067
"YDR363W",38.4763789245958,-0.337533073844435,0.227703899182593,-1.48233330679055,0.138251630159618,0.254796768768851
"YDR363W-A",94.8013976330265,-0.215643745985248,0.148202823589847,-1.45505828270887,0.145653127008529,0.264527167178375
"YDR364C",30.312181043702,-0.191538490433452,0.262707428221426,-0.729094307420999,0.465943976531644,0.613814923866025
"YDR365C",194.041803084416,0.800643276958509,0.107951307253891,7.41670756311892,1.20067652524073e-13,1.35306185250836e-12
"YDR366C",188.324794514383,-0.30438007226583,0.114218247878754,-2.66489880486468,0.00770114929705873,0.0243872131183318
"YDR367W",45.3150270735273,-0.270303162972917,0.225997255986298,-1.19604621654922,0.231678524131174,0.374883959446451
"YDR368W",139.656695897855,0.0346556102260704,0.126117773532408,0.274787678654706,0.78347936485084,0.864576111814803
"YDR369C",32.1827469521244,0.0929352195927847,0.246116891179256,0.377606019430404,0.705723292360936,0.811491934213502
"YDR370C",34.4436511487755,-0.152357090719301,0.244378815159972,-0.623446392517974,0.53299121956983,0.673240857166926
"YDR371C-A",0.39763872397948,2.83326207307037,2.27301135137441,1.24647950893742,0.21258840742755,NA
"YDR371W",48.1438400249596,-0.625448532269315,0.207633660120294,-3.01226945528464,0.00259302315785039,0.00960908112774336
"YDR372C",182.514983685459,0.176365564563932,0.104476981529376,1.68808058944873,0.0913957599668039,0.186268212285666
"YDR373W",76.7170323597793,-0.30961272729866,0.160924764281522,-1.92395948927427,0.054359661513278,0.123842082914214
"YDR374C",0.80472418283034,-0.0903039830075394,1.70339859343202,-0.0530140058561364,0.95772074834719,0.976566221137248
"YDR374W-A",16.5554926013721,-1.62586431814172,0.402419236396241,-4.04022514604848,5.33999133545303e-05,0.000287558988268604
"YDR375C",70.1441727262329,-0.0488050175016898,0.172580068318706,-0.282796373747871,0.777332934246656,0.860647777637015
"YDR376W",65.3187223304976,-0.363520813509071,0.174113662037276,-2.08783624016388,0.0368126092698789,0.0896796025010745
"YDR377W",96.1868262899752,-0.198241907572412,0.14573591416467,-1.36028177205801,0.173740774328322,0.303338628915673
"YDR378C",90.1243950423121,-0.320362873149335,0.148048030030336,-2.16391175947218,0.0304711222571717,0.0769461312239292
"YDR379C-A",10.1156544551466,-1.20126564351615,0.496866528466384,-2.41768276728954,0.0156196876453543,0.0443411159829051
"YDR379W",136.485926288538,-0.167957684388188,0.125766186030739,-1.33547569254535,0.181720705721182,0.313424287738834
"YDR380W",63.2900299090588,-0.0977456965022429,0.185749278638486,-0.526223828263043,0.598732699958196,0.73059025847051
"YDR381C-A",36.0818769417086,-0.98402727653394,0.25418497305253,-3.87130389620075,0.000108254729025556,0.000546634502315948
"YDR381W",213.998348474827,0.309266573906951,0.0970026740323114,3.18822730396004,0.00143147960045815,0.00564202869956136
"YDR382W",1649.31435659261,0.793480000209412,0.0345939230936106,22.9369764759628,1.98772822398372e-116,1.0216599863435e-114
"YDR383C",32.6140853150696,-1.02718538298345,0.269149494780339,-3.8164120791747,0.000135406293288482,0.00066721635710817
"YDR384C",77.1199043554997,0.817639566745805,0.158546058443133,5.15711065147088,2.50789613144464e-07,1.8266036109439e-06
"YDR385W",3671.07707591689,0.903822742688116,0.0502352532359584,17.9918022597159,2.25890258177539e-72,7.47684927852566e-71
"YDR386W",29.369315285536,-0.54417230574648,0.264768137801352,-2.05527866859402,0.0398520964587755,0.0954336946259011
"YDR387C",85.5030995913102,-0.152005197854509,0.153690096209391,-0.98903704014482,0.322645019568941,0.475025331900801
"YDR388W",515.65872508112,0.546377334827597,0.0610546942822436,8.94898158529473,3.58777001170319e-19,4.81568620254513e-18
"YDR389W",75.4759734861027,0.0452802821625011,0.162286027537257,0.279015284615958,0.780233094961877,0.862449533663951
"YDR390C",106.037671825879,-0.0930712252611486,0.139061847434844,-0.669279367259635,0.503317285904804,0.645430401924984
"YDR391C",120.682199956367,0.784504513380677,0.132185943580782,5.93485579577716,2.9410388048067e-09,2.52625642988967e-08
"YDR392W",74.3517916888382,-0.319094896258077,0.164706852782929,-1.93735045547024,0.052702518523299,0.120719319603006
"YDR393W",45.1704181748936,0.0366941849758228,0.209946556497945,0.174778694101524,0.861253530277561,0.917412774796081
"YDR394W",420.370701685575,0.451249569038816,0.0681052026151769,6.62577235969132,3.45437169051048e-11,3.40694817900269e-10
"YDR395W",91.4292208306017,0.833734459787715,0.147350032462647,5.65818986160772,1.52977851176964e-08,1.2479044840526e-07
"YDR396W",30.0579062768167,0.137613672630968,0.259371450104387,0.530565999363396,0.595719562245766,0.728150754658227
"YDR397C",33.288940966505,1.63972014911958,0.266590593928242,6.15070518789928,7.71391896179065e-10,6.9173610888568e-09
"YDR398W",85.9152719417479,0.495537096408964,0.15579716450479,3.18065542453264,0.00146942292818085,0.0057771714875369
"YDR399W",185.355873568526,1.89104698455435,0.112488348972951,16.8110475602151,2.02559917650962e-63,5.92862870087676e-62
"YDR400W",36.581199505822,-0.137724605838634,0.236341093272666,-0.582736602981446,0.560070628624897,0.696452894210582
"YDR401W",0.300210259099056,-1.0163235072638,2.70214797236917,-0.376116895764489,0.706829993996566,NA
"YDR402C",2.86775392384983,-0.311288517948862,0.849603504092794,-0.366392695474174,0.714072069539668,0.817375271343433
"YDR403W",7.55223894519711,-1.3801128121782,0.577517276540145,-2.38973424387637,0.016860568155511,0.047179890827691
"YDR404C",90.4247913461352,0.0818445675676684,0.149650304006379,0.546905454760584,0.58444368801418,0.717725912126194
"YDR405W",138.324804150088,0.208146457271249,0.125534900979098,1.65807640463194,0.0973020457352307,0.19540772971351
"YDR406W",206.089319430126,1.96695667845238,0.106830240806861,18.4119839438391,1.05293772967085e-75,3.59820125782654e-74
"YDR406W-A",1.94263429974057,0.121610729173042,1.01439476385159,0.119885012725514,0.904574236955139,0.943838641034888
"YDR407C",79.6279600303688,-0.122292179236114,0.159681868672028,-0.765848873470358,0.443766229879821,0.593252295474779
"YDR408C",191.250066226245,0.701477929612899,0.103831583471299,6.75592056059515,1.41931172328645e-11,1.41976087256597e-10
"YDR409W",64.4945180708355,0.123842121455989,0.174013132134486,0.711682618069749,0.47666133361691,0.621971713338721
"YDR410C",40.869892291571,-0.822460129448383,0.236195771164735,-3.48211200138193,0.000497475571507692,0.00219166589761089
"YDR411C",102.162313691008,0.0991406964822598,0.140307201688678,0.706597347028835,0.479816738077292,0.62479946820281
"YDR412W",20.9956875971131,-0.383502137919219,0.353214915687679,-1.08574729119967,0.277590811715873,0.426845266328728
"YDR413C",21.5304352366434,0.787305795853431,0.317821222786501,2.47719705106763,0.0132418771292031,0.038667504485368
"YDR414C",35.3059764566886,-0.455462077675589,0.254692486062017,-1.78828235068029,0.0737304658691112,0.158008137364244
"YDR415C",53.5793857446365,0.270371782272176,0.190670536065091,1.4180050460438,0.156189291556011,0.279487319902944
"YDR416W",41.2528664113922,-0.244937776087241,0.221230162977468,-1.10716266168546,0.268223607602396,0.418020308164715
"YDR417C",319.378883991021,0.431822360470423,0.077556444848711,5.5678462481458,2.57907235996756e-08,2.05869892168117e-07
"YDR418W",745.327916935646,0.496989914138697,0.0551274178414065,9.01529463194639,1.96341972022984e-19,2.66367799813156e-18
"YDR419W",34.3796659740671,-0.00259872967716204,0.238690621091173,-0.0108874394196218,0.991313251796632,0.995090882479884
"YDR420W",126.492526774714,0.0588923956833129,0.12608629277928,0.467080079722915,0.640442585663427,0.763948888918492
"YDR421W",74.2307026472245,-0.129139944712869,0.16895887706311,-0.764327669298089,0.444672000499359,0.59421187638067
"YDR422C",67.9113753731583,0.180897728627072,0.180708854904172,1.00104518244554,0.316804965086017,0.470040128907251
"YDR423C",77.2105630998297,-0.268670639343399,0.162146154345149,-1.65696584312138,0.0975263809955723,0.195796056098446
"YDR424C",64.1292046790202,-0.0781812704192983,0.177977637628261,-0.439275807124681,0.660461701854071,0.779139460205415
"YDR425W",45.6566828181457,-0.329686321512057,0.218508499313743,-1.50880319322811,0.131349084491487,0.24553190779278
"YDR426C",9.62220397467488,-0.456453326793339,0.463917056096124,-0.983911500547982,0.325159028547502,0.477171629173005
"YDR427W",153.854854149919,-0.240694525195503,0.120886074502479,-1.99108562492504,0.0464714745531807,0.108450595099745
"YDR428C",30.9740385060299,-0.18203858217623,0.25567345434297,-0.711996412157973,0.476466997757068,0.621846482208956
"YDR429C",441.057298133039,0.382862500472948,0.0684035228300169,5.59711670734215,2.17945999700679e-08,1.75299568715992e-07
"YDR430C",112.506917937652,0.37053626524998,0.135636393755463,2.73183512913219,0.00629826498612364,0.020524552186739
"YDR431W",0.577592527616162,-0.7204828039058,1.76266029783944,-0.408747394372542,0.682725048843611,0.79443912364979
"YDR432W",575.093887508985,0.229734594345363,0.0618307087646267,3.71554198448383,0.000202768591707468,0.00096383686975535
"YDR433W",262.432439684208,0.181118344334965,0.0947910493478841,1.91071146042765,0.0560416712179635,0.126630887232804
"YDR434W",113.617724085938,-0.154443112685068,0.132750418261314,-1.16340961262399,0.244663351286302,0.39069505098055
"YDR435C",108.145234265649,0.229560446529611,0.13946044095387,1.64606138457244,0.099751121640019,0.199502243280038
"YDR436W",134.452236526155,-0.272387913966388,0.124895950525835,-2.18091869928195,0.029189430371444,0.0740809228455516
"YDR437W",8.13826601651705,0.669863568373381,0.504426498776095,1.32797061613276,0.184187814251348,0.316553192624144
"YDR438W",34.2706969745924,-0.105682897730753,0.275270704679012,-0.383923519409694,0.701035133784709,0.808306422722402
"YDR439W",27.8533236421893,0.21083268496669,0.267580767938519,0.787921667879855,0.430742526093304,0.582145807536643
"YDR440W",49.4472325054423,0.2115908705121,0.202018465383575,1.0473838127141,0.294922594442331,0.447229705460402
"YDR441C",36.080619564809,-0.131623849561803,0.247619452189578,-0.531556985519183,0.595032863267394,0.727620456784617
"YDR442W",10.3726958091187,-0.384622767349795,0.474173295356391,-0.811143881607062,0.417283048370871,0.568793322941063
"YDR443C",69.9692275714608,0.133050921781811,0.171712432994683,0.774847339015521,0.438429872716167,0.588857798026685
"YDR444W",45.6947984502005,-0.550839697902304,0.222635654035669,-2.47417557752925,0.0133544047998779,0.0388765134085123
"YDR445C",3.41904262035591,-0.675127505496412,0.858365524423961,-0.786526819037242,0.431558913449556,0.582599925438413
"YDR446W",0.197946006589724,2.11456944500284,3.09910032821918,0.682317195654627,0.495038402132202,NA
"YDR447C",539.871775706882,0.48227895655891,0.0645867168576276,7.46715392922087,8.19478876782706e-14,9.31788751622351e-13
"YDR448W",33.9546593286731,0.299473153442328,0.239092847779043,1.25253915465964,0.210373470212711,0.34925973704957
"YDR449C",15.1718364157885,0.347667972055175,0.370232956960484,0.939051928033199,0.347704083852971,0.500998948457902
"YDR450W",1347.1876571744,0.805494840406432,0.0395872350648604,20.3473376982933,4.90183908807841e-92,2.01230043602803e-90
"YDR451C",42.6139734575941,0.944320832125567,0.2151710808964,4.38869771993309,1.14031434919241e-05,6.85272558516577e-05
"YDR452W",315.066002253864,-0.567866310613842,0.0832103323499039,-6.82446872373894,8.82512976125814e-12,8.98429474245957e-11
"YDR453C",34.257069644215,0.244797598804263,0.250952090077846,0.975475433292172,0.329324481903362,0.481384826495504
"YDR454C",193.823136133822,0.189939738495553,0.100360837650689,1.8925682860146,0.0584153045922828,0.131517648017241
"YDR455C",4.09062678912465,-0.45098614939533,0.740374596213836,-0.609132392847628,0.542436688056468,0.680683751864429
"YDR456W",136.588193857894,-0.502499959803587,0.130021593492495,-3.86474235783453,0.000111206521484176,0.000559751296833565
"YDR457W",240.319258703134,0.35605651493919,0.0916798760805592,3.88369323957553,0.000102881694631904,0.000522004874368298
"YDR458C",67.6848274628512,-0.442493330509122,0.176579309701125,-2.50591833923283,0.0122133823483067,0.0362162303968081
"YDR459C",48.5556223674227,-0.975227080218368,0.218712524973672,-4.45894481962459,8.23641197955612e-06,5.07510687473234e-05
"YDR460W",61.9081504845613,-0.300510701122505,0.187885664644076,-1.59943389875849,0.109724225129011,0.214989626916187
"YDR461C-A",38.2546631229461,-0.518908615733147,0.232881188706676,-2.22821181313504,0.025866393689508,0.0671570188521846
"YDR461W",40.0787762596204,1.37122825253326,0.22749270199383,6.02757029353165,1.66442867499962e-09,1.45539669202594e-08
"YDR462W",49.027174546048,0.19267296758661,0.211680366402342,0.910207077119262,0.362713312552981,0.515529128138478
"YDR463W",86.2987347782683,-0.0108165590995359,0.15255664430074,-0.0709019207201018,0.943475814711346,0.9684716981543
"YDR464C-A",0.60027695386877,3.40515899675778,3.48552468700641,0.976943015050726,0.328597364698689,0.480433057267602
"YDR464W",61.443463772472,-0.304549853784754,0.181432306323945,-1.67858668588484,0.0932326231558379,0.189462116229896
"YDR465C",105.11060232625,0.217068120078572,0.147080462119283,1.47584605698701,0.139985223393487,0.256964745149136
"YDR466W",105.199872346834,-0.091881502427232,0.135104678362345,-0.680076393659809,0.496456090781778,0.640137753604406
"YDR467C",11.5439727187914,-0.339323513006996,0.425429145497044,-0.797602883108895,0.425100977408511,0.576096115579122
"YDR468C",74.2399505058186,0.037630962185853,0.164926205657526,0.22816848320633,0.819515261979084,0.890049044190306
"YDR469W",49.4395263340732,-0.255916279850374,0.21165295132042,-1.20913163862735,0.226612275855623,0.368762627531338
"YDR470C",57.865703169658,0.0565597792019463,0.181846845684701,0.311029751376681,0.755778004244615,0.844916553942714
"YDR471W",675.417776457259,0.698018009733643,0.0550422141687382,12.6815031022151,7.4881955144314e-37,1.52219845794969e-35
"YDR472W",47.2574551748441,0.0231880585512449,0.20052691637597,0.115635641191277,0.907941314786366,0.946383376109866
"YDR473C",38.3158236583383,-0.30120426069684,0.234851505137748,-1.28253068048329,0.199656549501423,0.336146126750465
"YDR475C",148.585671076791,0.0351903678756058,0.114499664275143,0.307340358579945,0.758584319500744,0.847309199272739
"YDR476C",264.496649545215,0.147443465651754,0.0996843406698285,1.47910358498645,0.139112632214812,0.256085189696016
"YDR477W",173.196269667861,0.154823572210368,0.108071894965634,1.43259792251816,0.151972775803525,0.273179382607303
"YDR478W",8.39825304273438,0.258874611825267,0.483764580368385,0.535125187602894,0.592563293971326,0.725021316912468
"YDR479C",152.331077931966,-0.291089382089922,0.120357077817908,-2.41854810176034,0.0155825851667957,0.0442556619157603
"YDR480W",41.5064864226972,-0.389130034948666,0.221440197705027,-1.75726918139322,0.0788719381992535,0.166493852448395
"YDR481C",307.902368009649,0.966937322404639,0.0829995453385841,11.6499110743338,2.29698388472398e-31,4.16089745536533e-30
"YDR482C",86.1956754282439,0.457071170576066,0.155598418190683,2.93750525160181,0.00330864568074797,0.0119254606577472
"YDR483W",371.1053354447,0.118203027559637,0.0751170060288412,1.57358544767151,0.11558331972556,0.222915725230321
"YDR484W",32.3874094913694,0.109144040277941,0.252968548769675,0.431453003975269,0.666139017067731,0.781799769337571
"YDR485C",79.3220276987216,-0.444227275521483,0.162326209301393,-2.73663308860174,0.0062071481338219,0.0202903777156267
"YDR486C",88.5929888566384,-0.273132876640703,0.151590921676178,-1.80177594819404,0.0715806633282783,0.154500837678858
"YDR487C",332.659414444604,0.339349341365876,0.0760557772008354,4.46184831521449,8.12557367095371e-06,5.01658952614935e-05
"YDR488C",40.648570372416,0.224852246273259,0.221845826781187,1.01355184154551,0.310796647178278,0.463737645376699
"YDR489W",31.9991253124858,-0.598500440824699,0.27024709012737,-2.2146415731715,0.0267846761160849,0.0691649712299624
"YDR490C",88.61173989709,-0.0829006579184255,0.149495637479298,-0.554535632719755,0.57921232652456,0.713301246124897
"YDR491C",9.23255103312854,-0.232392378339048,0.475612511647636,-0.488617041494524,0.625112845831119,0.750895575022674
"YDR492W",96.7456558776747,0.156283058349164,0.143864756995009,1.08631927383429,0.277337762718297,0.42670463273426
"YDR493W",19.6408648924417,0.166329788216143,0.313062837252857,0.531298411768372,0.595212005825364,0.727698762488485
"YDR494W",71.7815076523604,-0.170756157949049,0.164991825099583,-1.03493708155532,0.300698295718953,0.453378160156266
"YDR495C",36.1903171169237,-0.63465753448591,0.242006405456209,-2.62248238136305,0.00872917810748164,0.027292712163946
"YDR496C",57.4437321110735,0.433978169798654,0.193143386069281,2.24692224067659,0.0246449970614704,0.0645158059720977
"YDR497C",928.593287991245,0.600190293254585,0.0460840259892177,13.0238250754179,8.95691657000557e-39,1.88752088518584e-37
"YDR498C",70.9875609639357,-0.422344784341244,0.174983873906701,-2.41362118069482,0.0157948745979724,0.044737991580816
"YDR499W",38.7905582404197,-0.401458550917028,0.230020375928892,-1.74531734110865,0.0809296450259382,0.169304174670411
"YDR500C",966.248115580245,0.647816992617881,0.0462561462169084,14.0049927544781,1.45294542591157e-44,3.38949113749555e-43
"YDR501W",10.9982134549767,0.0560274422144944,0.420441735994816,0.133258516978403,0.893988933593089,0.937435401919971
"YDR502C",339.855990612764,1.32142332989364,0.0783188126288437,16.8723616400561,7.1864810867496e-64,2.11315969443865e-62
"YDR503C",34.47514775278,-0.653448637548698,0.280536369833276,-2.32928314406095,0.0198440707405063,0.0538661293351141
"YDR504C",6.2718612039563,-1.7743565315203,0.697521757368158,-2.54380098223056,0.0109653541262824,0.0332035720998207
"YDR505C",108.691942603767,-0.17930809453458,0.136247045805245,-1.3160512470185,0.188156842755485,0.321008317504003
"YDR506C",43.5472374829803,-0.193945429627117,0.217042278908203,-0.893583640029624,0.371544702839067,0.524192281041861
"YDR507C",88.4519600715821,-0.77212158787506,0.161350943890605,-4.78535525889798,1.70685154065793e-06,1.13347851260919e-05
"YDR508C",294.075069029832,0.0789411753197598,0.0818537828311758,0.964416946771742,0.334836929221817,0.487526270506754
"YDR509W",4.94624962131763,0.19196933532926,0.636782847437933,0.301467503563641,0.763058026434177,0.850802970567349
"YDR510C-A",15.9308323350165,0.215987531142976,0.362154807564533,0.596395592800433,0.550910983982018,0.688689337050115
"YDR510W",195.326181735169,0.19768473500933,0.101958435103031,1.93887572724675,0.0525164722127152,0.120364386982474
"YDR511W",32.2113555005185,-0.27966070181543,0.247074921054866,-1.13188623362275,0.257682267046547,0.406149910812334
"YDR512C",46.7400644604346,-0.677624451958479,0.209488514547584,-3.23466159193448,0.00121786983411143,0.00488538901729219
"YDR513W",167.611271673251,0.0354348551248059,0.108833155726423,0.325588786691801,0.744735497230226,0.838357872772345
"YDR514C",36.4201216243728,0.10223357524012,0.23138512334819,0.441832965580412,0.658610081712788,0.7779788735344
"YDR515W",28.1651040631189,0.217056673808419,0.268134122382659,0.809507838389377,0.418223095999619,0.569658042721511
"YDR516C",1302.57115510159,0.936558392894915,0.0393357309358141,23.8093552760756,2.67195668750234e-125,1.49487700693715e-123
"YDR517W",357.575002586687,-0.154262213641901,0.0778044946558445,-1.98269025876017,0.0474020383568033,0.110174884739599
"YDR518W",102.752992732783,-0.358151444056086,0.143676463449733,-2.49276350111018,0.0126753241200633,0.0373234276138986
"YDR519W",65.4140258198769,-0.151518052821207,0.174368576053276,-0.868952745103067,0.384872978039103,0.537739964821461
"YDR520C",25.1752362024102,-0.813867873363285,0.293651963266756,-2.77153901615144,0.0055791985684873,0.0184571917059009
"YDR521W",1.23916105576762,-1.06302290671925,1.38774481841073,-0.766007476746797,0.443671853424346,0.593251577273416
"YDR522C",7.26778703469056,-0.712610815082067,0.55880518587011,-1.27524016079498,0.202224250451588,0.338844874464601
"YDR523C",3.00498419520731,-0.72125566225267,0.897359905037022,-0.803752940380051,0.421539672885829,0.57274313603787
"YDR524C",61.1157555806042,-0.233096505643296,0.184318799704502,-1.26463771474746,0.206001226862216,0.34389747985818
"YDR524C-A",0.917326523039521,-2.62439309250406,1.5314422702312,-1.71367419034859,0.086588579563111,0.178368523948513
"YDR524C-B",3297.16216713009,0.56953747140171,0.0258178296546707,22.0598508480234,7.68357743955135e-108,3.65229899043937e-106
"YDR524W-C",144.767515635277,-1.48510213339609,0.136419706789631,-10.88627272661,1.34013395240391e-27,2.23544243986741e-26
"YDR525W",0.904537263892469,-0.517238321686253,1.5485607946531,-0.334012279964845,0.738370292243318,0.834212472538291
"YDR525W-A",40.0359669493202,-1.55835660529695,0.254971268029008,-6.11189102734372,9.84574091357154e-10,8.79163475361572e-09
"YDR526C",2.55644380284651,-0.382762416346156,0.927429490134733,-0.412713225552651,0.67981673385656,0.792221454643534
"YDR527W",77.1676650441793,-0.166184905582421,0.163788294828158,-1.01463236891731,0.31028110364015,0.463405891144113
"YDR528W",18.3633999772498,-0.961694120685951,0.349177245959432,-2.75417179044273,0.00588408737732434,0.0193443579820304
"YDR529C",98.8318465516558,0.0519689901173491,0.140915111296852,0.368796430979438,0.712279465119843,0.815766445378197
"YDR530C",132.693418541541,-0.00338067422398813,0.122156129320404,-0.0276750273833655,0.977921341334041,0.988170255501909
"YDR531W",96.61724657266,-0.0928235798496809,0.140809417096774,-0.659214289523593,0.509758172151983,0.651945105576215
"YDR532C",24.8170757616446,-0.734849219005076,0.294060655296257,-2.49897157531918,0.0124554301059502,0.0367959014625314
"YDR533C",30.3576724160042,0.394081806015306,0.258553451059845,1.5241792534577,0.127463939107619,0.240357774580311
"YDR534C",122.457089103581,0.672129060197178,0.125720209657866,5.34622923415658,8.98054589527679e-08,6.85688540458211e-07
"YDR535C",1.44103359802773,-2.41250249109146,1.32324016377789,-1.82317810260814,0.0682764204469611,0.148996731123814
"YDR536W",21.3120849118163,-1.16624365946955,0.338251235939338,-3.44786222652178,0.000565042181318012,0.00245680651326855
"YDR537C",12.3298017963392,-0.627854315173065,0.444243625966752,-1.41331080171774,0.157564359353733,0.281868104084409
"YDR538W",20.5686665718093,-0.123336844372975,0.326072389754509,-0.378249886369808,0.705244969496695,0.811257669518232
"YDR539W",76.9682685073962,0.776568874210995,0.159872091062121,4.85743865018471,1.1891396415769e-06,8.07490957470369e-06
"YDR540C",8.12413656859006,0.221315108773147,0.490306340316166,0.451381290787379,0.651714765227233,0.772864518057881
"YDR541C",43.9256252461595,-0.256011184477647,0.216681767975153,-1.18150773306873,0.237401083258091,0.382284678644333
"YDR542W",0.391526644057465,-1.3886967489241,2.21637819751314,-0.626561274823164,0.530946859383475,NA
"YDR543C",0,NA,NA,NA,NA,NA
"YDR544C",1.00047749301366,-0.626929743163662,1.52349312453038,-0.411508088267162,0.680700011664721,0.793057872086738
"YDR545C-A",10.0371659904553,-6.07320748086721,2.47414640758793,-2.45466778450999,0.0141014840612084,0.0407209094499191
"YEL001C",216.978761562033,-0.308711641899497,0.0971963180356343,-3.17616601264995,0.00149235521750586,0.00586004328265345
"YEL002C",245.60245769794,-0.366627491509857,0.0928861806808553,-3.94706175689946,7.91161547135384e-05,0.000410987945849622
"YEL003W",38.1754978318039,0.0870259553044239,0.233644644657463,0.372471431699234,0.70954187850458,0.814401553359831
"YEL004W",20.5780312475105,-0.587166995063418,0.317470566594987,-1.84951632323287,0.0643832929980106,0.142268849469914
"YEL005C",24.7512720539014,-0.227768081217305,0.285809716942498,-0.796922104867168,0.425496272089684,0.576508236637587
"YEL006W",58.9549880576832,-0.0963477774992475,0.192598291752473,-0.500252502878237,0.616897293660158,0.745417563172691
"YEL007W",143.340057324432,0.443208286217623,0.116757191982129,3.79598274584626,0.000147059726759061,0.00071903448768042
"YEL008C-A",0.290729342331453,1.3932410317701,2.50109748435574,0.557051870422788,0.577491989994269,NA
"YEL008W",3.41157668837935,-0.781861009462065,0.780547808528404,-1.00168240935317,0.316497005140778,0.470040128907251
"YEL009C",1055.80591097285,0.531249702265928,0.0452992684566026,11.7275558826049,9.20791706203417e-32,1.67759226703689e-30
"YEL009C-A",0.0750525647747641,0.671886301116372,3.5338115409304,0.190130767680801,0.849206660687331,NA
"YEL010W",0.423838157147302,0.033367180025459,1.96134759697762,0.0170123745922838,0.986426743704031,NA
"YEL011W",798.193961289748,0.625770918106128,0.0517128675062729,12.1008744686266,1.04492095521408e-33,1.98975610809139e-32
"YEL012W",127.346201264538,-0.664310242525214,0.133041244353181,-4.99326540243179,5.93668869482886e-07,4.18414112917593e-06
"YEL013W",115.603275749,-0.00570812724379003,0.131455377751728,-0.0434225464291817,0.965364705197915,0.980249202624036
"YEL014C",1.6650897207136,-2.57713617424969,1.29866640571233,-1.98444817153494,0.0472059004397107,0.109961570589481
"YEL015W",143.156997954484,0.171569009019405,0.118132279139614,1.4523465581887,0.146405267921474,0.265359548107672
"YEL016C",50.3639902320573,0.360147945669135,0.198643229580446,1.81303911756672,0.0698257882241952,0.15169712479497
"YEL017C-A",148.887195856146,0.46266884349057,0.116428099688968,3.97385892861402,7.07174579655029e-05,0.000372563141048258
"YEL017W",72.433726976603,0.0319552692005546,0.163775253855442,0.195116590866409,0.845301674557403,0.906838144671967
"YEL018C-A",1.07905146498479,-2.85583666837024,1.52905049982909,-1.86771899861349,0.0618012490595214,0.137413343959923
"YEL018W",54.6071303787283,-0.212443228548067,0.197172620498186,-1.07744791346435,0.281280208562469,0.431510186491611
"YEL019C",5.36126659369445,-0.43356058336148,0.627349851080179,-0.691098567434056,0.489503600499721,0.634407905362696
"YEL020C",79.1479330480243,0.19979667482948,0.154853138774761,1.29023329078328,0.196969670678855,0.332685615290334
"YEL020C-B",13.0273768910371,1.01640320271149,0.389569992390073,2.60903874160251,0.00907969621830751,0.0281795971979087
"YEL020W-A",23.8776595247444,-0.072027285410993,0.296932981425652,-0.242570849035265,0.808337865916848,0.882762478550063
"YEL021W",0,NA,NA,NA,NA,NA
"YEL022W",121.232208141115,0.0387961159617355,0.127417917889074,0.304479280500489,0.760762775642406,0.84932791521558
"YEL023C",31.601145330345,-0.433921476921519,0.259137308972985,-1.67448476887114,0.0940353653443267,0.190481121341504
"YEL024W",64.1436360449477,0.227506767168249,0.175807552150564,1.29406708861636,0.195642248414763,0.330965954606943
"YEL025C",88.8241300682248,-0.366479186634853,0.153077925980078,-2.39406945376663,0.0166625932222709,0.0467973853181683
"YEL026W",267.437786970028,0.654403958401903,0.0902939594440827,7.2474832472837,4.24586946729102e-13,4.61209394711577e-12
"YEL027W",685.298764319509,0.594275291499563,0.0530634744416171,11.1993286861269,4.10834841114336e-29,6.98198350947536e-28
"YEL028W",10.7961323751583,-0.305831992580281,0.440215493428248,-0.694732459774565,0.487222981834082,0.632100080269868
"YEL029C",19.940285323859,0.157395732464482,0.328749514791197,0.478770995493182,0.63210155278988,0.7571326291659
"YEL030C-A",0.232705263258066,-0.640580914715015,2.65560836677229,-0.241218141473774,0.809386051116152,NA
"YEL030W",26.4532191597498,0.477386871179761,0.278509757181235,1.71407593044975,0.0865147816713655,0.178274592479261
"YEL031W",506.389977084005,0.335742248826375,0.0652957913878383,5.14186659952036,2.72022242115248e-07,1.97442550476762e-06
"YEL032C-A",0,NA,NA,NA,NA,NA
"YEL032W",119.227587365778,-0.00618408250101247,0.137440958038867,-0.0449944659092357,0.964111720053352,0.980079481295593
"YEL033W",69.5110803651058,-0.00451227755663327,0.167949835487484,-0.0268668173656504,0.978565959864517,0.988468591549528
"YEL034C-A",1135.59916506375,0.593992498822375,0.0460507776832239,12.8986420795835,4.58098307033644e-38,9.49540162972688e-37
"YEL034W",314.422373370652,1.86395715245121,0.20716015981924,8.99766226323455,2.30574875324743e-19,3.11473154231416e-18
"YEL035C",1.96655044401138,-2.92647065430805,1.29042742923913,-2.26783047849003,0.0233395409790382,0.0617633227582585
"YEL036C",191.883057253426,0.0985761592160981,0.0998390239907354,0.987350990382734,0.32347060156854,0.475687635058458
"YEL037C",331.04181953725,0.129582970377494,0.0789981110996063,1.64032998477782,0.100936574353538,0.200982999389941
"YEL038W",163.989435535194,-0.104826609437218,0.109391918434387,-0.958266487483652,0.337928398088416,0.49070648251238
"YEL039C",63.674419710915,0.416878381645038,0.173175624526861,2.40725785042789,0.0160728171875446,0.0454090436220765
"YEL040W",593.161462857796,1.83617109685046,0.0617989359410905,29.7120179965685,5.37107889282263e-194,4.58864334600334e-192
"YEL041W",24.8569426818875,-0.110500008099883,0.285004008724992,-0.387713873198559,0.698227788025277,0.806540485272392
"YEL042W",182.748257421004,0.31254974742707,0.109006616985556,2.86725481507682,0.0041404949113759,0.0144619938285737
"YEL043W",155.681811710683,0.0444790265626673,0.115792704877142,0.384126328250647,0.700884818506947,0.808280522181853
"YEL044W",174.161640605897,-1.22408095037753,0.115228171353578,-10.6231048883127,2.32690237795315e-26,3.74317476677349e-25
"YEL045C",2.00902370751285,0.248260894038409,0.975494439780558,0.254497497796354,0.799111236941599,0.875408289714918
"YEL046C",418.715729030475,1.10808346980326,0.0684899285630604,16.1787797571291,7.11913941423902e-59,1.96537988545061e-57
"YEL047C",217.638894815833,0.22532310521928,0.0955041266708863,2.35930229481872,0.0183093340994736,0.050590738713668
"YEL048C",4.92662804219735,0.163010763523493,0.652497705444241,0.249825803467784,0.802722064056951,0.878450560666097
"YEL049W",3.7079044714472,0.283578325501551,0.789941897161263,0.358986308386248,0.71960533185995,0.820292987381645
"YEL050C",82.6009270868239,0.0908013287487998,0.157179293958796,0.577692687515207,0.563471616992,0.69944385678842
"YEL050W-A",6.1639309209718,-0.638900112036289,0.595275229482679,-1.07328523075204,0.283143159725781,0.433631554211819
"YEL051W",298.100171283835,0.134238157866834,0.0851106457585364,1.57721935570405,0.114745060794053,0.221908312737841
"YEL052W",168.690148758489,-0.131333468705323,0.112852691500449,-1.16376018116326,0.244521213064444,0.390566727891212
"YEL053C",55.7188021386451,-0.28284561787761,0.188648658278889,-1.49932483198192,0.133789383392321,0.248925583462711
"YEL053W-A",224.153062234074,0.467423058452874,0.106083974411573,4.40616088382416,1.05218826042179e-05,6.37158446588752e-05
"YEL054C",658.228269171721,0.693955179719805,0.0552521941983335,12.5597759471557,3.51326211392146e-36,7.00657510542949e-35
"YEL055C",90.2092185428924,0.547376558456697,0.151970241158071,3.6018667489469,0.00031594030627546,0.00144947359671514
"YEL056W",106.711494465521,-0.00655416016952212,0.148648738346171,-0.0440915963528656,0.964831391410775,0.980156606821419
"YEL057C",6.94728968493374,-0.825173277704876,0.562676861969471,-1.46651361283387,0.142508415394613,0.260236337990972
"YEL058W",396.724071811953,0.0593764637427515,0.0725205593683308,0.818753526723082,0.41292705066384,0.565170992486858
"YEL059C-A",12.5833316179477,0.425885288694965,0.391894793438836,1.08673372503336,0.277154504907265,0.426526480044724
"YEL059W",6.39918266912654,-1.12058505884029,0.614377675186387,-1.82393518530817,0.0681618715498809,0.148849517077149
"YEL060C",766.230148634526,0.524506611010396,0.0505733972291392,10.3711959201386,3.353018609944e-25,5.27308051046417e-24
"YEL061C",43.9253771466999,-0.686533597886744,0.223468014741881,-3.07217835482959,0.00212502712377089,0.00811257335536205
"YEL062W",35.4633639237834,-0.171794612283623,0.237776919305491,-0.722503314389841,0.469985088357769,0.616441022530667
"YEL063C",131.704925812418,0.00882910150397084,0.124760436964004,0.0707684400505765,0.943582050017692,0.9684716981543
"YEL064C",33.6297226646868,-0.374201882170657,0.248540318464754,-1.50559830486305,0.132170323905706,0.246775188343731
"YEL065W",100.687084112634,1.30800649702859,0.141887220832077,9.21863497894997,3.00906276762233e-20,4.19015304337189e-19
"YEL066W",55.5901547014897,-0.412227624540082,0.191140101605444,-2.1566778560734,0.0310307735357495,0.0780026044902619
"YEL067C",12.080313458906,-0.762646366728359,0.423472611481968,-1.80093433683806,0.0717132301554224,0.154575874886662
"YEL068C",24.3422619442142,-0.387870804253546,0.286435819998349,-1.35412814031353,0.175695499808833,0.305318018084508
"YEL069C",6.98576790834519,1.11242215734117,0.540280448688814,2.05897170634412,0.0394969489921084,0.0947267494416197
"YEL070W",29.9308725501103,-0.314736440167659,0.257965243496865,-1.22007304511735,0.22243718572502,0.364124258972962
"YEL071W",509.644409440615,-1.10955084303713,0.068542315181321,-16.1878226625689,6.14653307144324e-59,1.70431500340632e-57
"YEL072W",15.7895324178023,-0.528011619907199,0.361089992178401,-1.46227154267496,0.14366681347982,0.261897807041356
"YEL073C",11.5445941319775,0.760610093250846,0.426005649785653,1.7854460231538,0.0741889991800413,0.158668082820102
"YEL074W",5.69546895803884,-0.833510499463314,0.630976705275085,-1.32098458230709,0.186506505046583,0.319278127512725
"YEL075C",0,NA,NA,NA,NA,NA
"YEL075W-A",2.46169307091324,1.53418512749993,2.14324823051336,0.715822416488104,0.474101008972868,0.620239729054195
"YEL076C",1.42232431095426,1.66095480291769,1.35414863945372,1.22656756763994,0.219985165253967,0.361232783048203
"YEL077C",155.888523684975,-0.391519550973009,0.120533345440671,-3.24822603688306,0.00116126978599524,0.00468509737527882
"YEL077W-A",0,NA,NA,NA,NA,NA
"YER001W",85.8271634528515,2.10792530597693,0.170641015260303,12.352981507766,4.69390183781061e-35,9.18725926273643e-34
"YER002W",112.768528231234,-0.0856475964589165,0.137263072253256,-0.623966774551667,0.532649405507678,0.673136359940774
"YER003C",174.192069838472,-0.0666771916884508,0.105227263738841,-0.633649391985843,0.526309659260164,0.667572956692044
"YER004W",252.363968589952,-0.40095641373714,0.0917743476458323,-4.3689377698927,1.24852334511593e-05,7.46045802251695e-05
"YER005W",70.815129942214,0.229856636290887,0.167898314078823,1.36902289669792,0.170992117807636,0.299947882569333
"YER006C-A",0.51413315337525,-0.320063475317151,1.94121390150885,-0.164878004978418,0.869040004931354,0.9224658890978
"YER006W",129.55007534933,0.286402208786092,0.121451355407524,2.35816395646704,0.0183655794177281,0.0506887886320359
"YER007C-A",120.050063674001,0.0521571501083033,0.128082964268033,0.407213796201318,0.683850969658377,0.795163845904039
"YER007W",10.2362623103792,-0.364275230282193,0.466325788891173,-0.781160379631512,0.434708173202727,0.585351452819519
"YER008C",143.585681024914,-0.275866599449438,0.120996274807554,-2.27995944410857,0.0226100939245628,0.060115285993291
"YER009W",318.968644624628,0.459341280067839,0.0850103749371664,5.40335553639601,6.54056354485924e-08,5.04877200617828e-07
"YER010C",80.4264674165282,-0.323718456476327,0.176816457643705,-1.83081632100467,0.067127963442156,0.147201867804825
"YER011W",211.413762389519,4.56003344292583,0.15779756277344,28.897996665975,1.26517295084572e-183,9.75417487225202e-182
"YER012W",253.597047824253,0.0975301090546835,0.09022257963724,1.0809944633242,0.279699576498716,0.429502240132349
"YER013W",52.4082365749147,-0.42136117131214,0.20022267939104,-2.10446275413791,0.0353381003048841,0.0868276215031004
"YER014C-A",0,NA,NA,NA,NA,NA
"YER014W",82.950027714533,-0.401637268337743,0.157146052588026,-2.55582155404613,0.010593743056213,0.0322920171655636
"YER015W",38.9882095071795,0.21929028061981,0.234156676011319,0.936510905241967,0.349010200438345,0.502263256811113
"YER016W",131.448752567024,0.180074074699918,0.121839688914113,1.47795908135366,0.139418730907177,0.2564460915901
"YER017C",182.803112125081,-0.272908579676102,0.11080701352114,-2.46291792372904,0.013781145909669,0.0399653231380402
"YER018C",104.790749815102,-0.0596623542719909,0.137056480577518,-0.435312172183249,0.663335850824033,0.78037251598948
"YER019C-A",261.094974687271,0.127013733560915,0.086397577577269,1.47010757850613,0.141532620141571,0.259203135728567
"YER019W",218.846672518888,0.313222509113391,0.0956140145361032,3.27590584532062,0.00105323667288252,0.00426830913202775
"YER020W",244.072926479705,0.690162368063393,0.0876439851657004,7.8746118944565,3.41802189798118e-15,4.04657948296573e-14
"YER021W",249.49803354641,-0.432311650355809,0.0931189759690335,-4.64257307231958,3.44096883851171e-06,2.21300152564304e-05
"YER022W",64.3815336474471,-0.258463490250189,0.175297525015902,-1.47442749249736,0.140366526727394,0.25758989316998
"YER023C-A",0,NA,NA,NA,NA,NA
"YER023W",451.026069892142,0.32407091140549,0.0653878635298771,4.95613243667786,7.19102096942142e-07,4.99578401853651e-06
"YER024W",71.4420741197624,-0.822771960620593,0.177427546736242,-4.63722784739678,3.53113093567588e-06,2.26637662693837e-05
"YER025W",356.464686814276,0.865229844826014,0.0746369552136208,11.5925126145569,4.49742546797443e-31,8.12363537386696e-30
"YER026C",281.588957984578,-0.149315908271515,0.0865714764261275,-1.72477026424435,0.0845688825844222,0.175408292552073
"YER027C",131.478881762529,0.367072860271488,0.12231864348433,3.00095594436928,0.00269133500173511,0.009938446192155
"YER028C",61.2420194459914,-0.370106671412198,0.179992582964802,-2.05623290313342,0.0397600721899481,0.0952494037077878
"YER029C",70.617962756453,-0.679017225518566,0.182626856879123,-3.71805788656811,0.000200760273123583,0.000955727745999464
"YER030W",124.369724774939,-0.208571484641385,0.130953241587479,-1.59271723336498,0.111223639721165,0.216956448724839
"YER031C",251.330632248414,0.121566371266058,0.0923838820481054,1.31588290696376,0.188213346677013,0.321008317504003
"YER032W",37.0875237297967,-0.73305167179813,0.242140804924669,-3.02737769466895,0.00246685517918665,0.00922262474442222
"YER033C",48.940421808267,0.0790847615843717,0.199618897936508,0.396178730580538,0.691973180875672,0.802247285805244
"YER034W",32.998151351668,0.311819535924009,0.244248043218339,1.27665111177683,0.201725448424704,0.338098696962083
"YER035W",68.1790225001263,-0.188780678475946,0.167332962900112,-1.12817388280298,0.259246491525023,0.407709361780674
"YER036C",535.851403606883,0.55592128855734,0.062623811455954,8.87715512091345,6.85921121010922e-19,9.12924910953906e-18
"YER037W",51.4406639843538,1.72423393818968,0.204108101773054,8.44765064792401,2.97223205987369e-17,3.78077486569848e-16
"YER038C",12.3801865544025,-0.102244373030523,0.398098731171564,-0.2568316978294,0.797308699294438,0.874191050457759
"YER038W-A",3.87776966442492,-2.16865930900483,1.93708424528505,-1.11954826656788,0.262906311698124,0.411582420185234
"YER039C",25.4097361501452,-0.268911722461593,0.296929439373883,-0.905641835409216,0.36512545792371,0.51767731441886
"YER039C-A",7.02579767937963,0.388197951283219,0.519847336065428,0.74675375701908,0.455212213857974,0.604209871091772
"YER040W",74.2866265991594,0.127738476884981,0.163042278029266,0.783468425668416,0.433352088104908,0.584272105139524
"YER041W",42.3507624602237,-0.445065243852721,0.221213834261128,-2.0119231934082,0.04422803407683,0.104331952027507
"YER042W",64.8822918742746,-1.17628699400336,0.189867097513725,-6.19531772174652,5.81675735968495e-10,5.24586876289989e-09
"YER043C",1148.68062415911,0.909897655745184,0.0411680434126878,22.1020378992497,3.02119519606929e-108,1.44696939617803e-106
"YER044C",86.5752074170897,1.0089549058039,0.148505924262274,6.79403808848729,1.09037577778564e-11,1.10117502670301e-10
"YER044C-A",0.915568318731978,-0.550020988438864,1.52380074837937,-0.360953352348617,0.718134318892828,0.819650688579249
"YER045C",77.4724052780398,0.0692497356104747,0.160056114844997,0.432659106323668,0.665262442635707,0.781309523006304
"YER046W",35.7283030443706,-0.603787082551425,0.259840941913375,-2.32367954836275,0.0201426753890955,0.0545829377667647
"YER046W-A",4.29320696637607,-1.43986527465936,0.761515937074139,-1.89078810378092,0.0586526358335478,0.131911050778972
"YER047C",92.5720812202849,-0.66608429182696,0.153222614325485,-4.3471669946319,1.37907221133424e-05,8.20950519779197e-05
"YER048C",210.858110772051,-0.0928164442887235,0.10066701554003,-0.922014463136791,0.356521031584027,0.509707363562691
"YER048W-A",49.1959284256501,-0.100240598353633,0.20406122735195,-0.491228047848332,0.6232651634167,0.749958576916707
"YER049W",104.252439045563,0.445994522388671,0.141523957309258,3.15137119444791,0.00162505821013239,0.00634230537646481
"YER050C",59.2354829226101,-0.350816672595394,0.186697170217213,-1.87906796973535,0.0602352129874725,0.134846677233287
"YER051W",29.5469648903394,-0.468641016037544,0.272148658676863,-1.72200376924873,0.0850688356995439,0.176329566981153
"YER052C",257.564739956666,1.05034212162485,0.0873549132034568,12.0238471209801,2.66278821893633e-33,5.02511854331806e-32
"YER053C",213.050495950919,1.66330063348059,0.0985453761258849,16.8785253947972,6.4741855152688e-64,1.91260751530511e-62
"YER053C-A",0.377252992520656,-1.34719570948686,2.05369611551648,-0.655985907217856,0.511833191823382,NA
"YER054C",74.9606941439852,0.296451957688573,0.162813126454469,1.82081116028121,0.0686355672453558,0.149728797834762
"YER055C",453.522350972213,1.43208695449669,0.0732436653938773,19.5523660209447,3.93825545891823e-85,1.50894854613824e-83
"YER056C",373.396594627999,1.97310478018087,0.0775490973180464,25.4432978386418,8.37443253863137e-143,5.14011286497355e-141
"YER056C-A",585.612951075036,0.666485042182605,0.0588636227790245,11.3225284261658,1.01501479387636e-29,1.77263080853214e-28
"YER057C",216.60266624179,0.461696965392621,0.0962302095087807,4.79783809834159,1.60387334594632e-06,1.06733550453396e-05
"YER058W",40.9172850924047,0.109755019405613,0.214379318709546,0.511966453043523,0.608674488213812,0.739678247408905
"YER059W",92.9442831652626,-0.373674728466216,0.147789289812385,-2.52842901498876,0.0114574252686972,0.0343614053836356
"YER060W",73.7797868083918,0.356154940371311,0.167143659962622,2.13083128879048,0.0331030436774802,0.0821428813777985
"YER060W-A",16.406051930863,0.560578355391968,0.347714522597954,1.61217987446598,0.106922803408682,0.210712582029204
"YER061C",63.1815110275754,0.923161362269576,0.175244524064432,5.2678471250272,1.38032980715644e-07,1.03271538944888e-06
"YER062C",232.96113776522,1.09455192199461,0.0910183080873793,12.0256236903878,2.60612705610132e-33,4.93291474511153e-32
"YER063W",139.375508321598,-0.837615600252168,0.129223025475366,-6.4819376977971,9.05520342538666e-11,8.70015137618457e-10
"YER064C",223.281484607557,0.918194316532078,0.0982534079890741,9.34516507187397,9.17462469795583e-21,1.29468699420707e-19
"YER065C",123.497337561428,-0.314816523437978,0.132315739084837,-2.37928250724675,0.0173463760695366,0.0482887668479128
"YER066C-A",108.438151916454,1.73783555340511,0.140138527187924,12.4008407129518,2.58596087444565e-35,5.09297341066835e-34
"YER066W",28.80725219755,-0.167869553154609,0.265476881095146,-0.632332097853917,0.527169893715047,0.668425204185023
"YER067C-A",305.521085240238,2.7773435627643,0.0938813547489935,29.5835479812788,2.432776404315e-192,2.05066832374392e-190
"YER067W",270.232538837379,2.05068225303505,0.0957948131527307,21.4070280586647,1.14911056406041e-101,5.18905498999277e-100
"YER068C-A",1.00579948010462,-1.77123458073777,1.56551359416716,-1.13140798478984,0.257883412285327,0.406365636208335
"YER068W",124.757983352237,-0.0460700668753902,0.12428728470801,-0.370674015315592,0.710880346507199,0.815228933257851
"YER069W",85.8284904705644,0.504265218710427,0.160596901690808,3.1399436315482,0.00168980345642168,0.00657816345535582
"YER070W",112.015931403331,1.10079009929994,0.140282383844529,7.84695889200113,4.26246890456325e-15,5.03688381582222e-14
"YER071C",14.9786358128126,-0.723873074049229,0.412810955766901,-1.75352195463042,0.0795124543779444,0.167391853672116
"YER072W",360.962931344482,1.65816761800696,0.0765652205624465,21.6569299458174,5.22944231290871e-104,2.39569089146441e-102
"YER073W",546.089869646548,1.24130875879544,0.070432827191811,17.6240086943403,1.61168904726189e-69,5.17213104405568e-68
"YER074W",1567.45367764895,0.634014653049378,0.0377383057471995,16.8002945679782,2.42835041971422e-63,7.07466882646696e-62
"YER074W-A",48.5417617085538,-0.13922956320516,0.203721741659495,-0.683430065298928,0.494335127378606,0.638364598986174
"YER075C",25.4272622320815,-0.215780909341809,0.281423843592016,-0.76674707653638,0.443231907954138,0.59317986697566
"YER076C",45.9786105211532,0.361948451752818,0.20888943668864,1.73272740589712,0.0831441309987717,0.17302080190067
"YER076W-A",3.96843495327294,-0.893583453538153,0.789331151122867,-1.13207676178367,0.257602163702452,0.406149910812334
"YER077C",41.8428305313099,-0.341550732914825,0.220096871551099,-1.55182002591767,0.12070529285269,0.230195734966728
"YER078C",80.029421988675,-0.385372549752105,0.159618963056087,-2.41432811223497,0.0157642591174417,0.0446712891709846
"YER078W-A",0.69255838948726,-2.21666841663441,1.58288555831381,-1.40039714494315,0.161394424514767,0.287661559566494
"YER079C-A",7.86474222335572,1.00989224806712,0.498534019944216,2.0257238376232,0.0427930925013458,0.10155327732489
"YER079W",82.0645923225963,-0.942862649536772,0.167174585844938,-5.63998794895367,1.70062066110949e-08,1.38488824101515e-07
"YER080W",152.040454786149,-0.426904304666267,0.122168754836726,-3.49438205568034,0.00047516050675444,0.00210214466319214
"YER081W",557.427196079033,-2.80765660057393,0.0877685224346542,-31.9893342475293,1.53439980428573e-224,1.49238085579913e-222
"YER082C",57.8662717829313,0.723574148007016,0.184791085282723,3.91563341326761,9.01671664691685e-05,0.000463068096196656
"YER083C",148.760225833805,-0.0466730225979229,0.118766417959936,-0.392981647502979,0.694333036357907,0.803656802609792
"YER084W",5.56299428467809,-0.953518802290658,0.694903333823579,-1.37216035077008,0.170013525367998,0.298562640937911
"YER084W-A",1.06994173543328,-2.84697975150567,1.41446888424516,-2.01275530569553,0.0441403779508658,0.104194173105169
"YER085C",0,NA,NA,NA,NA,NA
"YER086W",337.580067893901,0.497116744522227,0.0774426423472388,6.41916041931066,1.37027953828759e-10,1.28912310134734e-09
"YER087C-A",24.0517170194924,0.138285760303742,0.307354199529303,0.449923119695515,0.65276587638001,0.773675641258798
"YER087C-B",66.0943503247129,0.00676397731273759,0.181203019128359,0.0373281711600301,0.970223343803156,0.983445884162827
"YER087W",30.4880317167206,0.291165787195094,0.282261490184875,1.03154626939859,0.302284722162076,0.455010479406821
"YER088C",580.121148594907,0.029626274013369,0.0583094588475062,0.508086931330457,0.611392379850617,0.74110759848482
"YER088C-A",21.6911411250733,0.67329853507856,0.29896917069208,2.25206677170074,0.0243180527515142,0.0637655452074129
"YER088W-B",10.3220430953891,0.650710640162603,0.440752908413758,1.47636153441272,0.139846863119544,0.256862800884973
"YER089C",303.94090885003,0.723737275367776,0.0860751929310174,8.40819811984384,4.1635743319717e-17,5.25391555423654e-16
"YER090C-A",0,NA,NA,NA,NA,NA
"YER090W",242.365967056894,0.364474169685729,0.0895772571559822,4.06882484748405,4.72508496056176e-05,0.000258408193085393
"YER091C",955.176112840745,0.489161348535137,0.0484986327330023,10.0860853382836,6.3657748245599e-24,9.7208764349922e-23
"YER091C-A",0,NA,NA,NA,NA,NA
"YER092W",62.9935187165763,-0.600088764704234,0.187261251423668,-3.20455385266313,0.00135271982021326,0.00535162371926672
"YER093C",64.6133349272854,0.161907559676509,0.17618605977212,0.918957832906421,0.358117628267233,0.511527258451299
"YER093C-A",21.621294239573,-0.644100921953961,0.317113312205092,-2.03113807324932,0.0422409901921471,0.100393812028103
"YER094C",447.945244540735,0.572576741872987,0.0662353329613059,8.64458161941272,5.40028016874166e-18,6.99601869401328e-17
"YER095W",190.215467773079,0.0196600548312298,0.10208681245405,0.192581728811241,0.847286555355017,0.907889085246511
"YER096W",7.56425815982417,-0.203349110041013,0.518747820626447,-0.391999931287318,0.695058264572452,0.803934938286025
"YER097W",1.09701838899424,-1.03321855064315,1.39053138852888,-0.743038639160995,0.457458287448639,0.606554381973635
"YER098W",74.638309578555,-0.197431820284567,0.164542926693135,-1.19988032455973,0.230185822384122,0.373137120285236
"YER099C",92.3118331362348,-0.0160659488291166,0.149025279897489,-0.107806869010197,0.914148893968586,0.949441318821981
"YER100W",104.316896463972,-0.0661540846528336,0.137642973387309,-0.480620862982121,0.630785984865252,0.755843251766134
"YER101C",23.7435168184758,-0.0749234998021112,0.284997507529852,-0.2628917721123,0.792633998227672,0.871332313822873
"YER102W",1342.17783706049,0.545083149080752,0.0453440121070077,12.0210612989959,2.75411129382839e-33,5.18199154749496e-32
"YER103W",72.5839362843128,0.315271241524823,0.16332563593398,1.93032306117738,0.0535668213848834,0.122432915688804
"YER104W",14.4408830411079,-0.599871957882263,0.379365630715687,-1.58125014316817,0.113820854324849,0.220593329565203
"YER105C",108.432567950107,-0.0198145677929761,0.135241687683396,-0.146512278369096,0.883516997773885,0.930777280441009
"YER106W",1.09244061130334,1.30988615778402,2.63500072263526,0.49711035998275,0.619111229315425,0.746468781078507
"YER107C",123.271975177637,0.0924591851595441,0.127318470278738,0.726204021750526,0.467713706855138,0.615248866986722
"YER107W-A",11.5708509620365,0.38024922703682,0.419228321523585,0.907021800566563,0.36439526886834,0.516926458073728
"YER110C",210.41489480337,0.491250176779587,0.0993865279718451,4.94282461420478,7.69987482822114e-07,5.33172055465653e-06
"YER111C",48.5455431257996,-0.561225968252613,0.216216194677995,-2.59567036173415,0.0094406588749801,0.0291852544780558
"YER112W",102.457315184224,-0.19111742734998,0.14939267051922,-1.27929587633545,0.200792884190765,0.337128181741023
"YER113C",67.4997363676026,-0.171421599210429,0.174377081078491,-0.983051202315222,0.325582239166952,0.477619929959012
"YER114C",113.36201960642,0.041865962547652,0.133640763805502,0.313272397998135,0.754073718666174,0.844210031770418
"YER115C",39.0990124922911,-0.467442875823883,0.231426428240253,-2.01983360058866,0.0434006505735963,0.102879232443298
"YER116C",52.0518054417121,0.126441346041351,0.196347520944863,0.643967112153443,0.519596760578455,0.660810846987928
"YER117W",1219.58672947861,0.561986050843428,0.0414841711424506,13.5469996233901,8.25353346262054e-42,1.81807799828178e-40
"YER118C",87.8246807800342,-0.227279397795583,0.162892533269147,-1.39527204368569,0.162933819076264,0.289914890008483
"YER119C",140.680631320193,0.0230994064066048,0.122983818532559,0.187824761681873,0.851014024197609,0.91095676616615
"YER119C-A",13.4360288726636,0.341188777367257,0.389565646899177,0.875818440570965,0.381128743475578,0.533546482784013
"YER120W",327.702465696862,0.248730958201424,0.0809725772702329,3.07179253256723,0.00212777557680334,0.0081181636672002
"YER121W",15.2326925997729,-0.0452458620082791,0.376577567428075,-0.1201501786665,0.904364183435171,0.943775234017357
"YER122C",228.187261492651,0.19561267513306,0.0924551639943564,2.11575715927561,0.0343654664121878,0.0848003429577873
"YER123W",59.5989639350797,-0.167991834916935,0.184714339913705,-0.909468290309335,0.363102988595169,0.515851032336778
"YER124C",92.5576605553737,1.93367685622144,0.156785337485397,12.3332761037144,5.99584477593622e-35,1.16992995905768e-33
"YER125W",267.894121946771,0.425407636053808,0.0910398365702545,4.67276361733718,2.97173719974374e-06,1.91707373232448e-05
"YER126C",66.9332882612736,0.849827036747212,0.170685674448211,4.97890077473997,6.39464140534453e-07,4.48689489063131e-06
"YER127W",22.5936255458372,0.519695354221969,0.295322755974475,1.75975384120717,0.0784495525104049,0.165872264538722
"YER128W",7.19346740311765,-0.323269081087391,0.537303440564535,-0.601650867427423,0.547406561428655,0.685695320259948
"YER129W",125.368254829847,-0.03719450297176,0.134632939537776,-0.276265994781492,0.782343772133886,0.863775292949777
"YER130C",67.4049413168716,0.185884236747643,0.170702496991041,1.08893683469316,0.27618174138831,0.425967895429029
"YER131W",937.938588633446,0.879913827999373,0.0472196309028836,18.6344918665096,1.68749234801641e-77,5.99344192368523e-76
"YER132C",50.0465853350571,0.0885173949621159,0.19452855216144,0.455035489539114,0.649083707002202,0.771335939035323
"YER133W",225.699761759256,-0.414960190274057,0.0972337906234922,-4.26765415205154,1.9753926339317e-05,0.000113945549559454
"YER133W-A",22.0345111659011,0.423998552826421,0.306945542891954,1.38134780792589,0.167172045205444,0.29521275692425
"YER134C",42.0026584233971,0.314067676690355,0.219167280731287,1.43300439574017,0.151856581115872,0.273048152962043
"YER135C",0.556163752709831,-1.88981269022591,1.84903157901766,-1.02205538924864,0.306754685617094,0.460095639969459
"YER136W",344.5592343396,-0.102158321474446,0.0761015499195991,-1.34239475519718,0.179468034396683,0.310763498774367
"YER137C",4.15091620522604,-1.15890899919252,0.763263103213987,-1.51836109241038,0.12892339439037,0.242359113688943
"YER137W-A",1.2113417093502,2.73904725135579,1.59720291864771,1.71490248319533,0.0863631073172251,0.178078135831538
"YER138W-A",50.1756777008254,-0.319537092293247,0.205534775887807,-1.55466193452182,0.120026604867725,0.229247189115938
"YER139C",15.7863847685318,-0.35759777458973,0.365597601562925,-0.978118491644923,0.328015723119706,0.480249050848259
"YER140W",42.9926154376515,-0.307876410467044,0.225083270980746,-1.36783337617917,0.17136423784972,0.300350627026872
"YER141W",184.597849018726,0.289828976827603,0.103706194306714,2.79471230011993,0.00519459208055627,0.017412625203222
"YER142C",52.0755567029484,-0.511652764501482,0.203461730636934,-2.51473711001946,0.0119121171430459,0.0355228323482718
"YER143W",134.842608711142,0.328151514455233,0.118025418832804,2.78034611273099,0.00543009892001838,0.0180679396696612
"YER144C",116.670549550711,0.155986534404056,0.132743422594581,1.17509803013339,0.239955498674792,0.385710313405043
"YER145C",374.749561472591,-0.443039744323835,0.0756764163365269,-5.85439646552068,4.78745336443255e-09,4.0517108661235e-08
"YER145C-A",46.2829080678122,-0.37002177863115,0.222194035649867,-1.66530923095627,0.0958510778337477,0.193503667788085
"YER146W",70.3642034132163,-0.957876295260409,0.186067514597986,-5.14800392389814,2.6327298641582e-07,1.91531855019657e-06
"YER147C",67.2285484590905,-0.15230650744965,0.168889603192782,-0.901811032593863,0.367157258117638,0.520091459964084
"YER147C-A",28.220216399982,-0.143676148220468,0.272900770126067,-0.526477620983249,0.59855639698134,0.730516127744407
"YER148W",113.024853699925,-0.112549002117017,0.137770113146738,-0.816933364910151,0.413966509321396,0.565738624157176
"YER148W-A",7.31878422088506,-0.83040704957185,0.623827945254653,-1.33114756382526,0.183140461099244,0.315137178843064
"YER149C",16.4885485150565,0.135740650249218,0.340345254358984,0.398832210852699,0.690016841249947,0.800733480727004
"YER150W",153.739409128006,2.05575896304144,0.123078572951346,16.7028176696044,1.25018940786541e-62,3.57633368168557e-61
"YER151C",106.837841779459,0.125575465847183,0.146255912939451,0.858600950370944,0.390560713602396,0.543620614573832
"YER152C",213.956960384652,0.193188328836863,0.105152296132952,1.83722406396718,0.0661768246133706,0.145418799167789
"YER152W-A",17.5272426484973,0.306009899593705,0.385863922693675,0.793051336485366,0.427747913599641,0.579062593099985
"YER153C",25.6057440979116,0.409488478429444,0.280368791032015,1.46053516485251,0.144143050380072,0.262690217498649
"YER154W",149.825896022805,0.336456112345221,0.11287414429957,2.98080764583481,0.00287489309510826,0.0105362748679852
"YER155C",202.365527051104,-0.149604198183007,0.100321003186235,-1.49125500574674,0.135894557088982,0.251942929594294
"YER156C",189.281629123294,0.62009494365089,0.0994805940605385,6.23332570042288,4.56635381550703e-10,4.15373939879647e-09
"YER157W",43.5954340959927,-0.547605188953616,0.22034289949368,-2.48524091410227,0.0129463787201407,0.038015330361695
"YER158C",49.1241806029903,-0.467124266050115,0.202479228886878,-2.30702313821578,0.0210535302357461,0.0568562230458723
"YER158W-A",30.4967077099733,0.263790985066604,0.257173348078803,1.02573220373432,0.305017830333551,0.458033901037698
"YER159C",80.8397165366653,0.550301409109147,0.15668054229647,3.51225111327398,0.000444327956844498,0.00197125708292696
"YER161C",105.55201713434,-0.218878655656395,0.138546161160381,-1.57982475893375,0.114147003918268,0.221089877074538
"YER162C",95.6052095358375,-0.397595949149572,0.146042105513416,-2.72247478048752,0.00647949787647961,0.0209853409708525
"YER163C",118.422016652105,0.149399093279075,0.138786373239766,1.07646802630237,0.281717993090193,0.431972144631628
"YER164W",146.588444212756,-0.215743710336257,0.121812751115232,-1.77110941474566,0.076542508722934,0.162765469272246
"YER165C-A",1.34556167557847,0.592819161176683,1.175492827867,0.504315421687759,0.614039742050604,0.742958707989266
"YER165W",711.133847611506,0.728439022147227,0.0526433306353976,13.8372518105346,1.51903943738394e-43,3.47948091418162e-42
"YER166W",223.813612905436,0.297739762829414,0.0917645673133275,3.2446048790574,0.00117613696885702,0.00473299676455385
"YER167W",131.434343631489,-0.127361650134466,0.127610827144191,-0.998047367803337,0.318256390096343,0.471383038550831
"YER168C",48.0873677117344,-0.0469720059786809,0.201798095226931,-0.232767340672165,0.815942074747809,0.88771563544636
"YER169W",71.813246918332,0.160921052360122,0.164258752535737,0.979680229369278,0.327243988240544,0.4793455756437
"YER170W",30.7337778199484,0.0827357676649474,0.259534725662011,0.318784962027368,0.749889582376176,0.841612274060391
"YER171W",51.1902795707715,0.0909778622878027,0.198049672747375,0.459368909959526,0.645969270404546,0.768501642359341
"YER172C",96.589722519275,0.174963682484334,0.144901216327741,1.20746869431791,0.227251694275856,0.369517801237645
"YER172C-A",2.79454613811301,0.645856964437007,0.906244267699524,0.71267426173795,0.476047346835452,0.621542195521093
"YER173W",36.6487575671499,-0.388630640940259,0.2388246905825,-1.62726324481936,0.103681200580656,0.205475272837524
"YER174C",65.4688304109324,0.0625890909112384,0.178471687063893,0.350694790534655,0.725817334202481,0.825885022827229
"YER175C",37.4717161248653,0.29184888305801,0.234430200330303,1.24492869368711,0.213157962446947,0.352706393835574
"YER175W-A",0.924451142557934,-0.398685760019535,1.61357902399899,-0.247081645267956,0.804845038379124,0.880184664904657
"YER176W",112.880888962123,-0.0158445843029234,0.13167651183893,-0.120329617497044,0.904222043191396,0.943775234017357
"YER177W",1327.73294881564,0.407067494915297,0.0407182765343884,9.99716907397863,1.56815874085901e-23,2.35484550111892e-22
"YER178W",746.487342253938,0.220463665698244,0.0528428367797139,4.17206340789937,3.01853603757631e-05,0.000169628309596066
"YER179W",27.1641605470931,-0.06352288775071,0.2729339153972,-0.232740909675023,0.815962600059917,0.88771563544636
"YER180C",29.9841772952252,-0.271764180098584,0.270344666469693,-1.00525075507288,0.314776121050418,0.468348937933806
"YER180C-A",6.05937673109621,0.646689784257024,0.561408326225007,1.15190629359821,0.249359581756773,0.395662984384957
"YER181C",0.635745244804789,0.775013218674534,1.81232624429504,0.427634495231844,0.66891724752979,0.783999784739216
"YER182W",53.7531482415579,0.09469941075599,0.200161233348368,0.473115643682968,0.636130676516457,0.760517801992632
"YER183C",52.6016085008601,-0.172308968407272,0.195676016543881,-0.880582973072898,0.37854357776206,0.531457361450532
"YER184C",32.4421465092573,0.847838162230782,0.243968157720224,3.47520008411532,0.000510472449238329,0.00224111585005883
"YER185W",6.17254277721064,-0.753612539304499,0.589127740706693,-1.27920056590867,0.200826436639781,0.337128181741023
"YER186C",53.0064619636172,-0.170885545008231,0.198493515078677,-0.860912483415375,0.389286245721503,0.542324293841196
"YER187W",20.2597753347053,-0.853161182709199,0.329721294042865,-2.5875222441602,0.00966689538778809,0.0298263116845272
"YER188C-A",1.59589211528343,-0.109429595959782,1.12377457139554,-0.0973768216021194,0.922427150921669,0.954901661720451
"YER188W",20.4840411874987,0.28735136196691,0.305527946688156,0.9405076199468,0.346957242910676,0.500333870821463
"YER189W",0.548076390691773,-1.87422568601239,2.00068262585507,-0.936793103409577,0.348864993526353,0.502202401218185
"YER190C-B",0,NA,NA,NA,NA,NA
"YER190W",7.41597645960563,7.03001930980033,3.39176635511687,2.07267204570112,0.0382028110473708,0.0923940977205348
"YFL001W",30.8872803681151,-0.150014743758519,0.273533809252815,-0.548432181631583,0.583395184255693,0.716577492687874
"YFL002C",49.8801107690766,-0.836784390179606,0.210783710352209,-3.96987219164794,7.19111950470661e-05,0.000377280145300873
"YFL003C",8.36830754262729,-0.980714463268192,0.537244488179993,-1.8254528149568,0.0679327254642228,0.148503004974003
"YFL004W",167.303322959256,0.805733272452737,0.114482232530096,7.03806393923107,1.94929242943502e-12,2.05390445648136e-11
"YFL005W",264.528719261294,-0.0365212624527728,0.0882259015735809,-0.413951705807323,0.678909475699853,0.79200959948223
"YFL007W",186.538795758081,0.34370626905178,0.103278821204254,3.32794531389968,0.000874890385878499,0.00360094858041919
"YFL008W",73.6437645660975,-0.715854957524573,0.17996236762552,-3.97780362066686,6.95547784649579e-05,0.000367356148250179
"YFL009W",113.747296758678,-0.331257808208109,0.133798482192305,-2.47579645733202,0.013293934297379,0.0387836883378079
"YFL010C",328.537358733936,0.541672133293191,0.0770665545210878,7.02862787442992,2.08574420738832e-12,2.19402244244742e-11
"YFL010W-A",68.0618129532673,0.31976635912478,0.16609366841651,1.92521703068721,0.0542022123435186,0.123527897056858
"YFL011W",4.1001514127516,0.066805480585542,0.694380380668612,0.0962087674787351,0.92335476767794,0.95539260904418
"YFL012W",1.32628201854256,-1.24633421251558,1.33782143500825,-0.93161477301931,0.351535645672045,0.504748660444849
"YFL012W-A",1.11142951515013,-1.89736966976741,1.42477505733775,-1.33169770203075,0.182959544694427,0.314911582237453
"YFL013C",112.876273502585,0.0418409722589798,0.132813450800406,0.315035653443408,0.752734583590076,0.843179702382392
"YFL013W-A",18.0383194200183,-1.59742315279207,0.395288043390482,-4.04116233592744,5.31869228808133e-05,0.000286656203284315
"YFL014W",11.1802142491175,2.40464393411625,0.489427490214236,4.91317709404445,8.96122650806699e-07,6.17133703529406e-06
"YFL015C",1.18431667569448,-1.12777194874946,1.38948866889224,-0.811645300892285,0.416995189392967,0.568646157752877
"YFL015W-A",0.0826001337085384,0.671886301116372,3.5338115409304,0.190130767680801,0.849206660687331,NA
"YFL016C",194.233497298155,0.539335126025919,0.0994639229512748,5.42241960725928,5.87976605996114e-08,4.55537757733754e-07
"YFL017C",49.8978581416159,0.257123084697816,0.201266067646911,1.27752823764062,0.20141581777105,0.337758832877607
"YFL017W-A",22.6113268333271,-0.546488739169325,0.306139187621178,-1.78509893952407,0.0742452699659906,0.158734730038888
"YFL018C",486.517108780181,0.40145582635038,0.0646903121454906,6.20581062350562,5.44156744525379e-10,4.92859446832299e-09
"YFL019C",2.22488407813441,-0.776578483305455,1.02176802726236,-0.760034041568272,0.447234236967609,0.59675281682339
"YFL020C",8.38047767959362,-1.01439851818272,0.557960655606464,-1.81804668123084,0.0690569982490955,0.150533726157707
"YFL021C-A",10.85888596199,-1.49016329742398,0.489736995824148,-3.04278277959432,0.0023440146817591,0.00885765739275616
"YFL021W",92.4371673124506,0.635314104223345,0.143481007427347,4.42786202588549,9.5171746608335e-06,5.80208082987362e-05
"YFL022C",311.30246050338,0.721762434748805,0.0795705426223556,9.07072405141578,1.18228722622691e-19,1.61086634573416e-18
"YFL023W",24.1352326070012,0.607448656279527,0.280300055453962,2.16713712487759,0.0302243998816902,0.0764620472397141
"YFL024C",88.0357492883161,-0.378183720291202,0.1507314526622,-2.50899008542523,0.0121076882683002,0.0359721072791351
"YFL025C",48.5570981763504,0.0159106603590143,0.202639756318184,0.0785169734118289,0.937416829072861,0.965517952655364
"YFL026W",215.274284799639,0.729487026240572,0.0946008821345926,7.71120744099088,1.2463288750576e-14,1.44309361687072e-13
"YFL027C",41.526954908185,-0.140650049372458,0.227451320610341,-0.618374292112433,0.53632863997591,0.676105615538923
"YFL028C",77.9159606236894,-0.0553484623411088,0.15960627316834,-0.346781246390809,0.728755667097866,0.827534883502958
"YFL029C",90.8692121962975,-0.0141140778755262,0.149746433208491,-0.0942531823504291,0.924908039357149,0.956610720437715
"YFL030W",45.9309679284912,-0.263141796808034,0.212626905820042,-1.23757525320312,0.215873595056371,0.356239328620824
"YFL031C-A",12.8038840163095,-0.808436149461855,0.419613519420104,-1.92662083571353,0.0540269000871576,0.123220196983994
"YFL031W",248.026664302538,0.598799906043882,0.0900737312995107,6.64788609736582,2.97332249417916e-11,2.93708512628136e-10
"YFL032W",7.00811052969005,0.793597487324199,0.5255072323844,1.51015521465496,0.131003823331576,0.245249088274274
"YFL033C",129.472461355875,0.116933655909639,0.127840914227191,0.914681005032793,0.360359119080485,0.513684408303681
"YFL034C-A",45.9209711031021,0.455276337132273,0.216814419925936,2.09984343886258,0.0357426156334623,0.087617222192613
"YFL034C-B",43.8380363740414,-0.256895066577881,0.219108708540395,-1.17245484348478,0.241014491666358,0.386724268100182
"YFL034W",96.1273041757839,-0.195533922896596,0.144505079590489,-1.35312837064771,0.176014623531605,0.30570451922165
"YFL036W",178.027425405828,0.085379745854742,0.106398740576935,0.802450718794042,0.422292284526385,0.573053041511859
"YFL037W",597.416296243753,0.424234261550159,0.0615160627788778,6.89631687052351,5.3368084564944e-12,5.47715958798013e-11
"YFL038C",744.634780672962,0.215701754580375,0.0524973108925038,4.10881530716986,3.97693958688998e-05,0.000219966859740319
"YFL039C",2642.00172908222,0.569843296985074,0.0292448219486134,19.4852715460657,1.46400710325719e-84,5.57557404023612e-83
"YFL040W",17.6691049933477,-0.92628808210553,0.351470129038591,-2.63546744253712,0.00840214857857731,0.0264270563750078
"YFL041W",142.309964937181,-0.0753914491688995,0.120860115903993,-0.623790971943033,0.532764869421432,0.673136359940774
"YFL041W-A",7.42455114802362,-0.386642380965924,0.538200575914692,-0.71839830403156,0.472511732235691,0.61907133820435
"YFL042C",177.865038137016,0.134363689591605,0.109126505188579,1.23126539569296,0.218223619764717,0.359179829250856
"YFL044C",59.6031888036689,0.529734860450358,0.182604603869113,2.90099400138925,0.00371980999121126,0.0131893655437115
"YFL045C",360.253581220552,0.415223814284064,0.0800615396699003,5.18630813241992,2.14503796096593e-07,1.57685232432868e-06
"YFL046W",41.1595396768366,-0.633318555600518,0.237506587340809,-2.66653048528604,0.00766386554103948,0.0242861944613792
"YFL047W",54.8081708197928,-0.457705239251077,0.196460989461027,-2.32975126770333,0.0198193011692175,0.0538220025737943
"YFL048C",139.952918984922,-0.119331019365791,0.123658456395148,-0.965004924406231,0.334542345289364,0.487209561603169
"YFL049W",80.9585483305426,-0.729395574925722,0.163313724072237,-4.46622339346751,7.96124793501457e-06,4.91994227225436e-05
"YFL050C",52.4205687464033,-0.314683294962476,0.204396011337164,-1.53957649615474,0.123663618302512,0.23449351976859
"YFL051C",13.006572963158,-0.169841198333981,0.393833718226539,-0.431251034316686,0.666285849767941,0.781799769337571
"YFL052W",25.0006806225169,0.526698840113474,0.278367008747673,1.89210223755683,0.0584773602640924,0.131610491843927
"YFL053W",15.7400314260815,1.32252618097949,0.35742878268548,3.70011102923194,0.000215505160272912,0.00101977816111179
"YFL054C",170.418577980164,-1.36075636953409,0.127583765180995,-10.6655918768636,1.47457180820072e-26,2.40263994109406e-25
"YFL055W",27.6937722167347,-0.401798167363316,0.284479333108022,-1.41239844375881,0.157832674444387,0.282108614033762
"YFL056C",39.8946081091216,-0.70627532717191,0.236277255947456,-2.98918033536403,0.00279726979574035,0.0102636910323102
"YFL058W",3.21325134617414,-1.54578515087341,0.954709066504437,-1.61911644615792,0.105422210883715,0.208274755377139
"YFL059W",32.0330627133552,-0.859378103749636,0.56521833848896,-1.52043563562901,0.128401523896768,0.241593581570051
"YFL060C",12.9069396379552,-0.865515961518438,1.25224606168039,-0.691170839345266,0.489458186945642,0.634407905362696
"YFL061W",8.22306489193913,-0.3639635879515,1.16358660621503,-0.312794583581036,0.754436730728751,0.844396558976753
"YFL062W",0.150105129549528,-0.0395826487204739,3.4750590361838,-0.0113904967680613,0.990911895009613,NA
"YFL063W",0.226287444835161,-0.608996482993537,2.67933465826885,-0.227293922061612,0.820195198932603,NA
"YFL064C",0.430574433569313,2.86308060842242,2.39858054186745,1.19365623061101,0.232612468418784,NA
"YFL065C",0.151316176652299,-0.0475147251072141,3.46423497159804,-0.0137157916529247,0.98905672471554,NA
"YFL066C",0,NA,NA,NA,NA,NA
"YFL067W",11.2368442105729,0.188555473831808,0.476181329489393,0.395974100945947,0.692124134409573,0.802275170102186
"YFR001W",57.842912312781,-0.817677759989804,0.193236390871598,-4.23148950516849,2.32148828110216e-05,0.000132220260478629
"YFR002W",93.7893772875874,0.185627422959917,0.143907844486953,1.28990482500589,0.197083705313778,0.332789312231224
"YFR003C",88.371375029101,-0.315932303308377,0.151414542166476,-2.08653870881846,0.0369298526421235,0.0897963570782711
"YFR004W",348.740522266416,0.187372397835461,0.0736056358985038,2.54562569222054,0.0109082085051641,0.0330910240737273
"YFR005C",40.3897084553684,-0.546425534674523,0.23718949478285,-2.30375099527398,0.0212366254275998,0.0571797044094063
"YFR006W",152.849179242365,-0.0484960437180401,0.117235882188531,-0.413662121295355,0.679121571432518,0.79200959948223
"YFR007W",29.9658396092469,0.394065113475883,0.256208002645269,1.53806715405952,0.124032196026324,0.235121902032511
"YFR008W",19.5013916510257,-0.102081927637919,0.318082846604859,-0.320928741450591,0.748264392542618,0.840750213371563
"YFR009W",260.286929069134,0.355899944994432,0.0910296121642502,3.90971615206116,9.24046381897195e-05,0.000473021961648102
"YFR009W-A",0,NA,NA,NA,NA,NA
"YFR010W",194.102409547006,-0.155354998739163,0.102086108605011,-1.52180351334831,0.128058320907507,0.241306916476083
"YFR010W-A",6.34891762772839,-1.55135629244851,0.676995673216801,-2.2915305870082,0.0219327449080964,0.058778640656628
"YFR011C",41.0985481510535,-0.0237812252567548,0.222131574481696,-0.107059184684771,0.914742026911416,0.949745293830509
"YFR012W",1.2835381680467,-2.20460454590386,1.35842404783797,-1.62291336745153,0.104607925586562,0.206924688848012
"YFR012W-A",0.357745016439559,0.668404775018197,2.22038598723417,0.301030892313816,0.763390937808432,NA
"YFR013W",104.857078404771,-0.388355568208718,0.140970253120615,-2.75487600831956,0.00587143815648235,0.0193128158300111
"YFR014C",202.687489125545,-0.0993261675473318,0.0988407367737933,-1.00491124195735,0.314939590695936,0.468481904089342
"YFR015C",889.640097100913,3.25840747288272,0.0598583402057851,54.4353128015368,0,0
"YFR016C",165.364424110737,-0.290555122372307,0.11444851418292,-2.53874088664813,0.0111252185558897,0.0335561219992056
"YFR017C",203.070348732664,0.681689906038019,0.099902220459114,6.82357111689031,8.88047464622012e-12,9.01161488176623e-11
"YFR018C",182.58438943332,0.102537744479919,0.103315648011134,0.992470612669135,0.320968008073705,0.473892177220552
"YFR019W",79.0441017066761,0.00651261448659489,0.159128687115084,0.0409267153815257,0.967354319491234,0.981481946368734
"YFR020W",55.5456611084859,-0.190535467456488,0.189137238164995,-1.0073926705553,0.313746112123757,0.467319020021939
"YFR021W",70.8030645697472,0.539062016473217,0.163674946114172,3.29349133310355,0.000989513922193571,0.00403518137494611
"YFR022W",50.4232002458567,-0.173480227302286,0.204373696543358,-0.848838330158999,0.395971258385974,0.548134507448244
"YFR023W",1.73343903844547,-0.333831868267761,1.102267574494,-0.302859193169142,0.761997170802754,0.850214969235728
"YFR024C-A",294.049949143418,-0.00160604758237471,0.0916232979386852,-0.0175288121963202,0.986014747566056,0.991742920302025
"YFR025C",97.1878021796464,-0.174913185637723,0.144217529758037,-1.21284275171809,0.22518994670088,0.367204241176931
"YFR026C",11.7594597529302,-0.895890138192881,0.431119056207671,-2.07805738413318,0.0377040741342204,0.0913626510833812
"YFR027W",26.7094731297516,-0.321131179968809,0.279946154087909,-1.14711766987864,0.251332991938266,0.397728954952119
"YFR028C",90.9328449935896,0.0164092549385299,0.151552170992221,0.108274628011578,0.913777848190655,0.949354361174096
"YFR029W",58.0813292982082,0.47081851963128,0.181352391919233,2.5961527975929,0.0094274131055255,0.0291852544780558
"YFR030W",112.949884231584,-0.504078866619045,0.138374241324405,-3.6428663441578,0.000269618853392595,0.00125425341511993
"YFR031C",77.8140024334868,-0.623029779578412,0.168176307705616,-3.70462277402945,0.000211705550694501,0.00100330021850872
"YFR031C-A",1932.21049095308,0.962744699074098,0.0330197254375898,29.1566536764145,6.87944659883491e-187,5.64829368803043e-185
"YFR032C",3.93533045514735,-1.37841890859385,0.777870875174504,-1.77204077512816,0.0763877889041646,0.16249111758147
"YFR032C-A",938.14537493654,0.390030635838224,0.046892822985392,8.31749105742101,8.98448715945858e-17,1.12475104598212e-15
"YFR032C-B",2.31646422484829,-0.999305228441003,1.0383299493361,-0.9624158766488,0.335840741613696,0.488650211388214
"YFR033C",204.065013423448,0.371517173687397,0.100448464625733,3.69858489198075,0.000216804839338252,0.00102516095310129
"YFR034C",74.3892449748558,0.633975567991151,0.162788920013225,3.89446387346048,9.84161573635379e-05,0.000500955673794111
"YFR034W-A",0.884567328912163,-1.57791979315812,1.49686200833908,-1.05415180849501,0.291813419655663,0.4439146224495
"YFR035C",25.8925035782807,-0.265079260917039,0.281817619242551,-0.940605706731538,0.346906956349188,0.500333870821463
"YFR036W",14.8055721129207,0.273812566761992,0.3614250340211,0.757591591583018,0.448695515448625,0.598071484011429
"YFR036W-A",91.3987015172166,0.375166819110077,0.149653465198279,2.50690365647738,0.0121793903728444,0.0361323819507848
"YFR037C",297.771288171537,0.30176787977037,0.0837881995999474,3.60155584212552,0.000316318457849177,0.00145015612075598
"YFR038W",61.059407338193,-0.278323858110897,0.180552666847328,-1.54151064601135,0.123192553922527,0.233972100256585
"YFR039C",68.5894206494933,-0.172704422987363,0.169642951440468,-1.01804655908718,0.308655830259166,0.461851398555846
"YFR040W",228.827836715279,-0.16203378081003,0.0930732423959995,-1.74092764621462,0.0816962619837493,0.170569276176111
"YFR041C",73.8936579974163,-0.567267528063769,0.169005322419721,-3.35650688358188,0.000789337559908333,0.00328302108798716
"YFR042W",39.1205447597212,-0.546189298272071,0.244155259917537,-2.23705726616967,0.0252825974784077,0.0659663975478719
"YFR043C",20.3415903097907,-0.971286149529133,0.346750376833091,-2.80111058104679,0.00509270647109355,0.0171073806111867
"YFR044C",353.086764732393,0.450382352407172,0.0753102265919265,5.98036113803773,2.22643455010221e-09,1.92551562595707e-08
"YFR045W",52.0276491866904,-0.0667717802109649,0.192502561469293,-0.346861775247681,0.728695164781123,0.827534883502958
"YFR046C",37.3131612901591,-0.516143015319416,0.240968329262048,-2.14195374512524,0.0321972043365653,0.0801380810298291
"YFR047C",175.202032110776,-0.0349224293693698,0.106071491623815,-0.329234828649559,0.741978199571287,0.83644546677776
"YFR048W",51.3625948589055,0.0154861084627365,0.19818438825836,0.0781399009217026,0.937716767862679,0.965669556349219
"YFR049W",74.597842724468,-0.0733151307284777,0.164834781563585,-0.444779493945558,0.656479114851966,0.776184956815809
"YFR050C",290.539810517657,0.0526090932368241,0.0839462767254593,0.626699542719192,0.530856203676519,0.671751985517005
"YFR051C",348.098375613625,0.257275262404391,0.0756976845166614,3.39872037100109,0.000677018967384389,0.00288417379501625
"YFR052C-A",159.975232625415,1.32139438974616,0.114883142981084,11.5020738069791,1.2878346274674e-30,2.29991257481607e-29
"YFR052W",183.94600769372,-0.383096869891688,0.108627227162698,-3.5267113034,0.000420755274681878,0.00187721584088838
"YFR053C",1516.98262260015,2.0790508269616,0.039288826276085,52.9171019859942,0,0
"YFR054C",2.07992530235851,-0.809631910080519,1.03550884468779,-0.781868657360069,0.43429176649034,0.584915327599474
"YFR055W",160.106819262263,2.1586706754154,0.121060989200641,17.831265791474,4.0416628772601e-71,1.31708209845559e-69
"YFR056C",6.67079817890158,1.38414576815069,0.579785001727244,2.38734317725909,0.0169706414008591,0.0474307669921445
"YFR057W",0.0826001337085383,0.671886301116372,3.5338115409304,0.190130767680801,0.849206660687331,NA
"YGL001C",201.490918099944,0.468702124607491,0.0988885560124748,4.7397003607613,2.14034497531016e-06,1.40803963932475e-05
"YGL002W",63.8392277756175,-0.640303751405377,0.181443997269661,-3.52893323031107,0.000417238388098464,0.00186547460364815
"YGL003C",106.29358625283,-0.341290286791645,0.141239962466536,-2.41638613343944,0.0156754282047967,0.0444793793136109
"YGL004C",57.7255471854725,-0.369273354296457,0.186233837636039,-1.98284779492186,0.047384433458545,0.110174471616374
"YGL005C",47.8418571437946,-0.64028886894026,0.224939449355203,-2.84649433781256,0.00442035153315476,0.0151548060697421
"YGL006W",339.790626044587,0.300748259653573,0.075804109826447,3.96744002854376,7.26487851162824e-05,0.000380518326019169
"YGL006W-A",0.0826001337085383,0.671886301116372,3.5338115409304,0.190130767680801,0.849206660687331,NA
"YGL007C-A",0.075442125546796,0.671886301116372,3.5338115409304,0.190130767680801,0.849206660687331,NA
"YGL007W",2.25071152940433,-0.734516057287124,0.964278004250109,-0.76172644615941,0.446223287883347,0.595906976341048
"YGL008C",3179.74763261408,1.30706589605209,0.0256743604857189,50.9093847451091,0,0
"YGL009C",468.374581559498,0.10405259818787,0.0713023090888325,1.45931596770921,0.144478162522636,0.262921975667272
"YGL010W",34.5949457053008,-0.841588499028709,0.262594400402878,-3.20489887727052,0.00135109939450692,0.00534856003260659
"YGL011C",340.066658326765,-0.0227607401785537,0.0773974723883169,-0.294076014063599,0.768699818929977,0.85513289728582
"YGL012W",551.840155034138,0.306742302432243,0.0600964086707474,5.10417026935511,3.32249028176141e-07,2.38962270321907e-06
"YGL013C",60.0547970708408,-0.0333735747689303,0.181107198494515,-0.184275252703117,0.853797526946081,0.913317760635047
"YGL014C-A",0.800369271825026,3.81969840639861,3.4602974459143,1.10386418107168,0.269652058727582,0.419473502774551
"YGL014W",176.315458743148,-0.165444830531689,0.106217702146681,-1.55760129609298,0.119327791266955,0.228326360892763
"YGL015C",0.460480584763782,-1.62874115030453,1.93786981876875,-0.840480167723218,0.400639216719748,0.553263680232033
"YGL016W",39.0958753979563,0.361369916182267,0.220432694250708,1.63936623562413,0.101137009121543,0.201255326303554
"YGL017W",69.3504317826925,-0.289487246359273,0.170416997004859,-1.69869937533883,0.0893758412089685,0.183095939119604
"YGL018C",24.1683000705066,-0.0636230796331822,0.286083928879364,-0.222393057458361,0.824007915858573,0.892205897488614
"YGL019W",208.060291527436,0.449382915453395,0.099158148289134,4.53198172018143,5.84329074505495e-06,3.67574966072014e-05
"YGL020C",127.935452797759,-0.495236343247751,0.134284409464947,-3.68796605072032,0.000226053801629245,0.00106491217131154
"YGL021W",59.6763517439499,-0.638220866610806,0.191735843078534,-3.32864662320542,0.000872690554191641,0.0035994784897513
"YGL022W",525.293071058609,0.388320622929246,0.0599516896341563,6.47722566784854,9.34244167129772e-11,8.96250625886862e-10
"YGL023C",252.302899891001,-0.0411076557535685,0.0893466307471439,-0.460091840171405,0.645450300801547,0.768501642359341
"YGL024W",4.31379904859701,0.261022311310125,0.702076897902862,0.371785928421533,0.710052241400696,0.814691519080798
"YGL025C",76.3479999357246,-0.0200883812622018,0.158221538491245,-0.126963632472284,0.898969182637795,0.94078516348885
"YGL026C",547.843944419821,0.41019104192636,0.0601117866674501,6.82380386055758,8.86609150427188e-12,9.01148400160881e-11
"YGL027C",237.654132406245,-0.257679427917864,0.095761966916717,-2.6908326574157,0.00712739366770129,0.0228148773504849
"YGL028C",103.181265632869,1.69231385845074,0.142935423169323,11.8397092961764,2.43294790129453e-32,4.48428473235686e-31
"YGL029W",28.1675075109886,0.225449746272466,0.266397860887522,0.846289626806182,0.397391193197341,0.549738976672558
"YGL030W",2529.71144695056,0.948508043886966,0.0289800446245779,32.7296957673605,5.90617763898413e-235,5.92680238629487e-233
"YGL031C",737.044967062735,0.218970609953188,0.0533169526459033,4.10696033975251,4.00900033027971e-05,0.000221546329440807
"YGL032C",18.1133778308047,0.0964006564058044,0.329256064532446,0.29278323709146,0.769687841939382,0.85593078922441
"YGL033W",0.707989679110616,0.35471371669969,1.6701860473315,0.212379762881163,0.831810772550036,0.897696774336178
"YGL034C",2.9258326544314,-2.14577437576142,1.05336823581306,-2.03706007339891,0.0416440223501243,0.0992361512617737
"YGL035C",261.565393551065,-0.676251624699057,0.096401069557391,-7.01498051633609,2.29981001555805e-12,2.41518254457774e-11
"YGL036W",179.606688397444,-0.500017889346698,0.106998243287537,-4.67314110945725,2.96627816575346e-06,1.9155066970269e-05
"YGL037C",1291.35244397275,0.707202436726785,0.0407204761869964,17.3672437787607,1.46076077023031e-67,4.57174732148317e-66
"YGL038C",129.373833436642,-0.212484884794783,0.123944346941085,-1.71435720981922,0.0864631421239395,0.178226274700863
"YGL039W",98.8212407109099,0.0331782444338861,0.142723314513489,0.232465484332278,0.816176492468377,0.887795558393854
"YGL040C",217.10201766251,0.554868280538654,0.105493487591068,5.2597396598502,1.44259498137686e-07,1.07675153155425e-06
"YGL041C",0,NA,NA,NA,NA,NA
"YGL041C-B",1.87047413496642,-1.01611345724915,1.12556361682409,-0.902759685957361,0.366653451412745,0.519494199872563
"YGL041W-A",36.6467380566402,-0.319891202651332,0.245437248491116,-1.30335230132321,0.192454512942943,0.326923266299981
"YGL042C",21.236329273638,0.249771554800696,0.298968233328593,0.835445130808176,0.403467128322878,0.555833337384448
"YGL043W",84.5827937997163,0.572671191906088,0.14813240061273,3.86594147895604,0.000110661472942925,0.00055789619772342
"YGL044C",63.0237049257997,0.114495146809991,0.175807837100864,0.651251666012493,0.514884043576152,0.656401880114627
"YGL045W",39.6920151763945,-0.122551253068124,0.235572932366162,-0.520226376762323,0.602905803168131,0.734784164889886
"YGL047W",64.22059647887,-0.205452345639258,0.179010670112421,-1.1477100527596,0.251088279805454,0.397458397671943
"YGL048C",410.88361971057,0.130098759133562,0.0720398945793776,1.80592656184709,0.0709298114670454,0.153462788533423
"YGL049C",207.671685144797,-0.140216768175604,0.101524101139755,-1.38111804587746,0.167242667836865,0.295254997504792
"YGL050W",38.5606387906699,-0.405059733875159,0.243797009644618,-1.66146309368443,0.0966204752187013,0.19465731176948
"YGL051W",23.171176190898,-0.354365771321195,0.33403091879519,-1.06087715651997,0.288745731895962,0.440717169735943
"YGL052W",9.72330190031496,-0.278007030568031,0.452697549394769,-0.614112073148422,0.539141270727879,0.678163771098617
"YGL053W",67.4631867858004,-0.12351990932097,0.170590983629934,-0.724070561600863,0.469022416511474,0.615881577855226
"YGL054C",102.88001776521,-0.187959453971668,0.139576638963198,-1.34663977702763,0.178096276742556,0.308810932958431
"YGL055W",1140.97363663639,0.538441088634101,0.0419379867946305,12.8389827406555,9.91689692538506e-38,2.04884386804851e-36
"YGL056C",108.120629935231,-0.060671508405993,0.140190653477068,-0.432778554783736,0.665175654421141,0.781309523006304
"YGL057C",17.3758839784494,-0.44799535620029,0.35912702617699,-1.24745653639418,0.212230147492166,0.351695672987019
"YGL058W",58.6728037999021,0.075142108061404,0.185837468733356,0.404343153044231,0.685960396721416,0.797030256951441
"YGL059W",48.997925647984,0.146918917880045,0.197626813928401,0.743415910825102,0.457229914330155,0.606378753596652
"YGL060W",36.4879425262564,0.0549114424680587,0.232790413896733,0.235883606841378,0.81352298920076,0.885823688895488
"YGL061C",17.2067953846836,-0.480744091250168,0.351840915742621,-1.36636778083491,0.171823556201487,0.300905407840942
"YGL062W",326.660292372985,-0.487129441524102,0.0826998424066135,-5.89033095285737,3.85422957516963e-09,3.27946694134891e-08
"YGL063C-A",0.395092812046447,2.8278409766773,2.46096974071817,1.14907588252267,0.250524692150408,NA
"YGL063W",43.9270024009466,0.186540415556809,0.214621564473115,0.869159704500134,0.384759784180625,0.537739964821461
"YGL064C",21.9875764746534,-0.240318656540686,0.299417724872398,-0.802620007359627,0.422194400645234,0.573053041511859
"YGL065C",48.4203815314923,-0.309345672527269,0.202489889262456,-1.52770922861394,0.126584747782944,0.239171779881582
"YGL066W",85.6501583409401,-0.0705429144754748,0.157804011114618,-0.447028652676244,0.654854372084977,0.775278902681877
"YGL067W",63.2517025669989,0.19417672725632,0.173816455266906,1.11713661953438,0.26393591514864,0.412566176474823
"YGL068W",96.7235601857057,0.420818152033246,0.141244013057403,2.97936983610217,0.00288841919426328,0.0105735878089939
"YGL069C",38.6955249666639,0.653635896198056,0.22945484325638,2.84864719751293,0.00439055378837075,0.0150608144601627
"YGL070C",42.225799190788,-0.0443668051473118,0.219229863317061,-0.202375736936653,0.839622995074166,0.903057065496067
"YGL071W",75.0797431384114,-0.0338739714359754,0.163886982954192,-0.206691042969798,0.836251153031554,0.900950884366988
"YGL072C",12.2037818434839,-0.734301208198716,0.450737586709737,-1.62911021811808,0.103289688493356,0.204765572485103
"YGL073W",178.076500403374,-0.196584900068573,0.107213647884708,-1.83358092880089,0.0667162253059904,0.146451380689053
"YGL074C",7.10107798343697,0.990962958597782,0.527000884440745,1.88038196491718,0.060056039706903,0.134588544142872
"YGL075C",19.2960592850722,-0.921979621004554,0.335855313435441,-2.74516907764146,0.0060479729223787,0.0198212985045506
"YGL076C",2277.64070561152,0.665896092592144,0.0299725030834394,22.2168996275813,2.35796792366748e-109,1.13794452010884e-107
"YGL077C",230.248890380335,0.359543862212515,0.0908940595749605,3.95563652777549,7.63311405884903e-05,0.000398156329043264
"YGL078C",129.221859284751,0.807128278069173,0.122033327666056,6.61399876169792,3.74074869434583e-11,3.68364692299912e-10
"YGL079W",24.5921342075252,-0.119270658957054,0.28861532398199,-0.413251303886057,0.679422503416115,0.79200959948223
"YGL080W",72.6997286848588,-1.01113169999576,0.176052339338018,-5.74335850235084,9.28169273757005e-09,7.71075709420734e-08
"YGL081W",9.36912541761197,-0.37401177704926,0.527179518629594,-0.709458095074532,0.478040247210244,0.622999472863979
"YGL082W",128.310730960782,-0.381361791663684,0.134917063499275,-2.82663869026272,0.00470393694410903,0.0160141568985769
"YGL083W",53.6618786631798,-0.155841638441384,0.200580344860837,-0.776953686810675,0.437186094972399,0.587811674269568
"YGL084C",102.229573111038,-0.0455508147231462,0.136933191916535,-0.332649915521657,0.739398559920621,0.834973361402414
"YGL085W",29.2032933470213,-0.275946757064693,0.261943319676851,-1.05345979964336,0.292130309449571,0.443953802004853
"YGL086W",73.1309988313669,-0.030082561717416,0.168114984828906,-0.178940394564064,0.857984504363755,0.915500266204197
"YGL087C",54.0571884642715,-0.413171902365934,0.203138332481027,-2.03394355619476,0.0419572867233657,0.0998321289669244
"YGL088W",6.10425063044338,0.214835931090812,0.5565039521686,0.386045652063446,0.699462859007046,0.807819545970506
"YGL089C",10.9329251230734,-0.116180960473454,0.447367868109185,-0.259698938514509,0.795096011498293,0.872824619672202
"YGL090W",27.9091482234055,-0.392474156643343,0.281666499616565,-1.39340019909227,0.163498805562532,0.290593041542403
"YGL091C",43.6330855978234,-0.186963318792009,0.213568469403938,-0.875425662382733,0.381342341680544,0.533609181962019
"YGL092W",130.247376642657,0.0297248471974523,0.129330511038628,0.229836308220989,0.818218969980547,0.889099403268652
"YGL093W",78.5595136833076,-0.174005443877361,0.158054897868697,-1.10091775847349,0.270932452360006,0.420947398333733
"YGL094C",89.5552376627165,0.102176412873955,0.148581700122988,0.687678312937452,0.491655379933329,0.636413864033273
"YGL095C",96.7154876895527,-0.203051577898905,0.14405008955871,-1.4095900844001,0.158660756541076,0.28342845517171
"YGL096W",17.5690609210606,-0.0192771047436651,0.338077256743575,-0.0570198212365597,0.954529405763768,0.974884475482802
"YGL097W",168.70939804771,0.178048417557553,0.108851214482885,1.63570446506639,0.101901454551941,0.202394280765747
"YGL098W",49.8594527904429,-0.23216999310783,0.202632423260644,-1.14576921783733,0.251890655008745,0.398511691933255
"YGL099W",84.8549554388446,0.332214967093109,0.154851161805042,2.14538246417143,0.0319222799913474,0.0796733731169752
"YGL100W",111.730043301093,0.0134767547978891,0.134591809350864,0.100130571562173,0.92024066469453,0.954044191898789
"YGL101W",35.7319518108789,-0.0960291007063247,0.244203416079374,-0.393234059736134,0.694146615769375,0.803588153249219
"YGL102C",127.236178418753,0.229611854167893,0.158508381518374,1.4485786301545,0.147455292622963,0.266803766446014
"YGL103W",2085.51763488213,0.648566284091963,0.0323236728279243,20.0647459694515,1.50055271673404e-89,6.04235304152393e-88
"YGL104C",50.4355688953741,-0.176104775560805,0.199264261503754,-0.883775014304245,0.376817676713071,0.529504634847752
"YGL105W",604.708378730075,0.274658357844799,0.0603422313925809,4.55167718372722,5.32199507995784e-06,3.36120408546388e-05
"YGL106W",267.291224154777,0.29664676467454,0.0836541156955871,3.54611081843267,0.00039096175780839,0.0017591887778396
"YGL107C",62.0849917253048,0.0970292667254154,0.184509338406271,0.52587726758722,0.598973484368036,0.730743027436265
"YGL108C",14.4568903920877,-0.31713916901845,0.380806920283804,-0.832808313415355,0.404952845379084,0.557030437007522
"YGL109W",8.45930370721417,0.0812970781130323,0.478693480889468,0.1698311787367,0.865142906016105,0.920005626885419
"YGL110C",64.6178544833254,-0.55296152090112,0.181004552750552,-3.05495918471827,0.00225091152292123,0.0085415742184322
"YGL111W",57.8298792565938,0.29839799192785,0.187994592810035,1.5872690137922,0.112451729997762,0.218744565244877
"YGL112C",72.8725471922295,-0.222452157534877,0.169729053542845,-1.31063099034322,0.189982463857611,0.323563883757495
"YGL113W",27.9623961912103,-0.461476973439703,0.283687961368528,-1.62670622755196,0.103799505486889,0.20551846967996
"YGL114W",99.5312125078205,-0.290917526926625,0.142784482380383,-2.03745898767633,0.0416040678215788,0.0992157362384087
"YGL115W",122.087205563982,0.358050645442422,0.125797024663741,2.84625686815329,0.00442364955052921,0.0151578929314069
"YGL116W",64.621473044585,-0.121852435951653,0.179883346667961,-0.67739698092551,0.498154113355677,0.641803608036395
"YGL117W",78.7648587749461,0.316963606441069,0.156468401616264,2.02573556812076,0.0427918897516935,0.10155327732489
"YGL118C",0.427036233852044,0.00649093324531937,2.07163026328077,0.00313324890081491,0.997500033167354,NA
"YGL119W",43.959093842214,-0.152288257170999,0.226638375300179,-0.671943826676727,0.501619458020016,0.644230114637419
"YGL120C",126.861138801098,0.915963523744765,0.129515165125524,7.07224920616076,1.52442332296758e-12,1.61430556914591e-11
"YGL121C",9.75040903853327,0.940431710587893,0.455781941132865,2.06333692873046,0.039080627790878,0.0940248337525099
"YGL122C",328.157117546096,0.117018580834349,0.0770046026939495,1.51963099270096,0.128603743986218,0.241902073633107
"YGL123C-A",3.22930825176985,5.82826871896778,3.40265153389087,1.71286088537643,0.0867381357316068,0.1785602390411
"YGL123W",3367.66556026991,0.92127603565834,0.0268026507238595,34.3725717709789,6.4805094503043e-259,7.18768083242523e-257
"YGL124C",51.2332678786232,-0.414751096762444,0.199955234005303,-2.07421975636529,0.0380589062212121,0.0921165410147408
"YGL125W",129.931900353311,0.509493026010482,0.125159613371267,4.07074624383145,4.68627753928098e-05,0.000256507762799431
"YGL126W",270.860432726106,0.296057272419934,0.0855927738846426,3.45890498675676,0.000542376197223525,0.00236476021989457
"YGL127C",40.3616124893747,-0.525145946774496,0.230279670224696,-2.2804702918937,0.0225798108052085,0.060105079541275
"YGL128C",29.0891234641969,0.0342631749978639,0.258236743201543,0.132681254313694,0.894445468665579,0.937758582571109
"YGL129C",63.4707584993284,-0.0587558388566821,0.186231752317685,-0.315498501869075,0.752383188360455,0.843179702382392
"YGL130W",73.6674100279281,-0.230236755017824,0.17281678849381,-1.33225919208695,0.182775031785065,0.314765391159134
"YGL131C",41.7714484203183,0.612568417172141,0.220946686433633,2.77247161774541,0.00556323705776186,0.0184236692923889
"YGL132W",5.11953552913421,-0.1442225456427,0.636984311130249,-0.226414596282277,0.82087897648116,0.890731774011869
"YGL133W",82.9788422419084,0.0349639556549301,0.154138981622761,0.226833960409189,0.820552855330821,0.890716887259864
"YGL134W",43.9369127506654,-0.448363999162807,0.228590146998786,-1.96143186856251,0.0498286654761334,0.115011618525051
"YGL135W",1833.93989986744,0.605308854744172,0.035523562740743,17.0396437756488,4.17265328590871e-65,1.25021393713341e-63
"YGL136C",26.2146967660344,-0.268958429209667,0.285558510555655,-0.941868020975152,0.346260214486331,0.49978472054397
"YGL137W",364.292508525494,0.3346722858872,0.0752933202088471,4.44491337291134,8.79272896506287e-06,5.39162294055552e-05
"YGL138C",0.309133958976792,-1.05140350154152,2.20687003589695,-0.476422935850044,0.633773097780018,NA
"YGL139W",95.148070886539,0.0810775568117388,0.160748141408356,0.504376324985143,0.613996951658889,0.742958707989266
"YGL140C",121.139386419995,0.0962272720253927,0.127753692985387,0.75322497359352,0.451314734662987,0.600802643196337
"YGL141W",67.679968524212,-0.164244710168727,0.176442252333499,-0.93086949410668,0.351921076297272,0.505072654790318
"YGL142C",57.4820588285326,-0.242434419304048,0.186219191304554,-1.30187666268809,0.19295855142288,0.327485627408173
"YGL143C",45.0089149254582,0.0785403286513067,0.214491134889566,0.366170511857025,0.714237844578793,0.817376952994135
"YGL144C",30.7654478368062,-0.323993012804905,0.258430343705366,-1.25369570832706,0.209952628444222,0.348862477578522
"YGL145W",38.401353127028,0.0685491722879966,0.239009799692066,0.286804860622089,0.774261740991955,0.858829386536857
"YGL146C",18.693256372529,-1.13769156818058,0.350497690651316,-3.24593170946847,0.00117066917934783,0.00471399398206178
"YGL147C",1824.02789592363,1.09466425707868,0.0330797875999627,33.0916349982825,3.92076146110681e-240,4.13117565951954e-238
"YGL148W",669.851643402428,0.888594673931898,0.0534869651565911,16.6132939367639,5.58409602706099e-62,1.59020968842701e-60
"YGL149W",2.60184122022628,2.13406739889582,0.947591071746373,2.25209741050306,0.0243161169159868,0.0637655452074129
"YGL150C",183.04624106283,0.440329381226345,0.105024828971856,4.19262174037285,2.75749016608129e-05,0.000155928916189319
"YGL151W",105.517739388472,0.0508414219205539,0.137219651723268,0.370511229857123,0.711001610791141,0.815228933257851
"YGL152C",14.4223877946,-0.568447912343979,0.421702713483747,-1.34798258149194,0.177663985042731,0.308230437277756
"YGL153W",39.8138717115376,-0.449946349871718,0.268530467006035,-1.67558770849494,0.0938189780528996,0.190164792607887
"YGL154C",36.4204887724003,-0.617824695616339,0.24044324530641,-2.56952402563445,0.0101838329877854,0.0311929225527031
"YGL155W",51.5995731704206,0.277280346685962,0.205598503039732,1.34864963794205,0.177449528917764,0.307966774402061
"YGL156W",72.2457520479267,-0.305301778847754,0.16699699558332,-1.82818725439543,0.0675214532193983,0.147844633546136
"YGL157W",149.757509534024,0.124589630134456,0.121054919357505,1.02919923284169,0.303386062746783,0.456017106195606
"YGL158W",54.15432143513,-0.775821749017372,0.206709531648847,-3.7531977496583,0.000174593015519707,0.000840652737330987
"YGL159W",32.1386234937396,-0.0824283422748321,0.252408403450757,-0.32656734541294,0.74399514507715,0.837822819233656
"YGL160W",67.8638128221987,-0.488171902435592,0.17666628062626,-2.76324322165545,0.00572301028445838,0.018873693801954
"YGL161C",213.101039665891,-0.09171732138236,0.100725340824852,-0.91056848883584,0.362522779919105,0.515490106758566
"YGL162W",60.3665086417103,1.44057999505962,0.185513843974526,7.76535035982241,8.14198405987466e-15,9.54983733330753e-14
"YGL163C",80.9408604218169,-0.600102366953784,0.161189658553314,-3.72295823652544,0.000196902101957359,0.000938774576602131
"YGL164C",86.7286448374335,-0.378083089815732,0.169599090509744,-2.22927545589645,0.0257955826719981,0.0670006876139574
"YGL165C",31.5256895656101,-0.149226471717005,0.261189208884742,-0.571334751363544,0.567772749372372,0.703401787484251
"YGL166W",65.647071939264,0.379862868000935,0.176541363936142,2.1516932889356,0.0314215190625348,0.0787031868119433
"YGL167C",304.834744108563,0.0191758045164452,0.0832359130955356,0.230378977094128,0.817797295688601,0.889001654400953
"YGL168W",65.0862635222794,-0.929409975497081,0.189564657595264,-4.90286526659123,9.44487683054924e-07,6.4832259850958e-06
"YGL169W",40.2100373855607,0.14025548427738,0.228174403036671,0.614685444163685,0.538762474378178,0.677957078626361
"YGL170C",0.950571738723826,0.531146997736498,1.45810175162881,0.364272930296645,0.715654211769318,0.818252505240565
"YGL171W",21.6287937733305,0.894089341410478,0.313558487631279,2.85142764963792,0.00435233897931167,0.0149558537961609
"YGL172W",137.07011074856,-0.326049511598348,0.122390124304095,-2.66401814241347,0.00772133982893076,0.0244315867860362
"YGL173C",380.486905770416,0.494582440434519,0.0738266029798573,6.69924418125347,2.09500272050156e-11,2.07270848184834e-10
"YGL174W",24.2570600609262,-0.969422954592767,0.304135959950318,-3.1874657464087,0.00143525456836233,0.00565338279201661
"YGL175C",6.53551660936314,0.326654978062957,0.544341269803903,0.600092251283157,0.548444756407315,0.686626645454431
"YGL176C",40.4214258921121,-0.807724677516823,0.238541477176796,-3.38609740778194,0.000708942144082979,0.00299594400728115
"YGL177W",0.863805136704404,-0.270376351663603,1.51125953938432,-0.178907953675352,0.858009977421681,0.915500266204197
"YGL178W",64.2142819064762,-0.506594313884279,0.183046123263295,-2.76757739990806,0.00564746335336144,0.018653742591406
"YGL179C",54.3042123787366,0.388462429413361,0.19217356474462,2.02141449543068,0.0432368754125258,0.102529454747933
"YGL180W",55.3015847598105,-0.0446232968767728,0.194841280048312,-0.229023833479785,0.818850391948877,0.889479755653059
"YGL181W",236.077719067609,-0.0676579007200509,0.092348844569582,-0.732633971062548,0.463781705840834,0.612289387663177
"YGL182C",0.416844129300287,0.0231754710414868,2.08395337308921,0.0111209163030034,0.991126975475122,NA
"YGL183C",1.13659655551186,-1.99758776601926,1.39215420141336,-1.43488972988139,0.15131852273886,0.272313037505003
"YGL184C",29.9133232491245,1.02552357717653,0.255686286336971,4.01086656569833,6.04962950927105e-05,0.000323568170538169
"YGL185C",38.5944558449944,-0.810341284895455,0.239567730397505,-3.3825143459467,0.000718255263352838,0.0030292260006115
"YGL186C",168.116789790341,1.11038207201757,0.1086159546667,10.2230107485121,1.56406102482212e-24,2.42352789189349e-23
"YGL187C",79.9437895801306,0.280338937292047,0.16104695228845,1.74072798838151,0.081731269856535,0.170586031044244
"YGL188C",2.42619115035787,-0.0314080934150835,0.906833125347438,-0.0346349207336796,0.972370855476801,0.984990954706672
"YGL188C-A",1.05959370848292,-1.78216542842158,1.51474941862479,-1.17654141768186,0.239378591854751,0.385174715628846
"YGL189C",1450.61635165077,0.0854597298800458,0.0387272843151714,2.20670597980884,0.0273346072072838,0.0701336796933637
"YGL190C",167.801025149674,-0.156554426096467,0.113640565829505,-1.37762800593008,0.168318169606969,0.296573987808043
"YGL191W",121.090574147019,-0.130511649534379,0.127865460221825,-1.02069510646553,0.307398913705595,0.460515623802552
"YGL192W",98.0535613067565,-0.345908176894994,0.142256347575022,-2.43158342521462,0.0150329859226992,0.0429455657493468
"YGL193C",25.5244782779304,-1.06361042667998,0.298623638054849,-3.56170875690901,0.00036844897688444,0.00166977378628203
"YGL194C",22.3269109829642,0.140830286531692,0.302366943940815,0.46575953275917,0.641387634087799,0.764633721045269
"YGL194C-A",4.97695372060379,-0.565613628342469,0.65999108826955,-0.857001917746295,0.391443824765188,0.54437040478784
"YGL195W",430.680302745088,0.57470985760584,0.0734063022633258,7.82916234554656,4.91131122234539e-15,5.77772149098478e-14
"YGL196W",110.908214008694,0.946703905296679,0.133451721291635,7.09398047573946,1.30308522796528e-12,1.38455543045319e-11
"YGL197W",151.632626179921,0.333579631763324,0.119708736897919,2.78659386447108,0.00532651894811821,0.0177700542427458
"YGL198W",211.370098897817,-0.132905602920126,0.0964188326776572,-1.37841953930774,0.168073794110962,0.29630856842429
"YGL199C",47.9207443697528,0.623801630956645,0.220517430594788,2.82880872171467,0.0046721614209396,0.0159145498400755
"YGL200C",414.206866836057,0.178379731625826,0.0710967302030006,2.50897236928481,0.0121082955219866,0.0359721072791351
"YGL201C",98.0350397537195,-0.194981609683962,0.142036806993155,-1.37275410375396,0.169828803251874,0.298486987533596
"YGL202W",492.913940044715,0.461869355208684,0.0637308639433933,7.24718490587109,4.25522878759e-13,4.61433214324939e-12
"YGL203C",161.451941742556,0.03030889877507,0.11291926444916,0.268412116594295,0.78838211390832,0.868621771371279
"YGL204C",7.27549333315488,0.757104270029363,0.514285211926099,1.4721486297338,0.140980745919435,0.258491959310518
"YGL205W",19.6025948815692,-0.252882513819463,0.335147497334855,-0.754540958325584,0.45052446094567,0.600003295154524
"YGL206C",249.419766282896,0.161429166579226,0.0891469445160716,1.8108210826017,0.0701685517237099,0.152341714664642
"YGL207W",250.624300907412,0.0197313607822931,0.0884177847434614,0.223160542186647,0.823410560334397,0.892132108481196
"YGL208W",72.4507393129479,-0.164905004919698,0.164791868986372,-1.00068653832269,0.316978377561443,0.470187072487903
"YGL209W",250.154172282309,0.0199435162572525,0.0907671779377868,0.219721673741164,0.826087923920032,0.893809319702626
"YGL210W",68.8897159669744,0.0467049101955813,0.170562454634504,0.273828787793097,0.784216199398445,0.865057604428359
"YGL211W",73.997754453215,0.120314098039346,0.160972571534447,0.747419867201411,0.454810156651738,0.603854758910942
"YGL212W",26.9730387852782,0.495971997662179,0.277528544878567,1.78710264877147,0.0739208994741428,0.158201735435183
"YGL213C",82.0257721574516,0.0989534315048617,0.15824298258972,0.625325874711426,0.531757201158373,0.672488302805208
"YGL214W",22.8569620816363,-0.548878795052671,0.310542098560385,-1.76748594666285,0.0771468805108517,0.163775211077772
"YGL215W",162.104512784575,0.276247901184166,0.114758499628276,2.40721081295926,0.0160748876346421,0.0454090436220765
"YGL216W",63.0493505860199,-0.0171473551540515,0.182118234673447,-0.0941550701103493,0.924985975013564,0.956610720437715
"YGL217C",1.72704215523564,-0.476849444636252,1.17155192752245,-0.407023737859126,0.683990553702971,0.795179897114782
"YGL218W",7.18662961297458,-1.24665893793564,0.614290162809505,-2.02943008599381,0.0424145033123921,0.100730462036417
"YGL219C",112.87982842674,-0.337445761685807,0.135998683893108,-2.48124284754866,0.0130925140531301,0.038302116540439
"YGL220W",100.881065772544,0.46190186379179,0.137565218642496,3.35769366959084,0.000785956625187109,0.00327326599765014
"YGL221C",152.715484795644,0.496710052626082,0.116714949107877,4.25575349535546,2.08346155990589e-05,0.000119960327702414
"YGL222C",18.015355499396,-0.209314734862514,0.33611878949244,-0.62274035670125,0.53345515803535,0.673625146386625
"YGL223C",53.4189104761252,-0.161535412481339,0.201310988080672,-0.802417265055625,0.42231162929512,0.573053041511859
"YGL224C",69.6615033562362,0.546250800543181,0.169684093993942,3.21922218922112,0.00128538844620334,0.00512049512091843
"YGL225W",263.978899538319,0.561027449296623,0.0860151471237657,6.52242620115932,6.91791037009335e-11,6.6873133577569e-10
"YGL226C-A",59.3006814542272,-0.233415359055386,0.191073652663027,-1.22159887458179,0.221859354442803,0.363649167432564
"YGL226W",37.9587894979872,-0.267065622536646,0.231026203769776,-1.15599710413276,0.247682341493876,0.394420091416697
"YGL227W",155.66243541422,0.0731392980496843,0.116139770965988,0.629752387501293,0.528856601294065,0.669623759940132
"YGL228W",239.590325728829,-0.0309487760788437,0.0912980733609221,-0.338986080861708,0.734620215892898,0.831412281574455
"YGL229C",39.1698775628885,0.138816746750395,0.237521700591153,0.584438164617814,0.558925556198427,0.695439355695032
"YGL230C",3.67323284915503,-0.312710318154016,0.762084720730339,-0.41033537302038,0.681559947114632,0.793375434663728
"YGL231C",157.652914054611,0.136561357334927,0.110615012938151,1.23456440231385,0.216992664250914,0.357695256571236
"YGL232W",55.8756350790133,-0.11557269328176,0.194657028335103,-0.593724738686552,0.55269623399558,0.689860926223111
"YGL233W",87.3626274109648,-0.165564383668081,0.152445886661619,-1.08605346653649,0.277455338118819,0.426781666079605
"YGL234W",637.455376721823,1.91564829087992,0.0614287311681281,31.1848910835691,1.70771828017065e-213,1.564665937281e-211
"YGL235W",1.7444035455755,2.15061678639836,1.21666253147648,1.76763624321403,0.0771217349119457,0.163775211077772
"YGL236C",53.1378453819591,1.10065324202943,0.195239686656427,5.63744626350636,1.72590435812737e-08,1.40246366993332e-07
"YGL237C",69.5244072422502,-0.499386265132571,0.172775025014855,-2.89038456275514,0.00384770816046757,0.013574336490221
"YGL238W",130.66683346724,0.0425396094157291,0.121636861749798,0.34972629845738,0.726544115208692,0.826232665751618
"YGL239C",1.28539203352696,-0.421835205282826,1.24041440265504,-0.340076029736442,0.733799272625681,0.830780623484877
"YGL240W",8.49580444500371,1.04015223016547,0.489044401833662,2.12690754922342,0.0334277654921027,0.0827772555585873
"YGL241W",58.900452350243,0.619531645241357,0.184428943463408,3.35918882148926,0.000781716346946425,0.00325990154709452
"YGL242C",64.8998825757705,0.637901158172573,0.173798094968006,3.67035759678494,0.000242211379153803,0.00113510773833235
"YGL243W",24.5582234075667,-0.839063347280185,0.30338766639135,-2.7656475204165,0.00568099032598989,0.0187448960547537
"YGL244W",173.57523132056,-0.211240312670326,0.109142723713752,-1.93545025708122,0.0529350671769429,0.121208074861512
"YGL245W",940.386192897894,0.460768770756408,0.0458664996821804,10.0458673312588,9.58011576015572e-24,1.45240987615598e-22
"YGL246C",53.0724137301914,-0.0921068235465676,0.194434875987985,-0.473715546547624,0.635702765519577,0.760194466374403
"YGL247W",22.3998319834506,-0.739061573772936,0.307292936796399,-2.40507179070832,0.0161692890144605,0.0456145672241942
"YGL248W",113.580963864793,-0.0351147181225733,0.139852201164838,-0.251084486551519,0.801748789734257,0.877832106269237
"YGL249W",9.63549050427096,-0.573176518212986,0.466302688389286,-1.22919411035966,0.218999036605664,0.359800392261176
"YGL250W",44.2823870577314,-0.0335136640361454,0.21239801175947,-0.157787089241202,0.874624572502288,0.925707049376631
"YGL251C",25.6048706363202,-0.303903650906986,0.288382688771111,-1.05382071372597,0.291965008180135,0.443916012918426
"YGL252C",238.642979375984,-0.397369457466992,0.101980280914547,-3.89653228941351,9.75798032073261e-05,0.000497098723510649
"YGL253W",3328.66172566426,0.491020631713944,0.0266986713987343,18.3912009845262,1.54518938094409e-75,5.2519824012519e-74
"YGL254W",31.7588090247397,-0.491818885399181,0.263862765029176,-1.8639192435689,0.0623330458935274,0.138415706406351
"YGL255W",125.162785832785,1.51307301761516,0.135048643134185,11.2039112907767,3.90120577607161e-29,6.66578997738505e-28
"YGL256W",81.6249514641917,0.615328293960098,0.169225421205344,3.6361457373088,0.000276747798823067,0.00128552504346762
"YGL257C",69.5812645380392,0.0181820568144258,0.166522089788222,0.109187056429265,0.913054126400307,0.949083884758754
"YGL258W",4.0561268742759,-0.642404464321313,0.735198248309064,-0.87378399744399,0.382235896806281,0.534729759056536
"YGL258W-A",4.02926237354463,0.590170089975693,0.728571493172647,0.810037306573347,0.417918734569501,0.569414275850946
"YGL259W",5.416511997669,0.456825225411817,0.606738158383031,0.752919886610174,0.451498057095805,0.60092015093888
"YGL260W",0.697270954594601,0.409740057369959,1.83634128987034,0.223128489039687,0.823435506179453,0.892132108481196
"YGL261C",0.525367953423349,-1.82287613272782,2.27949798672769,-0.799683151001429,0.423894397388931,0.574830626403437
"YGL262W",0.919814307708402,-2.62752085991232,1.50442473013091,-1.74652862804487,0.0807191369757485,0.169031594554714
"YGL263W",10.7021924790334,-0.361350686776822,0.440153334838644,-0.820965464022418,0.41166594036561,0.563811108100387
"YGR001C",55.249118258975,0.170704621921461,0.185902182154643,0.918249694236834,0.358488157425859,0.51173987695729
"YGR002C",34.9204223789713,-0.638948908825185,0.246142791180482,-2.59584652372241,0.0094358202447621,0.0291852544780558
"YGR003W",20.632108605975,-0.421963724471178,0.317480824444486,-1.32909987621933,0.183815021125112,0.316125833393079
"YGR004W",34.9385169390591,-0.171330531782765,0.239364671116524,-0.71577201006142,0.474132138117368,0.620239729054195
"YGR005C",166.959899473746,-0.0787877460813315,0.126316175386281,-0.623734417547041,0.532802015998676,0.673136359940774
"YGR006W",16.9026679870802,-0.21145848723725,0.354829130157868,-0.595944552644733,0.551212268673509,0.688689337050115
"YGR007W",144.540090906575,-0.30281899295588,0.118773760656953,-2.54954453981208,0.0107863732083384,0.0328159054009217
"YGR008C",358.4755683433,1.60152841128598,0.0757247018687077,21.1493524802874,2.79755297037906e-99,1.25433545239266e-97
"YGR009C",180.885285136208,-0.584312531123183,0.108201282927234,-5.40023662673332,6.65530528133992e-08,5.13107804739402e-07
"YGR010W",64.898594972216,-0.10579990309982,0.177582007383935,-0.595780533503481,0.551321849859322,0.688689337050115
"YGR011W",14.7841647181487,-0.223143113530333,0.402325246252293,-0.554633634376509,0.579145278377552,0.713301246124897
"YGR012W",66.6386940001712,-0.376495985412119,0.17574665356484,-2.14226545868888,0.0321721266971416,0.0801380810298291
"YGR013W",85.2625954472483,-0.250587403930651,0.153014970961413,-1.63766592481884,0.101491402564837,0.201643195164959
"YGR014W",160.223631338782,0.0250211947468787,0.122269379733541,0.204639909038607,0.837853472284623,0.901986902426976
"YGR015C",24.2102702254768,-0.813443891094552,0.319597463837149,-2.54521384909688,0.010921083284284,0.0331141911382463
"YGR016W",8.68755742800798,-0.129044480141644,0.523583442721387,-0.246464020082301,0.805323053322701,0.880382559762428
"YGR017W",117.240398071988,0.309456339808506,0.12980863362465,2.38394266365454,0.0171282707830185,0.0478016932271905
"YGR018C",48.7724228113441,0.458737122489064,0.211878941912497,2.16509068031176,0.0303807415479031,0.0767654069008167
"YGR019W",201.982369436436,0.0909950360107594,0.101930226403225,0.892718864871275,0.372007745227587,0.524260580768792
"YGR020C",246.061275111527,-0.1117221323075,0.0903074641731241,-1.23713065504002,0.216038580682402,0.35641855612582
"YGR021W",83.9841598943224,0.0213120781924242,0.164187453253195,0.129803330097085,0.896722028171626,0.939516459662925
"YGR022C",7.60115355676409,0.0281941589872348,0.54847770660029,0.0514043846230229,0.959003290970481,0.977716304711398
"YGR023W",110.377617915551,-0.337270840481013,0.137441635182384,-2.45392045891667,0.0141308234195985,0.0407736493193526
"YGR024C",81.7234538803201,-0.314530677654197,0.158397268152659,-1.98570771656909,0.0470657876876301,0.109675602565867
"YGR025W",2.82795850533456,-1.86834397242766,1.03195135970447,-1.81049615842622,0.0702188795527944,0.152341714664642
"YGR026W",161.635812252881,-0.0601362748733161,0.111184891139516,-0.540867326999102,0.588599032631032,0.721287668984956
"YGR027C",1376.78587484882,0.188263505093943,0.0389411991513718,4.83455849323303,1.33441464464844e-06,8.99378399090343e-06
"YGR028W",75.6146046152361,-0.0658642462540088,0.164793132389868,-0.399678343986975,0.689393444626885,0.800283759994706
"YGR029W",74.8919901604006,0.204817413253699,0.171184375682248,1.19647258949544,0.231512188970201,0.374775553956892
"YGR030C",14.9868492997152,-1.04122301987959,0.426209085506003,-2.44298644793889,0.0145662842520281,0.0418391862977382
"YGR031C-A",0,NA,NA,NA,NA,NA
"YGR031W",121.496556919138,-0.309764002232322,0.127410077642227,-2.43123627239404,0.0150473984363639,0.0429673229063653
"YGR032W",302.011582182115,1.17989251937334,0.0854765432042966,13.8036995313824,2.42102157069332e-43,5.50564689565581e-42
"YGR033C",74.7957320766669,-0.890732417265197,0.176563438866631,-5.04482934282912,4.53926330349528e-07,3.21717742205125e-06
"YGR034W",1125.24036736714,0.613033981792504,0.0437867625593318,14.0004409086384,1.54906708204711e-44,3.60044194584627e-43
"YGR035C",29.3973980567259,2.81311948718114,0.338835592163576,8.30231401966498,1.02102906356649e-16,1.26816222787178e-15
"YGR035W-A",7.95867434330617,-0.242160176127133,0.51974486258095,-0.465921250139182,0.641271869900348,0.764633721045269
"YGR036C",33.4963918493797,-0.322070314553915,0.247494041982043,-1.30132552676676,0.193147053195594,0.327717571203045
"YGR037C",258.656832643916,-0.190940505649729,0.0913720803331028,-2.08970294813956,0.0366444920212405,0.0894810654918047
"YGR038W",49.5063783974451,0.0665407723136702,0.211440019391059,0.314702829224598,0.752987295919206,0.843292415376655
"YGR039W",1.52578335654312,-2.41470542943623,1.31647130428973,-1.83422564667221,0.0666205059182944,0.146292059192587
"YGR040W",40.1251305622547,-0.171929541723578,0.232781111201811,-0.738588886512029,0.460156674671409,0.608600522441977
"YGR041W",71.9288594041304,0.240411831811069,0.1646247178535,1.46036290871588,0.144190361032962,0.262700709639881
"YGR042W",58.7011458067577,-0.519765103084076,0.185405865994639,-2.80339082205255,0.00505683500886356,0.0170140026216261
"YGR043C",26.024476559586,-0.786045552024326,0.300070102910395,-2.61953971555457,0.00880485194506624,0.0274614079904829
"YGR044C",70.5813648980415,1.31917244104699,0.167030513344571,7.89779313151991,2.83884791904343e-15,3.3735331849986e-14
"YGR045C",1.32510127835221,-3.14791182237942,1.37083516897398,-2.29634597479398,0.021656107347199,0.0581111675080611
"YGR046W",58.734598234023,-0.798838298913902,0.196135507604086,-4.07288975194851,4.64334070846236e-05,0.000254377815935001
"YGR047C",45.9868789526371,-0.676062685295336,0.219801113390053,-3.07579281500551,0.00209943672192931,0.00802457010643114
"YGR048W",105.992375193861,-0.427924025040608,0.139321991128573,-3.07147508856443,0.00213003937265172,0.00812189922430893
"YGR049W",49.13657432578,-0.393976924536645,0.204492277904148,-1.92661027875739,0.0540282167098438,0.123220196983994
"YGR050C",17.8226173633405,-1.5886275239884,0.390852519177907,-4.06451908594529,4.81316004572166e-05,0.000261808818393409
"YGR051C",18.7956697100784,-2.37637023958028,0.433946576084443,-5.47618156369058,4.34601772802056e-08,3.38368523110172e-07
"YGR052W",27.0683981851727,-0.149416401002832,0.275646945804531,-0.542057161441534,0.587779128535194,0.720841833287972
"YGR053C",15.664019968068,-0.470986104088084,0.376553894626204,-1.25078006311851,0.211014730614273,0.350092145346369
"YGR054W",159.487864335832,0.530523575743175,0.109251652779944,4.85597757327994,1.19794260258411e-06,8.11724880336198e-06
"YGR055W",255.674785856336,1.23561266819831,0.088741409421459,13.9237440136884,4.54460255701791e-44,1.05241675331382e-42
"YGR056W",75.3267322694074,-0.68892051633114,0.166249456994005,-4.14389633979967,3.41454137271911e-05,0.000190864107500709
"YGR057C",20.5490160669635,-0.0621053354154981,0.329378247745084,-0.188553238839145,0.85044298529076,0.910499670280811
"YGR058W",23.3342685287474,-0.468071492920254,0.297531038945448,-1.5731854215253,0.11567588996529,0.223026220299043
"YGR059W",2.96823390410823,-1.49342338590322,0.932610755612448,-1.60133622405253,0.109302469964735,0.214435418991351
"YGR060W",424.913583189686,0.633884848352026,0.0682057222130405,9.29371946787818,1.48988751785705e-20,2.08386479820626e-19
"YGR061C",641.822957954643,1.53702324267451,0.0601125026977195,25.5691108121643,3.36638476837671e-144,2.10715688175026e-142
"YGR062C",37.6356183050493,-0.313231678587785,0.246296381696751,-1.27176727660355,0.203455818910478,0.340425389291042
"YGR063C",81.2105809507568,0.149499648254406,0.156941194041766,0.952583858987464,0.340800958577048,0.493821604429085
"YGR064W",14.9993445798272,0.203106134631355,0.366310529594389,0.554464363490321,0.579261087884407,0.713301246124897
"YGR065C",67.247072423242,0.307621745030163,0.171966493866514,1.78884699055938,0.0736394608161634,0.157933093821126
"YGR066C",12.1981226966152,-0.853295201674701,0.442356094936602,-1.92897805962636,0.0537335860545977,0.122681015181353
"YGR067C",28.4802872775938,-1.4866599761512,0.299400916224815,-4.96544898691923,6.85423088096065e-07,4.77755762176772e-06
"YGR068C",61.8734361268566,0.0687850484013403,0.179676919992156,0.382826288453426,0.701848568294061,0.808949252279864
"YGR068W-A",1.01828883091672,1.80991361839695,1.53936279664065,1.1757550736881,0.239692763870603,0.385484012513343
"YGR069W",1.27887035090353,0.250988272664782,1.29119792120367,0.194384043331489,0.845875183205357,0.907047036728254
"YGR070W",106.408482601786,0.546342496891227,0.1400833083769,3.90012559827093,9.61427986876306e-05,0.000490568824296369
"YGR071C",42.8336941807567,0.185654036580162,0.215073551438728,0.863211842359209,0.388021003771842,0.54103855003211
"YGR072W",54.9313720709632,-0.644802053087668,0.200924597135352,-3.20917429862159,0.00133116768673348,0.00527957472743355
"YGR073C",8.77986110749801,0.0959581420294968,0.469125372077869,0.204546903111369,0.837926143301744,0.901986902426976
"YGR074W",53.9248475103778,-0.121717294549608,0.198759038634014,-0.612386210891938,0.54028226277328,0.678923566935535
"YGR075C",28.394450933855,0.134869888131742,0.264967623699488,0.509005161644594,0.610748606112126,0.740961943550348
"YGR076C",24.7611843509874,-0.000657813972268078,0.298448955181659,-0.00220410881273711,0.998241377031914,0.998557276201861
"YGR077C",64.3919545554151,-0.205181533463954,0.183372458993622,-1.11893320616424,0.263168635393221,0.41171791956346
"YGR078C",51.963638388691,0.0677785709676055,0.204382740882377,0.331625707116885,0.740171905607897,0.835553993337446
"YGR079W",10.8826510044686,1.93770011291955,0.448711910451284,4.31836121972056,1.57192014445991e-05,9.24435270072144e-05
"YGR080W",94.3265293478613,0.230235161684872,0.145581284171488,1.58148874008877,0.113766331490166,0.220593329565203
"YGR081C",17.0374880149952,0.307499952690236,0.336445541963933,0.913966494830836,0.360734451452859,0.514103517151707
"YGR082W",110.997740267278,0.438192271114571,0.135774839081043,3.22734516999144,0.00124944639050357,0.00499304682728417
"YGR083C",94.652118716846,0.351649002085401,0.147339048020486,2.38666535999682,0.0170019593621149,0.0474972987570881
"YGR084C",51.6729972730981,0.00314272490349623,0.204381952431694,0.0153767241486087,0.987731632670922,0.993072420761063
"YGR085C",598.998881280429,0.528328473109081,0.0567202383251411,9.31463775029488,1.22369392965698e-20,1.71915400517587e-19
"YGR086C",1222.28404810638,0.0713521885749935,0.0406402364923754,1.75570308475887,0.0791391198254375,0.166772505178805
"YGR087C",13.5761033486827,-2.5918676476356,0.53996258806049,-4.80008745966164,1.58596354161893e-06,1.05652913699841e-05
"YGR088W",60.0396057864139,0.203827833438587,0.181319142404481,1.12413852578176,0.26095426371804,0.409571215299268
"YGR089W",71.9553069269252,-0.686082562158284,0.18582232912607,-3.69214273324932,0.00022237259838627,0.00104913400522239
"YGR090W",92.3147445313595,0.175410396326202,0.147446560734894,1.18965403772006,0.234182397397637,0.378354489227667
"YGR091W",25.7493669246867,-0.639820130712182,0.288201500400244,-2.22004441275852,0.0264157529572949,0.0684147440376971
"YGR092W",84.9834230987048,0.0171775914307871,0.153516046630187,0.111894435844659,0.91090710845099,0.948152081361249
"YGR093W",48.4084037906136,-0.236048030285853,0.204230516302499,-1.15579216347976,0.247766179202127,0.394454239465084
"YGR094W",853.622431271401,0.38803514175401,0.0481693212694007,8.05564893853938,7.90582380198337e-16,9.57483104906875e-15
"YGR095C",77.2005245839972,0.169740950333515,0.164949931982249,1.02904528843202,0.303458393825517,0.456017106195606
"YGR096W",50.6134628816725,-1.36872810707059,0.217409660281164,-6.2956177076055,3.06178117092215e-10,2.82165897413555e-09
"YGR097W",347.757867702744,-0.155572757177432,0.0752896207842919,-2.06632409031724,0.0387978882121072,0.0934757047549321
"YGR098C",34.6600900766171,-0.0760557712490181,0.25078398980479,-0.303272036258055,0.761682555117147,0.850146774700175
"YGR099W",34.8679899188361,-0.27014200543206,0.241044316773963,-1.12071509939553,0.262409152874064,0.411242108197777
"YGR100W",134.436949439663,-0.216804290068225,0.126040047389598,-1.72012225128787,0.0854102218184234,0.176747437753215
"YGR101W",55.2257653719125,-0.397179501930718,0.197297742286508,-2.01309704473937,0.0441044210801388,0.104156948101844
"YGR102C",31.9244357645964,-0.339746259825933,0.253236533984146,-1.34161629240749,0.179720440786686,0.310901556548848
"YGR103W",248.540154120247,0.483822693370474,0.0919677366655469,5.26078721639046,1.43439952298389e-07,1.07189997450404e-06
"YGR104C",27.5705849047034,-0.418016819996303,0.298212399580243,-1.4017419147718,0.160992329284232,0.287106771716478
"YGR105W",66.6221542886473,0.325183566536343,0.17348677724062,1.87439971915165,0.0608753521852291,0.135942768108449
"YGR106C",278.045482291158,0.131746048692853,0.0830976753760296,1.58543603171427,0.112867300037219,0.219215689964761
"YGR107W",2.58223937594386,-1.25441487478032,0.977333476721477,-1.28350752804287,0.199314323865778,0.335659338167142
"YGR108W",38.7422189000053,0.337103169710803,0.230979113854465,1.45945303921811,0.14444045687695,0.262921975667272
"YGR109C",4.45751677132208,-0.100799604206945,0.684460863347873,-0.147268616227242,0.882920002975197,0.930303376468199
"YGR110W",19.2403223784113,-1.6469172309552,0.376596761987476,-4.37315823498761,1.22461894458896e-05,7.33147818910173e-05
"YGR111W",52.1443469255954,-0.344637502522471,0.196127090380109,-1.75721519069364,0.0788811369749543,0.166493852448395
"YGR112W",53.0233431075157,0.313960335338024,0.217730982887735,1.44196444242345,0.149312404865134,0.269162538795945
"YGR113W",43.5044007781914,-0.619536283227877,0.21970915860339,-2.81980181056648,0.00480533182990233,0.0162979119252374
"YGR114C",6.00379927371205,1.25312648640823,0.577951006560367,2.16822269047704,0.0301417472092744,0.0762834771245128
"YGR115C",0,NA,NA,NA,NA,NA
"YGR116W",241.623143498213,0.0410219678567094,0.0916765974948265,0.447463900032114,0.654540147324091,0.775235796346734
"YGR117C",58.5109124066408,-0.107352228807599,0.182366891018558,-0.588660738843626,0.556088880100864,0.692864387070883
"YGR118W",1094.50369693197,0.544800529861663,0.0448104364824079,12.157893844117,5.20842404685315e-34,9.97807782551686e-33
"YGR119C",127.271135082307,-0.231075690117992,0.129178472209522,-1.78880959161057,0.0736454856983042,0.157933093821126
"YGR120C",21.0146385605476,-0.357975586088093,0.328246902233896,-1.09056805609399,0.275462991949816,0.425269117242182
"YGR121C",100.872912783895,0.264884263654264,0.138632808168581,1.91068959183283,0.0560444831504881,0.126630887232804
"YGR121W-A",0.832619443504475,-1.32824576082117,1.58436313617782,-0.838346797202996,0.401835960350276,0.554189995928108
"YGR122C-A",1.00040664660425,-0.583831253333411,1.59051259024849,-0.367071129718122,0.713565961560737,0.816978262888885
"YGR122W",47.4264336209577,-0.308867439214839,0.208245101105348,-1.4831918617792,0.13802344281607,0.25469474766001
"YGR123C",40.7194630063173,0.565087628102858,0.223241547934949,2.5312834162372,0.0113645978900742,0.0340991874043897
"YGR124W",1114.97368219979,0.780240503724341,0.0440799974568068,17.7005569133457,4.15181205339683e-70,1.33917121436606e-68
"YGR125W",100.934211310176,-0.170190109618252,0.1421717051758,-1.19707440666767,0.231277554478327,0.374618677789389
"YGR126W",5.26233889115638,0.558704706696574,0.6905727848077,0.809045359139303,0.418489056028165,0.569700217960823
"YGR127W",50.8776258039095,-0.368151313972569,0.202324387819261,-1.8196091827617,0.0688185422697286,0.150076172552337
"YGR128C",33.8945304531856,0.498977041725318,0.238992509068742,2.08783548768801,0.0368126771707101,0.0896796025010745
"YGR129W",15.091539455248,-0.276057787962267,0.392653560514619,-0.703056882001684,0.482020301606596,0.627023116616646
"YGR130C",484.964886257928,-0.177955627688146,0.0645342302139394,-2.75753855121848,0.00582383456386634,0.0191961846260495
"YGR131W",17.4210442202091,-0.104884062154123,0.338047854594161,-0.310263948517113,0.756360244204936,0.845273018183419
"YGR132C",238.803849089672,0.385298525127,0.0917280034876681,4.20044599770232,2.66389703005591e-05,0.000150906424946357
"YGR133W",27.9418390738126,-0.15636652750048,0.271829360833798,-0.575237814711582,0.565130471544512,0.700814994331974
"YGR134W",81.64065421502,0.0579831583752371,0.156687204165141,0.370056755330994,0.71134020263659,0.815228933257851
"YGR135W",424.854623398805,-0.0162356842808052,0.0670540504438529,-0.2421283154908,0.808680738276269,0.882984391603208
"YGR136W",188.554100549922,-0.00913494325907304,0.103778018715833,-0.088023874150908,0.929857700961534,0.959608290153252
"YGR137W",83.4623863410679,-0.2670950649887,0.160394007532072,-1.66524341587569,0.0958642023904275,0.193503667788085
"YGR138C",126.27197692741,2.28035348031044,0.145544364770377,15.6677552161371,2.51299234965495e-55,6.73183798072822e-54
"YGR139W",1.12442872889503,0.0407497341286988,1.32016369118881,0.0308671829112371,0.975375461688561,0.98670821704463
"YGR140W",28.4997602157194,-0.169704655527241,0.262303934107885,-0.646977164503535,0.517646722778242,0.658860998873374
"YGR141W",95.4278269109859,-0.0370305641785245,0.141437506687592,-0.261815730818261,0.793463510558025,0.872092544114714
"YGR142W",25.3761554478079,-0.418730064734164,0.282852040838434,-1.48038551708151,0.138770392836516,0.255550953542806
"YGR143W",168.075728794448,0.161369942039933,0.106571461288048,1.51419470174826,0.129976465086516,0.243872864208741
"YGR144W",10.8196616402471,-0.756692630476338,0.451478710607621,-1.67603169916461,0.0937319837068647,0.190164792607887
"YGR145W",77.2419622186663,0.60501751037995,0.161863132017507,3.73783395167785,0.000185612461536182,0.000889939337552266
"YGR146C",106.98529922169,-0.451276109207029,0.140788493347062,-3.20534795478331,0.00134899296112608,0.0053435673560395
"YGR146C-A",0.37664746896927,-1.34541488488017,2.05448473878975,-0.654867305401702,0.512553191962672,NA
"YGR147C",112.565627306954,0.363101028244816,0.135668811322962,2.67637804668642,0.00744226450607926,0.0236670001043426
"YGR148C",566.157611746867,0.266272032942719,0.0666174268098752,3.99703269390236,6.41414451339683e-05,0.000341331831765108
"YGR149W",58.3124655749369,0.436226581208246,0.181856040897433,2.39874671776386,0.0164512896742737,0.0463067913271407
"YGR150C",46.7488497449419,0.0245750382955796,0.202042810310852,0.121632827507051,0.90318981391555,0.943484138065781
"YGR151C",15.4747981289937,-0.967046522898495,0.406285079830637,-2.38021667766292,0.0173024607319092,0.048187734249837
"YGR152C",62.1520754528634,-0.640403080641997,0.190596245287527,-3.35999840750224,0.000779429217937954,0.00325523470858547
"YGR153W",17.0643731383054,-1.348575912986,0.406149706689293,-3.3203912024924,0.000898913885209066,0.00369261441344491
"YGR154C",22.1582713140622,0.272252016752332,0.302486931028524,0.900045551808182,0.3680960098619,0.521070974999313
"YGR155W",580.666702737522,1.08040903474445,0.0574777796228354,18.7969862759836,7.99309002310704e-79,2.92094307087183e-77
"YGR156W",54.2003875209558,-0.029096769462049,0.200140162408087,-0.145381961880897,0.884409305685013,0.93156208439531
"YGR157W",170.605890719596,1.20677075627106,0.10895416391376,11.07594893965,1.64132047974434e-28,2.76704748611832e-27
"YGR158C",36.1211996845328,0.519820308792488,0.240230439878176,2.16384030706556,0.0304766074952102,0.0769461312239292
"YGR159C",528.354142170763,1.23224645129373,0.0655649080627024,18.7942984700792,8.40846270071106e-79,3.05507478125835e-77
"YGR160W",33.611649416777,1.0491224761082,0.262921891511477,3.99024390885461,6.60053826328503e-05,0.000350366103278656
"YGR161C",413.299748373716,-0.5159103729845,0.0721988974494556,-7.14568215318903,8.95500539157635e-13,9.54697202117128e-12
"YGR161W-C",61.6617899865443,-0.736724379229877,0.189191649388265,-3.8940639378747,9.85786482368314e-05,0.0005013790942504
"YGR162W",284.541457365027,0.68361956632422,0.0840079638147467,8.13755667060005,4.03334616898774e-16,4.96085884831527e-15
"YGR163W",77.3074602460687,-0.269235227615671,0.160896673016039,-1.67334241640181,0.0942599068054665,0.190811891908014
"YGR164W",1.12356769297598,0.170590061658509,1.35100600860221,0.126268914107204,0.89951906222427,0.941049066917398
"YGR165W",56.7197239278102,0.306239033610857,0.18691310357866,1.63840323523375,0.101337604721658,0.201527630402744
"YGR166W",66.897443856966,-0.352835555383448,0.179821077870483,-1.96214792816212,0.0497452643085778,0.114903018253135
"YGR167W",301.938494818878,0.0793831853215101,0.0804277442916842,0.987012454727241,0.323636532925604,0.47582096771062
"YGR168C",30.7707284442346,-0.340260786452678,0.257939727306918,-1.31914843054714,0.187119494779366,0.319807906459896
"YGR169C",35.7507052378022,-0.572791678901012,0.242904165176754,-2.35809739402455,0.0183688729446369,0.0506887886320359
"YGR169C-A",50.9175681442481,-0.762517798707704,0.203253475166391,-3.75156094174271,0.000175737023606385,0.000844874116531987
"YGR170W",112.964509352596,0.0666076786150027,0.142068285716315,0.468842699686025,0.639182076253704,0.763011534379894
"YGR171C",26.47824547774,-0.40574023822073,0.280240832986691,-1.44782697759109,0.14766544590797,0.267016834179185
"YGR172C",60.2829266264044,-0.139469456858313,0.185339764303151,-0.752506929005203,0.451746264534631,0.601123949565974
"YGR173W",43.6687611023271,0.56126771561921,0.211026658985942,2.65970052464603,0.0078210158268428,0.0247098760906048
"YGR174C",62.3876664182027,-0.474985109654463,0.180381482811845,-2.63322544116081,0.00845781869653418,0.0265625085938843
"YGR174W-A",1.619149178442,-0.748390519194321,1.17330855645543,-0.637846298040483,0.523573738194653,0.664798789489174
"YGR175C",329.08376870938,0.44465886527647,0.0792547032717581,5.61050444857222,2.0173768618458e-08,1.63510981033194e-07
"YGR176W",9.84940316306317,1.47168943973943,0.448118660149963,3.28415120951876,0.00102290024816474,0.00415602530134801
"YGR177C",29.1276220080776,1.56844076176121,0.281504179456569,5.57164289634711,2.52348261463287e-08,2.01687194560164e-07
"YGR178C",351.083213839979,-0.246217821130605,0.0793241788558367,-3.10394415274162,0.00190959372707294,0.00736574224683048
"YGR179C",36.3466262145208,-0.4414133246425,0.248745183460669,-1.77456028897257,0.0759705190815744,0.161766797451571
"YGR180C",573.008285334982,0.870468936591077,0.0617121375133867,14.1053117209277,3.52229412782294e-45,8.37140732184084e-44
"YGR181W",78.1764112127563,0.0470625484884799,0.157189055269817,0.299400924623514,0.764634156758517,0.851809187493806
"YGR182C",43.8261683941576,-0.30537929307979,0.224755580254941,-1.3587172907271,0.174236190854632,0.303867916850479
"YGR183C",40.604356782952,0.0196923992764138,0.221238792835802,0.0890097031537728,0.929074198729401,0.95926948952593
"YGR184C",197.257834072255,0.173073278884116,0.0988718901143943,1.75048012821309,0.0800355001768334,0.168157006353586
"YGR185C",299.826996531749,0.234961207196091,0.0819791895297501,2.86610795427325,0.00415552511445276,0.0144984711774671
"YGR186W",270.393497886913,-0.0349994897370877,0.0859456468267312,-0.407228184664753,0.683840402817118,0.795163845904039
"YGR187C",34.2419936118048,0.471492324598291,0.23535187459569,2.00335062301189,0.0451396673949062,0.105850510857046
"YGR188C",12.3651021631396,-0.74423452950433,0.426518821260189,-1.74490430997962,0.0810015270146232,0.16939849612519
"YGR189C",932.160663799262,-0.138792468525843,0.0473085438794299,-2.93377172798995,0.0033487039103363,0.0120382578832664
"YGR190C",8.03424586856904,0.506674102101675,0.505092617763909,1.00313107790957,0.315797621674453,0.469316540720709
"YGR191W",168.451504405926,0.415638015402307,0.111419627614078,3.73038417290304,0.000191188022593712,0.000914289469619852
"YGR192C",35481.2203625104,1.44198673925984,0.00936647442691158,153.951921879672,0,0
"YGR193C",155.623420210683,-0.254153476165306,0.11546554940395,-2.20111953285879,0.0277275628354908,0.0709403691808875
"YGR194C",78.8600231682596,-0.40426605641241,0.169615007496541,-2.38343329625861,0.0171519925736281,0.0478318910677005
"YGR195W",55.0022326392767,0.19708782088242,0.189015074619231,1.04270953668352,0.297082839668854,0.449320026886721
"YGR196C",89.1465328930045,0.00647969890067002,0.146412790621903,0.0442563718179732,0.964700047821906,0.980156606821419
"YGR197C",52.8177411086423,-0.809264948892689,0.202151402148326,-4.00326161625583,6.24751496531231e-05,0.000333025207510156
"YGR198W",96.7542632018637,-0.317522126715932,0.14688618429112,-2.16168816862056,0.0306422202126643,0.0772408756716362
"YGR199W",73.9226450548154,0.0822683067106214,0.166094139065193,0.495311316664405,0.620380383879824,0.747340851160108
"YGR200C",78.3259910810099,0.18043233679987,0.157143152752409,1.14820361969035,0.25088451535421,0.397369322529369
"YGR201C",30.8463303129795,0.42146547069706,0.251276684577664,1.67729636916152,0.093484542223935,0.18979103273594
"YGR202C",126.221914910215,0.282777170598539,0.122710673700791,2.3044219550782,0.0211989687342556,0.0571026332926986
"YGR203W",43.8006689450924,-0.0133172964891551,0.211672569115888,-0.0629146069553494,0.949834503219972,0.971734023006291
"YGR204C-A",5.32715116810958,-0.499711534396798,0.641928494124357,-0.778453580064934,0.436301662327417,0.586997043888898
"YGR204W",1146.61704823502,1.07063087749264,0.0412585181623428,25.9493293792074,1.85026603158165e-148,1.19361039302645e-146
"YGR205W",82.3278169375294,-0.122202467940024,0.156043858136246,-0.78312898309221,0.433551372914558,0.58432672532317
"YGR206W",15.2736827048562,-0.104959011229253,0.35893458240314,-0.292418218736491,0.769966880139154,0.85609050584589
"YGR207C",93.5338665349998,-0.439467694633125,0.147650953619229,-2.97639591117338,0.00291658070635677,0.0106581637142124
"YGR208W",113.300659701508,1.49837909689376,0.138689253908877,10.8038586600101,3.30035733926196e-27,5.46200499968956e-26
"YGR209C",357.025202546099,0.514436588276651,0.0760865054603603,6.76120667080267,1.36847147758114e-11,1.37107395899651e-10
"YGR210C",168.09430430949,0.655862315197775,0.114068544488282,5.74972108340657,8.93907929421191e-09,7.43590253921154e-08
"YGR211W",76.5750591970152,1.21731253101982,0.159484009765326,7.6328186933038,2.29675786093261e-14,2.64482754040364e-13
"YGR212W",17.1498389333691,-0.300930466726296,0.3558176408103,-0.845743527614285,0.397695835176639,0.55004005031431
"YGR213C",21.7301577345561,0.315733967126464,0.299521059642684,1.05412944085842,0.291823658794705,0.4439146224495
"YGR214W",1433.88707563627,0.877106163251699,0.038742708451176,22.6392577678723,1.78015580411845e-113,9.00331599490946e-112
"YGR215W",24.8232434479014,-0.396345056446436,0.290954310885445,-1.36222438237901,0.173127083241694,0.302517805487559
"YGR216C",47.6227865052996,-0.441066362685967,0.211282343349185,-2.08756849102633,0.0368367767652042,0.0896796025010745
"YGR217W",47.6419200377142,-0.324668273007752,0.207796322991881,-1.56243512076216,0.118185518824219,0.226620821961392
"YGR218W",205.799266720693,-0.243128851447829,0.102944726750529,-2.3617416755791,0.0181893118354623,0.050281079765541
"YGR219W",17.246182125863,-0.488754729364536,0.354916834770473,-1.37709649552301,0.168482416058197,0.296698003988837
"YGR220C",65.7274449588857,0.159894867515885,0.168545580685064,0.948674339997419,0.342786268609554,0.495902697974738
"YGR221C",49.8318944012233,-0.0110384084688214,0.22128059415459,-0.0498842138010071,0.960214657202785,0.977938279653659
"YGR222W",32.8591899970684,-0.57316233676486,0.259799600279518,-2.20617097235021,0.027372030900313,0.0702012086619792
"YGR223C",117.618416383667,-0.679103835815242,0.137661962534213,-4.93312621230768,8.09238265095157e-07,5.59126154309462e-06
"YGR224W",51.5528848182349,0.0248387739790484,0.195604706695721,0.126984541418459,0.898952633656414,0.94078516348885
"YGR225W",8.85313978378754,-1.88232584738372,0.571714128125463,-3.29242492844369,0.000993274116475674,0.0040460560337366
"YGR226C",0.709172601515539,0.31655544798713,1.74906240408457,0.1809857940162,0.856378726607466,0.914685978985032
"YGR227W",53.3743499342725,-0.141326902928495,0.190720296598075,-0.741016585278953,0.458683384235164,0.607414401997215
"YGR228W",24.7640216276719,-1.04407403296129,0.308330112083913,-3.38622142970304,0.000708621803592908,0.00299594400728115
"YGR229C",180.021065691653,0.0059984117190685,0.11020197563938,0.0544310724400936,0.956591723314565,0.975887183281374
"YGR230W",20.8898339596198,-1.09618468223156,0.341009077842401,-3.2145322616255,0.0013065723173336,0.00519833240414285
"YGR231C",260.741363131531,0.140479987841263,0.0939966351082859,1.49452145472471,0.135039378524916,0.250651482981362
"YGR232W",95.8977897526645,-0.529600035699468,0.156178784485092,-3.39098576958141,0.000696417170334461,0.00296082673224914
"YGR233C",93.7439235117803,1.43051161185818,0.147526884229333,9.69661644608738,3.1166287099549e-22,4.5191116294346e-21
"YGR234W",376.081336708245,4.38856639407569,0.116381191740416,37.7085534908787,0,0
"YGR235C",90.1827141717458,-0.494328386483767,0.16621145453498,-2.97409337922455,0.00293855634875428,0.0107260699981666
"YGR236C",2.67688128457713,-0.743098971732635,0.944540259282764,-0.786730861315437,0.431439434117964,0.582599925438413
"YGR237C",150.871546454434,-0.211515090309523,0.120404525738704,-1.75670381999214,0.0789683060905149,0.166579122824236
"YGR238C",44.5183494128229,-0.160495757530031,0.211372439552133,-0.759303142217109,0.447671238288161,0.596957934709503
"YGR239C",22.0988560794281,-0.285598362693314,0.299599052419838,-0.953268578076458,0.340454007728989,0.49354511278667
"YGR240C",1398.70464248309,0.497025148665534,0.0378799518172031,13.1210607411547,2.49419169749477e-39,5.30918515540805e-38
"YGR240C-A",3.49304698071918,0.144037563349461,0.82006000898316,0.175642711230439,0.860574645230526,0.916998635959445
"YGR241C",201.670479991912,0.053955531673667,0.0974878584102918,0.553458990211759,0.57994915474991,0.714009455955002
"YGR242W",5.71260807966942,0.263400345848435,0.596289297647755,0.441732472622765,0.658682808538868,0.7779788735344
"YGR243W",110.921029722532,-0.935331141163251,0.147545772965514,-6.33926084335786,2.30870082406074e-10,2.14641273672235e-09
"YGR244C",386.341116949506,-0.420460475793963,0.071859605968522,-5.85113806466104,4.88220730262522e-09,4.12086976865109e-08
"YGR245C",148.233011515541,0.844773568621431,0.11786666839862,7.16719646104224,7.65491443769768e-13,8.18855652709386e-12
"YGR246C",91.320947089356,-0.476330624065623,0.154004302427333,-3.09296958953714,0.00198164440660443,0.007601915011258
"YGR247W",63.8143920188166,0.0135010935110857,0.179395781612008,0.0752587011231148,0.940008879984075,0.967292557848338
"YGR248W",91.1766156141025,0.0209406425403983,0.15085483641625,0.138813199747984,0.889597763083482,0.934846585474364
"YGR249W",66.3618670468359,0.203148073431412,0.16898248828979,1.20218417593089,0.229292178797648,0.372195679753651
"YGR250C",179.648956083265,0.230650365755829,0.105756428672878,2.18095834598641,0.0291864975349052,0.0740809228455516
"YGR251W",18.779403625646,0.271295725041277,0.318621378851415,0.851467425127777,0.394509751118079,0.546949703194846
"YGR252W",64.7182040611409,-0.332953569755087,0.186156946287586,-1.78856377049031,0.0736850969316901,0.157964456697913
"YGR253C",401.335406336692,0.0453649371026321,0.0712415937268123,0.63677600021964,0.524270760975642,0.665550150780725
"YGR254W",6488.54974425094,0.897730649692192,0.0182604332567722,49.1626149866545,0,0
"YGR255C",132.090783033723,-0.105476865977876,0.124245366247199,-0.848940038278925,0.395914658364449,0.548134507448244
"YGR256W",19.4365754418729,-0.520477935250614,0.354559557818666,-1.46795629612333,0.142116094703246,0.259895270672236
"YGR257C",111.463585549463,0.121622861097162,0.130006346204505,0.935514800991669,0.349523059222496,0.502681340369748
"YGR258C",100.758743836892,-0.29181256894633,0.149367892580294,-1.95364990363952,0.0507426345902566,0.116737604031878
"YGR259C",2.37535207907669,5.38850138029677,3.40949676840184,1.58043891703777,0.114006385108639,0.220885187452288
"YGR260W",405.549448849829,0.114909723652202,0.069634210091254,1.65019066779986,0.0989039449448548,0.198110012315163
"YGR261C",111.517361526525,0.214576129969641,0.137124506340811,1.56482700062622,0.117623478929416,0.225817076766404
"YGR262C",88.1284142043802,-0.0747233220271291,0.146489386231282,-0.510093761394791,0.609985775655407,0.74036755230741
"YGR263C",34.5175161616114,-0.584450037867664,0.25729429967972,-2.27152346008127,0.0231153084332838,0.0612558839838072
"YGR264C",296.096902030316,0.800610287151165,0.0812956185579288,9.84813574646308,6.98271043886464e-23,1.03141811669398e-21
"YGR265W",5.62763929912694,0.00542573904902104,0.582831380594889,0.00930927748516742,0.9925723785054,0.995351319325123
"YGR266W",114.418232567676,-0.601707020123277,0.138772594891361,-4.33592108437785,1.45151016422469e-05,8.59217908073829e-05
"YGR267C",236.32630676381,0.337552009103783,0.0953014749648398,3.54193898077987,0.000397197344603441,0.00178470619231198
"YGR268C",116.536336296072,0.716300024019888,0.129315161985942,5.53918050303922,3.0389030344963e-08,2.41053262033697e-07
"YGR269W",3.81338618265828,1.05552336513323,0.813916256363423,1.29684516912011,0.194684465570193,0.329971901162133
"YGR270C-A",1.26583254765363,3.66525347768072,1.59329292620912,2.30042663052636,0.0214240615407472,0.0576107686348805
"YGR270W",184.458908067593,0.105606361233864,0.104472400407541,1.01085416647746,0.312086233531187,0.465332351034001
"YGR271C-A",12.9512779110096,-0.192951019982129,0.403457065056108,-0.478244246275117,0.632476373736046,0.757438081977511
"YGR271W",85.5052610722974,-0.0117240398651175,0.157558736995844,-0.0744105981595092,0.940683676071769,0.967691951574394
"YGR273C",0,NA,NA,NA,NA,NA
"YGR274C",90.5275388076938,-0.650637127473934,0.153132978892221,-4.24883739727854,2.14882817295408e-05,0.000123163116132509
"YGR275W",75.9888907890635,0.0256141446982296,0.169471164559779,0.151141610224756,0.879864009292682,0.929251631598452
"YGR276C",87.8511669212274,-0.0695580044200199,0.159753601129493,-0.435408052952982,0.663266266113229,0.78037251598948
"YGR277C",77.8410701801556,0.343776223727232,0.159989013210739,2.14874894736932,0.0316543063301527,0.0790982310747927
"YGR278W",32.8876599702447,-0.241757545977931,0.25620302975275,-0.943617045478504,0.345365378562589,0.498720859587183
"YGR279C",620.160544008958,0.959718319050282,0.0573509462888173,16.7341322358863,7.39266641529627e-63,2.12438350352287e-61
"YGR280C",55.3170257512241,0.202974574711879,0.187838725664395,1.08057895939161,0.279884446109462,0.429681755294807
"YGR281W",169.088319886438,0.952320101748866,0.108002325707822,8.81758883901421,1.16950797118328e-18,1.54355519703981e-17
"YGR282C",1403.72110758954,0.113172034873025,0.0396408704028939,2.85493314659315,0.00430458890202516,0.0148627040079755
"YGR283C",43.0427157198373,0.127787352626472,0.225080785755392,0.567739943672252,0.57021156466313,0.706054695473863
"YGR284C",137.794909290353,-0.274839799295884,0.121167438006172,-2.26826450916527,0.0233130897089757,0.0617191596064257
"YGR285C",862.298518041987,0.42655059523347,0.048038937956754,8.87926780599237,6.73018956520672e-19,8.97642582937486e-18
"YGR286C",112.922434428467,0.135897671786438,0.133831454959189,1.01543894765158,0.309896635289786,0.46310481827832
"YGR287C",46.7320773428452,-0.138493397595508,0.204847340966268,-0.676081012046496,0.498989211484089,0.642198113676114
"YGR288W",30.9318137026728,0.20032969014961,0.249968042554317,0.801421206097095,0.422887842565678,0.573711789849831
"YGR289C",100.714252395157,-0.848632281420472,0.152450566814942,-5.56660627212111,2.5974839294198e-08,2.07078100905321e-07
"YGR290W",2.77919522549174,-0.924990629172333,0.91927235319627,-1.00622043723623,0.314309543169211,0.467764814481109
"YGR291C",0,NA,NA,NA,NA,NA
"YGR292W",36.8965483041499,-0.299689024625787,0.293320193972724,-1.02171289527258,0.306916805992418,0.460214652853956
"YGR293C",3.12132169456057,0.551877088230815,1.58869357860964,0.347377930937315,0.72830741083249,0.827526860403128
"YGR294W",2.2805987326946,-2.22745897204589,1.31581188260824,-1.69283998836562,0.0904859287850336,0.184748374805522
"YGR295C",157.507362176928,-0.190412121969578,0.115697454601885,-1.64577624135973,0.09980983550141,0.199515620055543
"YHL001W",481.993102495146,0.518363168103917,0.0638023236160339,8.12451864956293,4.49141266133862e-16,5.49220712668912e-15
"YHL002C-A",8.31976558898674,0.243492344288448,0.479593011475725,0.507706197676262,0.61165940136759,0.741213481971613
"YHL002W",122.448890646042,0.0157057127588679,0.139002399122733,0.112988789099967,0.910039443296676,0.947820322985434
"YHL003C",126.736905146489,-0.209047691441398,0.123491060171458,-1.69281639619217,0.0904904207490525,0.184748374805522
"YHL004W",99.8559719172789,0.248952727413769,0.142360433508616,1.74874943323843,0.080334341066572,0.168448989791996
"YHL005C",4.24003255936882,0.463247948105337,0.663225731731342,0.698477043247454,0.484878909699697,0.630093415646759
"YHL006C",16.9687718231795,-0.380921364908509,0.353424624799868,-1.07780086100172,0.281122635236005,0.431373131058743
"YHL006W-A",6.8867869398819,-0.000271880396073233,0.538329732749644,-0.000505044361351806,0.999597032918688,0.999628149324666
"YHL007C",133.99336699272,0.0990049103503968,0.120273089102912,0.823167602070007,0.410412689813485,0.562338323580592
"YHL008C",71.9660101486693,0.0565906447117062,0.163436145903554,0.346255379425682,0.72915079891732,0.827741309167768
"YHL009C",38.4627161446034,-0.297058962926185,0.2326196858767,-1.27701557934198,0.201596747085822,0.337972589519112
"YHL010C",50.1165789639106,0.0663626165965281,0.200902120437056,0.330323126765204,0.741155820118829,0.836201225380391
"YHL011C",131.848668381837,0.908534272346132,0.124296997946899,7.30938226468081,2.68373282404798e-13,2.94047814794304e-12
"YHL012W",4.25860128476991,0.636223456903512,0.678319930198993,0.937940090772311,0.348275198731285,0.501662293547319
"YHL013C",33.982793083103,-0.190872499393701,0.241114561857293,-0.791625764629976,0.428578919371674,0.579939196975112
"YHL014C",31.0398881360122,-0.536150472453991,0.267025528167702,-2.00786223000098,0.0446579337643447,0.104993476109404
"YHL015W",1890.28238580536,0.424682388241142,0.0335632358502928,12.6532015606426,1.07407040682884e-36,2.16941632970349e-35
"YHL015W-A",0.672115149142403,-0.93659922670905,1.69770771525659,-0.551684614667308,0.581164452748303,0.715060128475138
"YHL016C",22.0462938938445,-0.386442100232509,0.31203831978373,-1.23844436959008,0.215551337346736,0.355800405928477
"YHL017W",110.368676638243,0.457634650228214,0.131951421191717,3.46820554182057,0.000523946375352851,0.00229231071624964
"YHL018W",4.62971218544679,1.18776360599916,0.659501068674716,1.80100330752458,0.0717023586424434,0.154575874886662
"YHL019C",72.6096066533557,0.023578224150443,0.164952760386703,0.14293925179044,0.886338158402711,0.933127366764686
"YHL019W-A",42.5072663552199,-0.386408021430842,0.228155345092287,-1.69361809724223,0.0903378768895637,0.184647933299651
"YHL020C",199.828179221624,-0.889645239203375,0.105111987702479,-8.46378475613576,2.58837341343454e-17,3.30579731711781e-16
"YHL021C",318.603860867984,1.88530295461329,0.0846123405412436,22.2816546918982,5.5663142668736e-110,2.72792548799805e-108
"YHL022C",2.56402708536756,-1.84827592169066,1.0564434198952,-1.74952665413355,0.0802000255876064,0.168278978348771
"YHL023C",82.3918635181621,-0.65388574543729,0.15907342892847,-4.11059062372586,3.94648350477298e-05,0.000218664931789437
"YHL024W",38.5020110281551,0.19386642640379,0.231716304124027,0.836654231719589,0.402786952445301,0.555259292053902
"YHL025W",255.304875995529,-0.183039896331203,0.0887194684157706,-2.06313112104566,0.0391001720872111,0.0940248337525099
"YHL026C",30.1836892463461,-0.234938507328424,0.255166326791608,-0.920726924600424,0.35719301537685,0.510523717280882
"YHL027W",222.076946914642,0.182616239267891,0.101646669035368,1.796578687732,0.0724025303318923,0.155771873640708
"YHL028W",62.784944982642,0.00421244857977208,0.183092562641681,0.0230072074965492,0.981644523721194,0.990101576095308
"YHL029C",59.5942551836473,-0.290085339042401,0.187441911232957,-1.54760126555622,0.121718326535923,0.231708298813641
"YHL030W",157.299353384169,0.124138366624814,0.111312240983717,1.1152265512557,0.264753350883057,0.413480900267462
"YHL030W-A",17.6316121718335,-0.0607443394664246,0.342282050962824,-0.177468667420782,0.859140274343561,0.915778926723992
"YHL031C",73.2719425115852,0.272558690219368,0.168841988175788,1.61428263883979,0.106466134095507,0.210009017083243
"YHL032C",242.483975665988,-0.0186996862819541,0.0929170212443031,-0.201251461051337,0.840501954451842,0.903241556700991
"YHL033C",932.779357237424,1.01686133305409,0.0456582211021941,22.2711553036224,7.03636141023502e-110,3.42183667965429e-108
"YHL034C",495.275023086598,0.085531359286427,0.0687452671206505,1.24417815027639,0.21343400348464,0.353042849301385
"YHL034W-A",200.876804346997,-0.555147444734075,0.105048226958815,-5.28469123949828,1.25916948748533e-07,9.45423931102405e-07
"YHL035C",105.769148640781,0.903875762077477,0.141070980105694,6.40724096054532,1.4817654051562e-10,1.39193475355089e-09
"YHL036W",60.5757568362851,1.58964775843401,0.189600896605037,8.38417848701132,5.10812352818457e-17,6.43297947115196e-16
"YHL037C",1.0892728364264,-1.00626166122716,1.39202834921084,-0.722874402520341,0.469757051189484,0.616269781618577
"YHL038C",26.1412528730327,-0.368331889714876,0.276404467451279,-1.33258298287021,0.182668692663216,0.314667976843828
"YHL039W",47.8217723018547,-0.00209246925582567,0.2075016718675,-0.0100841079351005,0.991954182331516,0.995351319325123
"YHL040C",61.72837507026,1.14842162569933,0.178653616782621,6.42820249811503,1.29121660974159e-10,1.22019004585745e-09
"YHL041W",0.157643227514666,-0.0550264562011598,3.06787236071507,-0.0179363577526198,0.985689624381739,NA
"YHL042W",3.60209831884859,-0.371222312584118,0.781938568109062,-0.474746134446129,0.634967930609638,0.759558610655465
"YHL043W",13.1410033239881,-0.678148926300544,0.414874264910945,-1.63458903975669,0.102135226798947,0.202731209991506
"YHL044W",20.2205396339212,-0.0429512270032903,0.353670754543172,-0.121444101474461,0.903339287434613,0.943484383803341
"YHL045W",0.574088308624135,-0.783680960944761,1.7850457151108,-0.439025709151721,0.66064290788639,0.779139460205415
"YHL046C",1.78460788034108,4.98771320393767,1.39171293613122,3.58386638109642,0.000338545321836647,0.00154533106473017
"YHL046W-A",6.42831455871327,1.95348763061072,0.584530541012134,3.34197701154878,0.000831839497299885,0.0034416814803206
"YHL047C",248.241439643444,2.0109934518718,0.101923749368321,19.7303716193239,1.18297549177206e-86,4.58820310367051e-85
"YHL048C-A",0.781982928177869,2.00727040224145,1.80701501295671,1.11082109880044,0.266645362841379,0.415997180773681
"YHL048W",64.6805947642523,-1.15074076406186,0.189475531321903,-6.07329482616333,1.25312078677751e-09,1.11267269859654e-08
"YHL049C",20.9306768428079,-0.922804709334535,1.31871927724803,-0.699773428094789,0.484068811603365,0.629170030213091
"YHL050C",68.9623119229454,-1.89258776475423,0.218846359388667,-8.64802032823874,5.24004982053313e-18,6.80238089638818e-17
"YHL050W-A",0,NA,NA,NA,NA,NA
"YHR001W",58.7465859260253,-0.158727334303587,0.185650487038962,-0.854979358445073,0.39256257511783,0.545176313367511
"YHR001W-A",30.8367643497351,-0.105480061600955,0.273610588127811,-0.385511621910195,0.699858397600152,0.807981152233046
"YHR002W",33.6374451908589,-1.07990194774113,0.276226369609573,-3.90948173871851,9.24943469100386e-05,0.000473098107738887
"YHR003C",49.8611019116233,0.38041977544417,0.204932345176281,1.85631885057938,0.063408123755719,0.140408461780615
"YHR004C",102.127723644285,-0.368264119820704,0.147191784881428,-2.50193392326455,0.0123516975458281,0.0365406794032406
"YHR005C",69.8966672450325,0.232955016699101,0.173897161260882,1.33961368322522,0.180370972928869,0.311899696623718
"YHR005C-A",178.04429613649,0.272147743867287,0.103683011352904,2.62480555219391,0.00866984636748952,0.0271340439283509
"YHR006W",150.866817631221,-0.625359737107706,0.117923357727861,-5.30310321175629,1.13850508031137e-07,8.57881897226278e-07
"YHR007C",576.343334267878,0.986708665971297,0.057634252728314,17.120178006343,1.04953925482332e-65,3.20540442946523e-64
"YHR007C-A",4.02793671850804,-1.56664566070422,0.816522387332994,-1.91868059591281,0.0550247686819142,0.125041907838628
"YHR008C",401.622636169083,-0.0409725634086716,0.0693945551906463,-0.590429080438782,0.554903019071745,0.691932324767568
"YHR009C",201.821411882208,0.0700769328256179,0.100358875187128,0.698263434050586,0.485012462420721,0.630137440900904
"YHR010W",1401.60075189535,0.751701306857692,0.0408821454809245,18.3870317473537,1.66869263840864e-75,5.64143040642751e-74
"YHR011W",28.1719617344731,0.198099838523394,0.282278026636394,0.701789795273612,0.482810263706598,0.6276632710576
"YHR012W",102.041395472798,0.153243309578076,0.137834076707536,1.11179552428994,0.266226076687855,0.415575618968054
"YHR013C",104.77910184153,0.214555343957347,0.135318572153191,1.5855572560613,0.112839778970305,0.219215689964761
"YHR014W",4.18087356721456,-1.43163672148295,0.794668413933725,-1.80155231588499,0.0716158692766229,0.154524070159321
"YHR015W",1.28386201021624,-2.16172289335801,1.35927970059834,-1.59034442462905,0.111757190085668,0.217666079677595
"YHR016C",174.310428168045,0.167204205612344,0.107283248359925,1.55853041521814,0.119107563777855,0.22811209276086
"YHR017W",68.5952897427808,-0.669590097756265,0.184351390637526,-3.63214020485921,0.000281080326096206,0.00130373427848879
"YHR018C",428.072588334047,0.88996208970196,0.0705873926435615,12.6079467787671,1.90901769725591e-36,3.81924363356072e-35
"YHR019C",831.067925950884,0.727588817754579,0.0500112851989842,14.5484927023902,5.97041069753721e-48,1.47441157929024e-46
"YHR020W",347.021539745494,0.482520729435658,0.0789311342732469,6.11318630953978,9.76612402676689e-10,8.73287639281758e-09
"YHR021C",667.328979419015,0.568839765810059,0.0541229435080908,10.5101409668346,7.75775025809656e-26,1.24163283877687e-24
"YHR021W-A",1.34855535017183,-0.609880028031151,1.23561959132768,-0.493582355210012,0.621601164649674,0.748383653192771
"YHR022C",5.18306370620268,-0.404586572008924,0.701217638912279,-0.576977174499652,0.563954874962524,0.699631616858924
"YHR022C-A",0.0756580883261497,0.671886301116372,3.5338115409304,0.190130767680801,0.849206660687331,NA
"YHR023W",54.9588267999209,-0.00348475604874647,0.188473768873593,-0.0184893424139232,0.985248479635412,0.991521949738153
"YHR024C",141.343449027574,0.510161270394069,0.117245372637881,4.35122733559584,1.35377598115485e-05,8.07412429515183e-05
"YHR025W",347.872001739878,1.14299347713317,0.07723385252774,14.7991255094086,1.48399423011339e-49,3.73777351505055e-48
"YHR026W",336.396732804677,-0.319632027087975,0.0782253855414055,-4.08603965165235,4.38798824142958e-05,0.000241855812225962
"YHR027C",538.242670267264,0.540532154418558,0.0600005332683313,9.00878917194315,2.08343980070071e-19,2.82045105353959e-18
"YHR028C",229.231099942262,-0.14730892239237,0.0938143855251424,-1.57021678037737,0.116364686975836,0.224012652576503
"YHR028W-A",1.75404486944774,0.624300356956467,1.05081333923823,0.594111564484938,0.552437496577855,0.689764957400425
"YHR029C",55.5436099763873,-0.633931618211106,0.193284899631566,-3.2797782931801,0.00103888692277079,0.00421556041447812
"YHR030C",337.28047167278,0.751658120488356,0.0757683817542125,9.92047214267666,3.39148055148972e-23,5.05682548266935e-22
"YHR031C",31.8424926295594,-0.0497026415461054,0.245706996145907,-0.202284193473232,0.839694556330093,0.903057065496067
"YHR032C-A",3.73234700154748,0.899473771935069,0.730837549994605,1.23074378422634,0.218418706742075,0.359407356591203
"YHR032W",146.071924279308,0.636829441088696,0.116072731021746,5.48646900510498,4.10047330019945e-08,3.20039409924209e-07
"YHR032W-A",13.6666947535396,0.63054354155419,0.383442215944173,1.64442910909422,0.100087596418891,0.199857709929716
"YHR033W",25.8214227051712,0.552757469380077,0.274643808129892,2.01263401182761,0.0441531461165373,0.104194173105169
"YHR034C",47.9927348968176,-0.476105783424492,0.206526502888022,-2.30530114424411,0.0211497135076953,0.0569942407483589
"YHR035W",13.3680986597019,0.608278863560226,0.384038737661865,1.58389975777859,0.113216532530051,0.219691503577343
"YHR036W",28.934314601648,-0.655430256817984,0.271359827990785,-2.41535477697989,0.0157198897205004,0.0445855284042188
"YHR037W",136.049623808891,0.128561595047003,0.121715890095706,1.05624331339084,0.290857066883595,0.442870514652719
"YHR038W",19.1501167381173,-0.701202128186,0.332307015567626,-2.11010329405249,0.0348494596285872,0.0858271459960765
"YHR039C",245.334946544399,0.177032447403492,0.0919121762277383,1.92610440389144,0.054091338858151,0.123319669766041
"YHR039C-A",289.729146261095,0.0659460742839248,0.0866427248532839,0.76112650422288,0.44658151112804,0.596259411478662
"YHR040W",41.152696307627,0.396724198655013,0.216506435492679,1.83238986754474,0.0668933565682565,0.146789239925206
"YHR041C",86.6274610740515,0.158863748271703,0.151598956897651,1.04792111715489,0.294674952067711,0.447023356863689
"YHR042W",617.030272755351,0.444743521488519,0.0600838093164105,7.40205267522956,1.34095284245253e-13,1.50044316282918e-12
"YHR043C",164.688634945312,0.203321098943431,0.113722904455264,1.78786410633237,0.0737979350931847,0.158036843041901
"YHR044C",20.1254627874758,-0.778373395490081,0.332944615133643,-2.33784647689119,0.0193952136241778,0.0529661082211888
"YHR045W",89.9522364036113,-0.400792506376697,0.153107052245941,-2.61772727315585,0.00885175202437076,0.0275533118158897
"YHR046C",34.6093489325219,0.124515896045094,0.238840986147587,0.521333871767517,0.602134209069236,0.734041560210685
"YHR047C",131.220088012573,0.419341275723422,0.126671831756929,3.31045402839122,0.000931447509980353,0.00382107104399736
"YHR048W",44.9232510466271,-0.261357017516111,0.226911011891333,-1.15180402809747,0.249401612270492,0.395662984384957
"YHR049C-A",3.62363510750003,-0.548616027154872,0.747229401488394,-0.734200268434423,0.462826689916046,0.611236752381291
"YHR049W",128.85885135688,0.704707609685513,0.125728439351179,5.60499767055213,2.08257765208667e-08,1.67934386689948e-07
"YHR050W",231.718652944489,-0.215978213496589,0.095741759603988,-2.2558412796039,0.0240805730883466,0.0634322429435531
"YHR050W-A",3.02505495516492,-0.988492235766818,0.895793893644537,-1.10348177497073,0.269818001795118,0.41952518626383
"YHR051W",86.9249497285131,0.150920908897083,0.151882854619728,0.993666528555491,0.320385243284167,0.473352537518697
"YHR052W",42.5301308948354,0.574509680183805,0.219364402482989,2.61897406179362,0.00881946532528398,0.0274934219854267
"YHR053C",167.031787067166,0.496520801157125,0.114282962125477,4.34466163566857,1.39490503442594e-05,8.28814814627896e-05
"YHR054C",17.8051120835253,-6.89857614772121,1.04913842362269,-6.57546801488822,4.85003689419857e-11,4.73909323726791e-10
"YHR054W-A",152.836565397085,0.492951220726423,0.12221485336708,4.03348044157786,5.49567568234913e-05,0.000295274924548316
"YHR056C",51.7817681117038,0.0404896162751223,0.207370027604834,0.195252982037885,0.845194903476239,0.906838144671967
"YHR056W-A",0.430574433569313,2.86308060842242,2.39858054186745,1.19365623061101,0.232612468418784,NA
"YHR057C",171.469989770224,0.405089152223445,0.114325717758266,3.54328982285491,0.000395168158939469,0.001776851423055
"YHR058C",43.6692245663729,0.239992222414785,0.216777529656631,1.10708994052532,0.268255044325253,0.418020308164715
"YHR059W",21.0934411208785,0.099376385163648,0.308733206152486,0.321884342802326,0.747540315093512,0.840168866137099
"YHR060W",43.6292156691892,-0.262711745541359,0.224772113591187,-1.16879154332809,0.242487628381525,0.388397969756271
"YHR061C",38.6310978005457,-0.711760782955537,0.242017980435934,-2.94094175016865,0.0032721606016315,0.0118159185298349
"YHR062C",40.7459505946685,0.515453037502533,0.218736168650897,2.35650574242797,0.0184477824175299,0.0508399653198013
"YHR063C",120.094683266645,-0.319787722969248,0.130181544355037,-2.45647510600358,0.0140307522823329,0.040587907319702
"YHR063W-A",45.0323451884415,-0.255562447677698,0.221745597568116,-1.15250291541502,0.249114472424087,0.395604545256236
"YHR064C",571.5386759967,0.659795610383219,0.0585484757586101,11.2692192552287,1.86213742907023e-29,3.23418484246758e-28
"YHR065C",40.784794713684,0.8713286283453,0.225693005848887,3.86068068466729,0.000113071591036229,0.000568234180072369
"YHR066W",16.7294450708172,0.945985591111724,0.347902725178664,2.71910945976614,0.00654579425922149,0.0211243038830006
"YHR067W",17.4549378466443,0.214145151199059,0.330728445518709,0.647495412325956,0.517311362710448,0.658566740848862
"YHR068W",507.344050420601,0.862823358962758,0.0673160628163639,12.8174958971756,1.30858779974703e-37,2.69475311726407e-36
"YHR069C",40.8849556175195,0.58259971866743,0.227387859731576,2.56214082561475,0.0104029127208791,0.0317572689353596
"YHR069C-A",0.783151555628081,1.11561736419017,3.43966430553199,0.324339024129749,0.745681378147751,0.838526800542526
"YHR070C-A",15.1845186112775,0.0886246085070077,0.36742956858968,0.241201623612327,0.809398852584141,0.883394931793535
"YHR070W",44.2120665128278,0.937994619729733,0.216213582299586,4.33827796456396,1.43603462161677e-05,8.50853877962625e-05
"YHR071C-A",4.10324839984787,-0.25581810028183,0.714501723002137,-0.358037065616796,0.720315575369012,0.820954582203515
"YHR071W",270.871113774589,0.343676814689329,0.0891174326017481,3.85644878511219,0.000115046188068046,0.000576324881906644
"YHR072W",121.127901990909,-0.0486923045731335,0.129227626010199,-0.376794854757223,0.706326064726363,0.811625721298183
"YHR072W-A",89.8965501585902,0.0935213398093917,0.153322700341271,0.609964079690931,0.541885602494057,0.680262267467718
"YHR073C-B",3.66065709629113,-1.03109819952365,0.811060750196158,-1.27129589155223,0.203623403401344,0.340557448757485
"YHR073W",200.384329564968,-0.129485271384654,0.101716771539366,-1.27299824232565,0.203018665571626,0.339815727758491
"YHR073W-A",0,NA,NA,NA,NA,NA
"YHR074W",192.890699077453,0.202855381942417,0.100579179026008,2.0168725168254,0.0437088188088012,0.103454568517125
"YHR075C",25.9731069592949,-0.630147022028933,0.289917008370887,-2.17354278581267,0.0297394892402414,0.075325741577246
"YHR076W",72.2507849652668,-0.280382860155176,0.168960232363772,-1.65946066854069,0.0970229998973719,0.195176648580801
"YHR077C",143.698458471086,0.408703317495852,0.12349831405598,3.30938378082305,0.000935015751196225,0.0038309588976426
"YHR078W",65.849657181222,0.0681497175708698,0.172943341435736,0.394058059738563,0.69353817440544,0.803325089518357
"YHR079C",67.0196238744984,-0.436960458560337,0.182758644891422,-2.3909154000345,0.0168064249994498,0.0470891252209011
"YHR079C-A",0.197546406023223,2.11456939148162,3.10144313050812,0.681801762115558,0.495364309908004,NA
"YHR080C",123.484295200227,-0.653213305348642,0.129773252247184,-5.03349722718239,4.81611785829942e-07,3.40957414335598e-06
"YHR081W",56.2722362222343,-0.511573279650549,0.187300090464326,-2.73130289677028,0.0063084463018792,0.0205402811781826
"YHR082C",235.778599187579,0.138071197603551,0.0912173291449332,1.51365095752993,0.130114389588118,0.243872864208741
"YHR083W",172.003481348546,0.425206400740914,0.107028532699014,3.97283219734201,7.10230841106279e-05,0.000373550696961222
"YHR084W",56.6897077870318,-0.228303156114501,0.186408966576978,-1.22474342466902,0.220671907181356,0.362266371643867
"YHR085W",15.2720008046461,1.14445252271241,0.363163180506718,3.15134513668364,0.00162520321257086,0.00634230537646481
"YHR086W",99.2567099280521,0.0491527278218017,0.140499207004152,0.349843453709665,0.7264561858355,0.826232665751618
"YHR086W-A",0.45230555729542,-1.6092340260209,1.92286596151473,-0.836893500758229,0.402652433909991,0.55519491541526
"YHR087W",81.3760209448982,1.49475995530108,0.157165280997965,9.51075164826278,1.89289805979622e-21,2.70744378598002e-20
"YHR088W",26.6243816490842,0.418398087524608,0.271654989828816,1.54018186004337,0.123516030322479,0.234354244807537
"YHR089C",352.243371392859,0.685723357770093,0.074827249463792,9.16408611413555,4.99685599581814e-20,6.86741817512224e-19
"YHR090C",25.1487993637782,-0.955932570741541,0.302583752504045,-3.1592329820444,0.00158184979086671,0.00619223181291599
"YHR091C",71.6768593737771,-0.419145355064551,0.175925198468839,-2.38252029108152,0.0171945843487028,0.0479084011690169
"YHR092C",1308.46007300071,2.67438517857165,0.0453163611852071,59.0158854026583,0,0
"YHR093W",1.44669067626733,-3.28349520500182,1.33671957985217,-2.45638296505311,0.014034350743573,0.040587907319702
"YHR094C",290.648735473947,-0.340908831746978,0.0871043141128732,-3.91379962311872,9.08550389328745e-05,0.00046622204231626
"YHR095W",1.99982412188342,-3.7467671803668,1.25203295903069,-2.99254676431801,0.00276660277555268,0.0101807117270338
"YHR096C",48.9836213526835,-0.711381907441287,0.217233001853562,-3.27474141300516,0.00105758732490211,0.00428319479053885
"YHR097C",221.651938144288,0.375234369799725,0.0963766501393823,3.89341577298081,9.88425308278432e-05,0.000502317106023814
"YHR098C",239.658436481569,0.213253304888014,0.090576012392216,2.35441260059646,0.0185520058525395,0.0510826572298583
"YHR099W",110.810910668551,-0.116495042061274,0.13334388263856,-0.873643692954734,0.382312323779744,0.534729759056536
"YHR100C",17.3706754763174,-0.35027739772085,0.347737184928643,-1.00730497888148,0.313788237898313,0.467319020021939
"YHR101C",28.5375217892428,-0.462221766778961,0.264031649910682,-1.75063014958746,0.0800096384335897,0.168157006353586
"YHR102W",86.9918953843194,0.0326634177882752,0.149691908856576,0.218204297331601,0.827269936969033,0.894781957488148
"YHR103W",103.572282050796,-0.167949938368128,0.1407957399542,-1.19286235807107,0.232923283364752,0.376608950749862
"YHR104W",133.628397392136,0.222102956796841,0.1266588678274,1.75355236160412,0.0795072399241528,0.167391853672116
"YHR105W",17.0990249227414,0.157785330542985,0.331146952539885,0.476481300319322,0.633731526371375,0.758510168443739
"YHR106W",84.3514162588066,-0.117615463952608,0.157375579258182,-0.747355240927528,0.454849155636493,0.603854758910942
"YHR107C",145.406509648276,0.155230368946325,0.122923673937708,1.26281914600916,0.206654182388315,0.344805421234871
"YHR108W",257.366929611174,0.211202596555968,0.0862760994431269,2.44798499143082,0.0143657639543326,0.0413383521708196
"YHR109W",12.9061922056681,0.194635656320453,0.38099203652828,0.510865418852412,0.609445297258881,0.740130886900775
"YHR110W",113.678890141386,-0.271254550807056,0.132368250463434,-2.04924179217726,0.0404384773159624,0.0966913969710719
"YHR111W",70.6290779988815,-0.0334446043827528,0.173609399618992,-0.192642820355068,0.84723870720951,0.907889085246511
"YHR112C",87.5741708695073,-0.111679073307711,0.157908680071524,-0.707238343434487,0.47941837411388,0.624538009715218
"YHR113W",179.781602308386,0.0171746446509664,0.111039057935185,0.154672103405195,0.877079823547457,0.926930565775162
"YHR114W",134.057270174307,0.0655626920907676,0.119345089581023,0.549353914106851,0.582762594663632,0.716340821573217
"YHR115C",69.2038719152474,-0.353875449177831,0.177880589076241,-1.98939890527435,0.0466571903902932,0.108803673053277
"YHR116W",32.2096190754033,0.0035205263428309,0.258466892152961,0.0136208019274958,0.989132508471486,0.994164661137795
"YHR117W",85.718751469443,-0.0297615868264368,0.14975003827965,-0.198741764398474,0.842464752367417,0.904562188258629
"YHR118C",31.6496985758765,0.00487220493902171,0.253839662191963,0.0191940254605964,0.984686323717918,0.991271805500745
"YHR119W",59.7760818498484,0.112349868527893,0.179972519456159,0.624261242035129,0.532456033065455,0.673102787650431
"YHR120W",27.3355475892851,-0.235351090540734,0.275148274039598,-0.855360955332992,0.392351351910012,0.545152801489032
"YHR121W",90.9609798612862,0.0411252150691881,0.146166892481845,0.281357935240336,0.778435878240664,0.861162713104703
"YHR122W",38.0221612346851,0.556264200930422,0.234487524886336,2.37225498968469,0.01767988459639,0.0490229080782358
"YHR123W",88.3269109935781,-0.289702806721654,0.154979910986201,-1.86929263849848,0.0615821117493324,0.13708525016876
"YHR124W",26.5384171462345,-0.319870967289874,0.294141366965712,-1.08747358656003,0.276827565611156,0.42625893803403
"YHR125W",0.150494433369821,-0.0424329443076841,3.11767010816447,-0.0136104664173935,0.989140754251065,NA
"YHR126C",0.260138782429248,1.30079269110729,2.59098958748983,0.502044738963041,0.615636050806447,NA
"YHR127W",39.8923475491419,-0.1932080623138,0.219910343861293,-0.878576509505457,0.379630937068298,0.53251093502236
"YHR128W",87.8802090554027,1.1327577483743,0.167007749997383,6.78266576486447,1.1797837007123e-11,1.18767397386993e-10
"YHR129C",32.3536799927939,0.0296486996561278,0.274266672243641,0.10810172236235,0.913915001914829,0.949354361174096
"YHR130C",3.94758010248646,-0.495952299748732,0.75805588531427,-0.654242397370378,0.51295565050871,0.654471366804453
"YHR131C",96.9437884493422,0.262911310831616,0.14148098733287,1.8582801533117,0.0631292407078181,0.139888909833448
"YHR131W-A",3.26930640767723,1.16281471732804,0.774788377963579,1.50081590070354,0.133403184842171,0.248636478352655
"YHR132C",288.174196858691,-0.0344924059877289,0.0825220744242171,-0.41797793170365,0.675963252265151,0.789676970252209
"YHR132W-A",89.4040066187123,-0.528749492463691,0.152861433124056,-3.4590117445424,0.00054216126343363,0.00236476021989457
"YHR133C",124.917081342881,0.155728780628712,0.128354037091264,1.21327528263083,0.225024589769197,0.36702927154821
"YHR134W",37.2504370757457,-0.301361056767233,0.232002444291007,-1.29895638680956,0.19395889689731,0.328918494148281
"YHR135C",302.819039103242,0.199051860383846,0.0809195398652486,2.45987385389632,0.0138985857728098,0.040250508133625
"YHR136C",57.7037161731892,4.33242595108413,0.305181400901026,14.1962319403901,9.66724947506462e-46,2.31501330232419e-44
"YHR137C-A",0,NA,NA,NA,NA,NA
"YHR137W",36.2120474755322,1.00366584968876,0.231060246287005,4.34374093257948,1.40076693963381e-05,8.31516299752574e-05
"YHR138C",94.9744148619153,0.634415765197748,0.14428141500078,4.39707196657531,1.09720973392574e-05,6.61254522200053e-05
"YHR139C",9.16910968614247,0.120367764149634,0.465449663646638,0.25860533060996,0.795939769900102,0.873295943302403
"YHR139C-A",2.23510648628846,0.0643395122219567,1.01362498533736,0.0634746707635101,0.949388528364069,0.971734023006291
"YHR140W",4.00595515965417,0.243444306166088,0.69589256406963,0.349830302457046,0.726466056160066,0.826232665751618
"YHR141C",1059.95105747768,0.706769460691227,0.0430591173465448,16.4139328496463,1.52030352811403e-60,4.29078522532897e-59
"YHR142W",148.628707040061,-0.513726747857438,0.118488825271919,-4.33565567620821,1.45326279393222e-05,8.59450643895179e-05
"YHR143W",533.868919382544,1.27311910788119,0.0625653378737314,20.3486331433323,4.77401371790983e-92,1.97263494932196e-90
"YHR143W-A",41.6414599806053,0.0895105148149526,0.216663057039083,0.41313233570228,0.679509659536794,0.79200959948223
"YHR144C",24.38287448417,0.218567769665278,0.291044325586644,0.750977601864324,0.452666135613544,0.601714741242394
"YHR145C",2.63873704714463,-0.468804912918786,1.02904578571342,-0.455572453069977,0.64869745579094,0.771166851355833
"YHR146W",243.129072810667,-0.745507160242373,0.0938329546780097,-7.94504620259056,1.94118419186866e-15,2.31550310584787e-14
"YHR147C",54.0389445892937,-0.167910468099979,0.208176740997333,-0.806576504635214,0.419910514713878,0.57114334639009
"YHR148W",13.9581744626205,0.645450402428523,0.384782341810403,1.67744288730007,0.0934559088359915,0.18979103273594
"YHR149C",62.8117957554073,-0.184941500722396,0.177160088414069,-1.04392305500627,0.296520990556583,0.448792363490236
"YHR150W",34.2038807301313,-0.848402405907834,0.251945635348914,-3.36740267293339,0.000758798047316114,0.00317690149346521
"YHR151C",41.1768511523018,-0.388700836376213,0.223086528668057,-1.74237699917139,0.0814424979287786,0.170208089886194
"YHR152W",54.9271658712039,0.0122397198701385,0.20035374192111,0.0610905479117928,0.951287096765736,0.972515689804816
"YHR153C",2.16424941291021,-0.393472576386256,0.969948576409201,-0.40566333716671,0.684989984196068,0.796049022074916
"YHR154W",35.2589357688749,-0.338393951682973,0.253396771138696,-1.3354311902331,0.18173526213704,0.313424287738834
"YHR155W",46.0814680812861,0.0927836567910974,0.205909768013704,0.450603473968861,0.652275362406716,0.773239235165059
"YHR156C",12.3538993304196,-0.862477094351775,0.429545591542116,-2.00788254223583,0.0446557747402874,0.104993476109404
"YHR157W",2.95955170071928,-1.57923883070738,0.942634409198683,-1.67534604645916,0.0938663558747944,0.190199712128349
"YHR158C",123.459716233785,-0.339967631938482,0.130967562147554,-2.59581553144786,0.00943667134723009,0.0291852544780558
"YHR159W",32.2818430785907,0.079162359368882,0.248957691929673,0.317975149734454,0.750503787024748,0.841853254359555
"YHR160C",7.91060611633418,-0.741196503838611,0.513663396792399,-1.44296149670593,0.149031317874361,0.268885842352087
"YHR161C",245.996791660652,-0.140418642896913,0.0963848847729762,-1.45685335649519,0.145156863759447,0.263929160968427
"YHR162W",359.998833327172,-0.70629881906865,0.0768554560090338,-9.18996328621913,3.92975463305449e-20,5.4363038928163e-19
"YHR163W",148.241950239473,0.949375476831628,0.115422838499817,8.22519606319623,1.94871821280428e-16,2.40621026198216e-15
"YHR164C",56.1772738704495,-0.204179694316633,0.191622445856194,-1.06553119810329,0.286635615302514,0.438237088256951
"YHR165C",150.257384523036,0.360476436291233,0.12714920086296,2.83506647186679,0.00458161516603597,0.0156736856491772
"YHR165W-A",0.400184635912513,2.83824661769956,2.45046609011357,1.15824766119005,0.246762983438839,NA
"YHR166C",33.6094554672507,-0.196002331824298,0.249943973229775,-0.784185068723832,0.432931525083694,0.583954150112889
"YHR167W",16.5159930989056,-0.708036151290954,0.361713382584806,-1.9574508032612,0.0502944904980132,0.115917524217441
"YHR168W",33.1045447037584,-0.184647042410999,0.262758801222911,-0.702724481736215,0.482227467699212,0.627086749907959
"YHR169W",22.2430806534711,0.453991000517391,0.299802759026054,1.51429894105123,0.129950037030444,0.243872864208741
"YHR170W",148.748428445966,0.428417973539988,0.120163723843061,3.56528542756815,0.000363460419418733,0.00165190278329635
"YHR171W",53.0980930868019,-0.331670957059596,0.194891471738084,-1.70182386177129,0.0887883919716085,0.182128557444682
"YHR172W",25.2051261055658,0.184299489425415,0.299016843592677,0.616351531275172,0.53766253518281,0.677220144701947
"YHR173C",6.40076769107469,-0.910039083490134,0.600317077282774,-1.51593069384143,0.129536878081362,0.243284316346958
"YHR174W",21992.2882770929,1.8780160310312,0.0114901649863956,163.445523476362,0,0
"YHR175W",171.260322938067,-0.403803829191346,0.111922563457958,-3.60788581600912,0.000308702285454557,0.00141935698083179
"YHR175W-A",7.31000053431613,-0.998381928950798,0.567275456628954,-1.75995967617514,0.0784146438318719,0.16585392382238
"YHR176W",34.173644495337,-0.860939244568924,0.251925004849997,-3.41744260392711,0.000632124211902824,0.00271671602151574
"YHR177W",23.9875987056019,0.0891798985137529,0.286295048127536,0.311496475740739,0.755423221671128,0.844916553942714
"YHR178W",31.7568676275099,0.268476440528516,0.245832353803861,1.09211190624128,0.274783916758261,0.424626191960281
"YHR179W",1136.11623723664,0.685057545232642,0.0420977727762278,16.2730116121366,1.53422656525977e-59,4.29176121485499e-58
"YHR180C-B",0,NA,NA,NA,NA,NA
"YHR180W",22.7397341567434,-0.759741299753395,0.330781323844263,-2.29680832921237,0.021629706209227,0.0580896357921552
"YHR180W-A",0.075442125546796,0.671886301116372,3.5338115409304,0.190130767680801,0.849206660687331,NA
"YHR181W",70.2570813985201,0.0222531533278126,0.181515560904685,0.122596394584032,0.902426709612184,0.943131264610814
"YHR182C-A",17.7952886799563,1.32476160540954,0.412486959389278,3.21164481750153,0.00131977433812963,0.00524096316938161
"YHR182W",29.0240061085927,-0.621621034166431,0.272250219848288,-2.28327100897414,0.0224144096191853,0.0597906740980967
"YHR183W",1129.07908484668,1.34819861254087,0.0434910815684358,30.99942709908,5.48719053412053e-211,4.88591810657887e-209
"YHR184W",4.05996024595321,-1.00446980908635,0.75645005284926,-1.3278732750469,0.184219974830754,0.316553192624144
"YHR185C",0.468413490625279,2.07545400602333,2.07536062613744,1.00004499453479,0.317288733632421,0.470364615754866
"YHR186C",85.5391995815978,0.00327979790706123,0.155413091416897,0.021103742787428,0.983162899248234,0.991070081186596
"YHR187W",39.505298789489,0.193131280132313,0.241904106202687,0.798379503200709,0.424650294072914,0.575732180812558
"YHR188C",214.015408884357,-0.0495229585620489,0.0971938228650145,-0.509527839344561,0.610382289699128,0.740659661320132
"YHR189W",25.0222393277945,0.347925332545728,0.283022546088481,1.22932019852919,0.218951777115102,0.359800392261176
"YHR190W",625.164629397848,0.333759064451235,0.0572432488175507,5.83054021820132,5.52482205758087e-09,4.63850266242048e-08
"YHR191C",26.7643591030939,0.291672550111921,0.265069888605527,1.10036093366298,0.271174892741866,0.421117089637454
"YHR192W",79.4308829494629,-0.233125160402376,0.156615717555054,-1.48851701503348,0.136614598323421,0.252758996371281
"YHR193C",1188.72642326954,0.686458578197408,0.0406080749137957,16.9044846290953,4.16954134512958e-64,1.23755119173283e-62
"YHR193C-A",0.843912880813104,-0.102276593869229,3.4366393031318,-0.0297606425486739,0.976257947548764,0.987030664385621
"YHR194W",90.7897328804762,-0.217276857586674,0.156047943344256,-1.39237245253109,0.163809641863519,0.290818465560564
"YHR195W",158.130245231554,-0.0506008848055815,0.119071516995082,-0.424962124297716,0.670864285733643,0.785070661243856
"YHR196W",24.9449787946041,0.442326343477093,0.298037844548454,1.48412811180823,0.13777493662006,0.25450420127807
"YHR197W",28.4819623212683,0.89858492795883,0.260825219234071,3.44516121024485,0.000570718902570168,0.00247298485404291
"YHR198C",44.9952710726677,-0.553057442421092,0.218997376746479,-2.52540669955758,0.0115564463018809,0.0346091205686837
"YHR199C",193.194933863934,-0.408626352853127,0.105333137187854,-3.87937133330009,0.000104726778993641,0.000530090229621936
"YHR199C-A",7.98220746959027,-0.472694511113514,0.529467724548578,-0.892773042051866,0.371978725647542,0.524260580768792
"YHR200W",396.73099967667,0.429419453075615,0.0696389287413015,6.16637074747151,6.98751459491339e-10,6.28379335263762e-09
"YHR201C",105.308782064941,0.191642315568335,0.134605981000473,1.42372808506675,0.154525200434749,0.277141720130268
"YHR202W",31.1977534893775,-0.064920301081563,0.253193059612129,-0.256406321646476,0.797637107017961,0.874399478163265
"YHR203C",1717.55387871622,0.882784385052884,0.0403360271612851,21.8857544279965,3.5508682977104e-106,1.65063157192097e-104
"YHR204W",83.4756814596973,-0.126645112200825,0.155025578096729,-0.816930430162976,0.413968186547152,0.565738624157176
"YHR205W",139.337093439803,-0.348183800501794,0.121045639031903,-2.87646711840669,0.00402154092404265,0.0141167027883385
"YHR206W",106.882240134124,0.00104255324130347,0.138763305593085,0.00751317674977197,0.994005408665767,0.996211508177708
"YHR207C",53.2792595302874,-0.32655772587543,0.21009106991854,-1.55436271518846,0.120097921618206,0.229314122763606
"YHR208W",701.150349405366,0.847048699484474,0.0556226954395776,15.2284727086737,2.28875848509794e-52,5.93013571425786e-51
"YHR209W",75.1175676971416,0.345616675167568,0.166817134324584,2.07182959092851,0.0382813360435054,0.0925486066795569
"YHR210C",40.8098334732127,-0.266505102733536,0.220117882639433,-1.21073808060424,0.225995802825325,0.367948870837421
"YHR211W",55.143053670701,0.170802040557293,0.191677668236028,0.891089933058716,0.372880925162452,0.525285924557999
"YHR212C",3.66561363962886,-1.95304036599382,0.907242051529917,-2.15272248756584,0.0313404950825516,0.0785624940174034
"YHR212W-A",1.53279912624548,0.188039433061517,1.23639804455328,0.152086485327189,0.879118723355314,0.928774827715959
"YHR213W",2.22038894269506,5.29193513426111,1.34289628206527,3.94068790340421,8.12482782653158e-05,0.00042102591409289
"YHR213W-A",1.93684783087872,0.403438901406784,1.0583205966771,0.381206699249259,0.70304987849181,0.809301043668103
"YHR213W-B",1.96135173061513,-0.329459223739624,1.09075099302726,-0.302048062156923,0.762615424637595,0.85060951209578
"YHR214C-E",0.45938444419343,-1.62647824819447,1.80891874942291,-0.899143893949552,0.368576020584367,0.521283579895832
"YHR214W",15.4504393588433,0.00967101106496198,0.363501324102818,0.0266051604869161,0.97877465724455,0.988468591549528
"YHR214W-A",41.8557236222677,-0.421694836918063,0.232156345520597,-1.81642606396322,0.0693050400458871,0.150838575243427
"YHR215W",308.504099897311,5.26245070201453,0.407187547993883,12.9238988960772,3.29986857072974e-38,6.88507231160178e-37
"YHR216W",347.638375621602,1.52882109347183,0.0774338634372159,19.743572457952,9.11032085209087e-87,3.55527459425423e-85
"YHR217C",2.27554539851439,-0.353009925829549,0.966497753538996,-0.365246504233396,0.714927407246962,0.817762089490736
"YHR218W",5.20857521927435,1.16924560914506,1.5063865851743,0.776192260773331,0.437635474986334,0.588165704265222
"YHR218W-A",3.08323913018196,-4.37081703381726,3.39106229323666,-1.28892266076465,0.197424975097794,0.333276553422765
"YHR219W",1480.42806071304,-0.576102612240195,0.0424518675996947,-13.5707247952582,5.97284771315952e-42,1.32029172176904e-40
"YIL001W",21.6465889740379,-0.511800527395954,0.321921036660488,-1.58983250273178,0.111872565360152,0.217819020082193
"YIL002C",80.1466529864827,-0.0826365091170592,0.157285289812088,-0.525392484038317,0.599310377286108,0.731012966467833
"YIL002W-A",35.7030442392356,-0.297494375271779,0.241781755138907,-1.23042524486955,0.218537904692779,0.359509147628647
"YIL003W",38.0304144102402,0.0555529141051574,0.22524352739236,0.246634896675134,0.805190795007302,0.880382559762428
"YIL004C",30.2983440326492,0.011193316271276,0.254523289380404,0.043977571948423,0.964922281559827,0.980156606821419
"YIL005W",112.994586867218,-0.618535106376793,0.135810314169457,-4.55440450277595,5.25341830270987e-06,3.33120466496808e-05
"YIL006W",34.5766299874175,-0.874806462203096,0.251442916817794,-3.47914537929504,0.000503015623708283,0.00221298870778272
"YIL007C",56.8971979785365,-0.12772173093767,0.190287041779553,-0.671205615176019,0.502089552032782,0.644248051136848
"YIL008W",47.2098938401806,-0.065102238080022,0.204477019058737,-0.31838413128138,0.750193573907348,0.841735453023682
"YIL009C-A",26.5694163478855,-0.262691106573396,0.271053820203118,-0.969147405399208,0.332471648158661,0.48441709141716
"YIL009W",56.48907292764,0.252068530334169,0.186910321730481,1.34860679710157,0.17746329629021,0.307966774402061
"YIL010W",52.9018134460072,-0.205095270947459,0.19630451569214,-1.04478121771333,0.296124097575792,0.44855133676338
"YIL011W",45.290843669279,1.73539835729568,0.230762073255194,7.52029279688673,5.46537057958284e-14,6.27079361236347e-13
"YIL012W",2.72817755877718,-1.0149881106599,0.91392801269108,-1.11057774416089,0.266750146920853,0.415997180773681
"YIL013C",39.2562557392814,0.68662028188751,0.236357519972929,2.90500713481066,0.00367244728646294,0.0130507092439678
"YIL014C-A",9.86132611128301,-1.23093604000164,0.492180194785394,-2.50098653510097,0.0123847887033291,0.0366214378776643
"YIL014W",100.976958295677,-0.567922966298688,0.148187751558001,-3.83245551894618,0.00012687054397946,0.000628093640593693
"YIL015W",45.5373127990884,0.480376190828888,0.212748327350377,2.2579551943445,0.0239484529803014,0.0631654302076696
"YIL016W",100.352638895796,-0.303115949676067,0.140778519029241,-2.15314063371492,0.0313076276415746,0.0785597960576993
"YIL017C",174.187784746347,0.234893610869608,0.106181183144124,2.2121962094807,0.026953110652146,0.0693831468901658
"YIL018W",3748.54573505362,0.860271705909772,0.0249089855437567,34.5366014364,2.26515282200761e-261,2.55719573941644e-259
"YIL019W",35.1267355434035,0.604817801215528,0.230722114294108,2.62141235601087,0.00875662745907576,0.0273514816187139
"YIL020C",29.6052919622431,0.852360271212455,0.264670821730935,3.22045424440087,0.00127987621708269,0.00510175122597526
"YIL020C-A",39.3800655081946,0.333823328338956,0.22413879501999,1.4893598777007,0.136392627961079,0.252441869387309
"YIL021C-A",2.64084133706947,0.650627502169087,3.16121067497175,0.205815925942646,0.836934700422607,0.901380098138283
"YIL021W",133.443581158064,-0.0760307233581665,0.123799224408619,-0.614145393247499,0.539119254223136,0.678163771098617
"YIL022W",209.83744150061,-0.0564402215837074,0.0956713090122757,-0.5899388454742,0.555231649855083,0.692205578856997
"YIL023C",142.013757738384,0.175754737019004,0.119328402357529,1.47286591914984,0.140787193332334,0.258211962937922
"YIL024C",22.8992060482876,-1.22626711031347,0.322692748074511,-3.80010743231926,0.00014463337158229,0.000707718401813649
"YIL025C",0,NA,NA,NA,NA,NA
"YIL026C",50.1642050797252,-0.922664008919739,0.212092047180734,-4.35029988716877,1.3595147497885e-05,8.10070899921101e-05
"YIL027C",52.3221871571201,-0.0926079621710836,0.204231889140262,-0.453445162559713,0.650228222119904,0.772348392760049
"YIL028W",12.2581774288407,0.160027632312958,0.397570957517829,0.402513386068402,0.687306238896192,0.798300577310624
"YIL029C",15.727276733722,-0.933060452480794,0.375554077169447,-2.48449027504448,0.0129737051723391,0.0380778849115729
"YIL029W-A",2.42394996574483,0.758945863393953,0.918664344681885,0.826140546095495,0.408724369605598,0.56099771268923
"YIL030C",191.485350483677,0.173872186939783,0.100043783094777,1.7379609363139,0.0822176971834679,0.171544647390721
"YIL030W-A",7.87715687532487,-0.81901190265484,0.521834548917312,-1.56948577734859,0.116534790933217,0.22426909145168
"YIL031W",68.8826193700288,-0.229933751739532,0.173280856504318,-1.32694260853796,0.184527668207982,0.316886208451801
"YIL032C",0.157649452043506,-0.0547413675776752,3.067804222551,-0.0178438269219655,0.985763441489162,NA
"YIL033C",357.30634547857,0.153478816074897,0.0743908061144101,2.06314226302176,0.0390991137894312,0.0940248337525099
"YIL034C",174.632329333288,0.119823283530324,0.109072287068983,1.09856762657357,0.271956704938489,0.42181312282167
"YIL035C",98.3560688427651,-0.313283715955975,0.145181959290131,-2.15786945904146,0.0309379826186995,0.077891954258744
"YIL036W",162.687983485446,0.0124888281977861,0.115286051285174,0.108329048124768,0.913734681125818,0.949354361174096
"YIL037C",12.0829561912312,-0.115276897925631,0.403476708480568,-0.285708928180134,0.775101065928417,0.859230043626066
"YIL038C",97.7855612100337,0.217464983181783,0.142548129010152,1.5255548051865,0.127120774852579,0.240041080829751
"YIL039W",156.850347840267,0.175559119058734,0.115394233881904,1.52138554200554,0.128163114913528,0.241318560013422
"YIL040W",53.8597642446578,-0.441061384952653,0.198881274411723,-2.21771198046313,0.0265744768575918,0.0687413431643598
"YIL041W",332.380254088295,0.314733389135576,0.0771304780722795,4.08053206724114,4.49327296599059e-05,0.000246798190191073
"YIL042C",118.665188031036,-0.488000546906681,0.138485079620819,-3.5238492712923,0.000425326124640143,0.00189627063467912
"YIL043C",490.399882677638,0.388032615372189,0.063907447536547,6.07179022680077,1.26492100658238e-09,1.12000428622042e-08
"YIL044C",69.2877709362108,-0.0528604861163704,0.16766244710844,-0.315279223392113,0.752549658522188,0.843179702382392
"YIL045W",56.4104001748379,0.286890016909368,0.185646806048672,1.54535390624578,0.122260683095692,0.232591309401291
"YIL046W",123.502069853336,-0.689897068300359,0.135708105895751,-5.08368357031176,3.70184460258939e-07,2.65340834212813e-06
"YIL046W-A",1.29587432677739,-0.207602411427171,1.26419984236848,-0.164216450967299,0.869560750913284,0.922840870786265
"YIL047C",99.4981717917663,1.12620777801521,0.146763341179985,7.67363136434779,1.67194135403256e-14,1.92883453288209e-13
"YIL047C-A",30.3610769639724,1.01223066804018,0.264972366382134,3.82013672542886,0.00013337771752591,0.000657733174882064
"YIL048W",112.336796341421,-0.0956664319682757,0.134679953704604,-0.710324211857859,0.477503108879674,0.622684540911159
"YIL049W",28.7086167886841,-0.0877122409389769,0.267402893499412,-0.328015302269607,0.742900092626318,0.837036960538867
"YIL050W",94.3417237802437,-0.357459036787033,0.14750359806253,-2.42339198149931,0.0153763253323921,0.0437681804373628
"YIL051C",482.269668041371,0.72774923144549,0.0636843929455432,11.4274345374979,3.04986691594236e-30,5.38582643647698e-29
"YIL052C",925.455801582615,0.685813061459487,0.0466629519141812,14.6971640954216,6.72162762814394e-49,1.67299723878449e-47
"YIL053W",2706.60675312303,0.0797152797271604,0.0283694009903971,2.80990352084429,0.0049556353041249,0.0167179970078322
"YIL054W",0.438955877487695,0.0777846096957649,2.05510626228988,0.0378494344176122,0.969807729620657,NA
"YIL055C",54.5269774194651,-0.490545359115944,0.196017069308819,-2.50256450035535,0.0123297156632971,0.0364927258536349
"YIL056W",105.774904428447,1.10494014286286,0.139035931933608,7.94715529644877,1.90843113153343e-15,2.28073754509534e-14
"YIL057C",18.2965417550819,0.950059538683747,0.336160577356119,2.82620748142421,0.0047102743371288,0.0160208802989677
"YIL058W",6.45119439787839,0.766080213780454,0.558300025650158,1.37216582228942,0.170011822439837,0.298562640937911
"YIL059C",16.682243709388,0.370494356673722,0.355421832197279,1.04240742439276,0.297222825796155,0.449395043333508
"YIL060W",22.8934491297565,0.435851538662036,0.304013257855698,1.43365964279399,0.15166941422687,0.272789199642183
"YIL061C",23.2192343576342,-0.100311983788546,0.285391889946816,-0.351488557741567,0.725221855174616,0.825504603603514
"YIL062C",244.745785118815,0.122346591076626,0.0971791339381792,1.25898005177178,0.208037537202044,0.346382225491525
"YIL063C",102.249571560597,0.00729042143247218,0.145583671973741,0.0500771915808466,0.960060875410808,0.977938279653659
"YIL064W",60.6898961632264,0.133811112717553,0.180534313216943,0.741194902692853,0.458575273614183,0.607398466329114
"YIL065C",70.37117206224,-0.225216206713616,0.166644177045883,-1.35147960586469,0.176541848516152,0.306535997341146
"YIL066C",15.6193991998947,-0.0174757750782232,0.35557127174113,-0.0491484449591481,0.960800996535033,0.977971969102315
"YIL066W-A",5.64159497521933,1.30735074336231,0.615234489470935,2.12496335256912,0.0335896709498163,0.0830805554556881
"YIL067C",100.464021147702,0.673634152720089,0.142493800189796,4.72746289187906,2.27342594448333e-06,1.49093348765805e-05
"YIL068C",60.3419996127459,-0.308521377410036,0.185726341678282,-1.66116111813833,0.0966810922403149,0.194717382970141
"YIL068W-A",17.8407523384144,0.0544467557636817,0.335617071918604,0.162228802761519,0.871125678899723,0.923726357263343
"YIL069C",467.695045617102,0.617743436094518,0.066043108324978,9.35363964177444,8.46823868142554e-21,1.1976779629524e-19
"YIL070C",47.3645940173463,0.35526655844931,0.205970837913025,1.72483911824124,0.0845564698699013,0.175408292552073
"YIL071C",21.7205013126253,0.401303507853394,0.296039121467298,1.35557593153351,0.17523413407462,0.304856028765426
"YIL071W-A",20.1343785924307,0.56724417220392,0.32367884046531,1.75249074480268,0.0796894599283143,0.167652833832547
"YIL072W",12.2230303802432,-0.350891055990343,0.405048549870056,-0.866293821081231,0.386329053872414,0.539393171064797
"YIL073C",26.2098724079519,-0.410173822460457,0.294670503583963,-1.3919744849643,0.163930124504161,0.290950658931867
"YIL074C",297.219220610496,0.396129920498712,0.0874714530327078,4.52867657692377,5.93542684331956e-06,3.72999686913184e-05
"YIL075C",764.776997329093,0.333426177073094,0.056373331299604,5.91460836864605,3.32666154551027e-09,2.83821245488744e-08
"YIL076W",235.773550403213,0.215893305781522,0.094343224712224,2.28838166641074,0.0221153043584311,0.0591926139517364
"YIL077C",91.3952402762819,-0.769670731972763,0.152414991751294,-5.04983612916956,4.4218922576069e-07,3.13750873766452e-06
"YIL078W",691.921475914298,0.530179190808804,0.0546941771241822,9.69352166328495,3.21256204689489e-22,4.64755543717837e-21
"YIL079C",20.6664537344549,0.950929246477048,0.309834651136835,3.06915073245659,0.00214668251393955,0.00816565995976285
"YIL082W",92.7257794309841,-0.690306726021556,0.153538941369556,-4.4959716399245,6.92529671644689e-06,4.30075892351446e-05
"YIL083C",73.4883146063132,-0.0413392706844661,0.171356096781525,-0.241247737669776,0.809363113967194,0.883394931793535
"YIL084C",30.2258269343511,0.562001244304548,0.248899830155397,2.25794145361076,0.0239493097449832,0.0631654302076696
"YIL085C",113.252704556148,0.229345147617906,0.136673296257398,1.67805382542307,0.0933365917444225,0.189612446339408
"YIL086C",2.5525824182505,-0.101144024672172,0.88014044794459,-0.114918050759257,0.908510077445552,0.946383376109866
"YIL087C",67.7544360767858,-0.0137315064514964,0.17253882084383,-0.0795850254704427,0.936567305379036,0.964957383410408
"YIL088C",205.282831508618,-0.061486223342722,0.0987756887813108,-0.62248336712541,0.53362407738897,0.673625146386625
"YIL089W",8.95140928675734,-0.4671770084452,0.493544273027815,-0.946575685255437,0.343855038750863,0.49722130717817
"YIL090W",53.7191763362379,-0.277345220916768,0.202851207515903,-1.36723475454305,0.171551735008041,0.300595917051229
"YIL091C",19.9300946301937,0.71734659892907,0.317299724622963,2.26078544436643,0.0237725463699715,0.0627777937138512
"YIL092W",18.7175956588047,-0.0326379480298449,0.330768770366858,-0.0986730034810902,0.92139790433732,0.95461775667331
"YIL093C",60.4324513630981,0.583691215049006,0.18289431758859,3.19141252032765,0.00141578977426749,0.0055836699643912
"YIL094C",260.844405921051,1.2483294271679,0.0885627207333523,14.0954277017574,4.05185555656819e-45,9.55814583157615e-44
"YIL095W",61.8639027434508,-0.312137619307617,0.188125722738699,-1.65919691769725,0.0970761185167008,0.195202042386318
"YIL096C",12.101958454677,-0.0138868782409413,0.399850700083742,-0.0347301586267898,0.972294912321249,0.984990954706672
"YIL097W",39.0746850417544,-0.0672151926936058,0.232432347254975,-0.289181748957995,0.772442297701282,0.857485549792362
"YIL098C",38.2877017890358,0.112713214433774,0.226007191412272,0.498715167997319,0.617980057456441,0.746155447524756
"YIL099W",28.9746806883572,0.889376867121754,0.260859105974679,3.4094146869003,0.000651024365812285,0.00278092975720626
"YIL100C-A",1.44048366205736,-1.52268437816698,1.31605532240448,-1.15700636002518,0.247269761904272,0.394060860791229
"YIL100W",0.472327880056929,1.99105874307026,2.07144685423697,0.961192288857288,0.336455492873625,0.489206905691595
"YIL101C",99.372848013485,1.16472848536081,0.145977404941324,7.97882717417108,1.47730251514115e-15,1.77220237205357e-14
"YIL102C",1.81238256432693,-0.00420191905266997,1.03656590692939,-0.00405369212375243,0.996765630498298,0.997554585406086
"YIL102C-A",7.05442141753055,-1.50322140939369,0.607304900997699,-2.47523345674331,0.0133149107863481,0.0388269677081608
"YIL103W",29.3380505261199,0.208628875180787,0.255293897539993,0.817210584315295,0.413808094885738,0.565738624157176
"YIL104C",15.8363753826048,-0.123502576432621,0.367327632007758,-0.336219128840307,0.736705628995548,0.833026826419219
"YIL105C",104.89890081131,-0.159911185393565,0.139196679731109,-1.14881465349943,0.25063241573454,0.39721687948703
"YIL105W-A",7.15812998998053,0.00539033728861417,0.633157505647613,0.00851342239574459,0.993207353764252,0.995727385109039
"YIL106W",109.499871120984,0.011385545191265,0.137374027653911,0.0828798964819524,0.933947039319404,0.962728384571543
"YIL107C",93.9876772295887,-0.441911557519088,0.153267590097698,-2.88326812757607,0.00393572279929763,0.0138616376251586
"YIL108W",132.601927370048,0.215656481347894,0.122386148627249,1.76209876498948,0.0780526119354013,0.165255029261639
"YIL109C",400.146708965334,0.276131634302916,0.0726607246181615,3.80028737332324,0.000144528383920572,0.000707718401813649
"YIL110W",37.0334395930047,0.446508023256662,0.231393645639391,1.92964686658903,0.0536506076091775,0.122566847682576
"YIL111W",102.574272053845,-0.747464040153074,0.144739359577113,-5.16420718135655,2.4146013872455e-07,1.76475259770706e-06
"YIL112W",132.106525453598,-0.361489200607399,0.127243839081006,-2.84091711801675,0.00449840018589286,0.0153973394559906
"YIL113W",38.9123713475764,1.14012056804674,0.225314328212006,5.0601334459918,4.18963153848123e-07,2.97605062767173e-06
"YIL114C",73.0907006251791,0.0563881891206853,0.168715514931308,0.334220531784784,0.738213151826601,0.834212472538291
"YIL115C",155.488766469706,-0.118922390894948,0.118368293527493,-1.00468112997951,0.315050417317282,0.468536518061599
"YIL115W-A",29.1093714932401,-0.118920620303477,0.268232307372773,-0.443349354401997,0.657513062345606,0.777116765778449
"YIL116W",128.95225798641,0.00908970127428083,0.122945847112697,0.073932560454432,0.941064047240794,0.96769793537025
"YIL117C",192.419827884871,-0.919362675684105,0.108821382642659,-8.44836422179132,2.9541255308606e-17,3.76531887219773e-16
"YIL118W",125.691019089692,-0.299170655802399,0.136196619984619,-2.19660851962542,0.0280484172449071,0.071703232439265
"YIL119C",26.3303680644807,1.22471949673699,0.278014195885493,4.40524086489965,1.05666400903411e-05,6.38656208078318e-05
"YIL120W",31.2023111454797,-0.147404120865121,0.270591893602612,-0.544746994829036,0.585927538442272,0.71912908134965
"YIL121W",118.460040481919,2.90164831669239,0.157480201325547,18.4254801065058,8.20594179525765e-76,2.81945456682711e-74
"YIL122W",57.5577295287444,-0.95993484697939,0.200458722224804,-4.78869084031612,1.67872871552857e-06,1.11597507251016e-05
"YIL123W",526.404164486494,1.00134689196076,0.063857977858833,15.6808424810189,2.04523403481396e-55,5.50211470982716e-54
"YIL124W",264.132039689392,0.000470230138629562,0.0879069174068081,0.00534918243638861,0.99573199027506,0.996993608254502
"YIL125W",243.547664625735,0.0977293361965063,0.0990430324523244,0.986736106283392,0.323772024678155,0.475909495469727
"YIL126W",178.592012311453,-0.369368940754453,0.109046480715502,-3.38726145338079,0.000705940778865974,0.00299125844771494
"YIL127C",30.2336309090605,0.274525885376085,0.281907142620011,0.973816707248615,0.330147556061362,0.482253431011999
"YIL128W",65.7255300439806,-0.0652423289573672,0.181326184256412,-0.35980644066887,0.718991886379698,0.820031610157039
"YIL129C",147.588558042347,0.0763036905390028,0.11646991427036,0.655136487538577,0.512379881747036,0.654000729336718
"YIL130W",43.992788843561,-0.7681116621909,0.224231819388292,-3.42552481751395,0.000613612872794104,0.00264074920476809
"YIL131C",24.3002444154313,0.529724221095962,0.301076315183407,1.75943504813146,0.0785036433354081,0.165881437900595
"YIL132C",10.0239230292366,-0.158062297478643,0.446693435576426,-0.353849608903866,0.723451593046799,0.82378619799025
"YIL133C",758.205002846978,0.511395970832995,0.0533840353429927,9.5795675157802,9.74521463185779e-22,1.40021015687739e-20
"YIL134C-A",0.277486052786346,1.35937534263711,2.53812666556619,0.535582152411558,0.592247366316177,NA
"YIL134W",29.0949926723182,0.702800165968967,0.263083613350008,2.67139468330914,0.0075536771903318,0.0239851065782409
"YIL135C",145.513333484716,-0.172185188633869,0.119045065609218,-1.446386607901,0.148068795958225,0.267607469424786
"YIL136W",325.193229226588,-0.00492756458352441,0.0782015247373611,-0.0630111062421554,0.949757660394811,0.971734023006291
"YIL137C",130.166468941517,0.256433665698454,0.123719791300034,2.07269720554712,0.0382004680121786,0.0923940977205348
"YIL138C",72.2665205640259,-0.114820321701979,0.175488201714388,-0.654290833117388,0.512924450625202,0.654471366804453
"YIL139C",20.2013443091281,-0.912662293324962,0.332219460274379,-2.74716686545454,0.00601125422006411,0.0197111769601895
"YIL140W",108.996957567226,-0.684740022906804,0.141174452933844,-4.85031114820528,1.23267950892641e-06,8.3347592036714e-06
"YIL141W",2.04844118053625,-0.745947009695038,1.08195494628508,-0.689443689181575,0.490544097948568,0.635365660157928
"YIL142C-A",12.2630774882447,0.758564615506318,0.435620065021271,1.74134452569185,0.0816232058293519,0.170473045012607
"YIL142W",475.962388319234,0.547585633619659,0.0682650785989421,8.02146053089208,1.04495159146354e-15,1.25832075452048e-14
"YIL143C",100.878374171291,-0.366679493068542,0.139864660449673,-2.6216736371407,0.00874991770851509,0.0273440334914644
"YIL144W",47.0769350236851,-0.92028392389116,0.227042430414238,-4.05335655635868,5.0487962083229e-05,0.000273274739974464
"YIL145C",124.731087930354,0.264796296759044,0.127065469986615,2.08393591734197,0.0371659967061096,0.0903010880768734
"YIL146C",26.3189281760218,-0.296844464449052,0.279761082612902,-1.06106418261109,0.288660733923867,0.440693832375437
"YIL147C",113.730275798424,0.0293188208009191,0.139358640496446,0.21038394674686,0.833368020924175,0.898917015574583
"YIL148W",1345.57327195564,0.4972888621423,0.0384306605281345,12.9398989064537,2.67981897401041e-38,5.60987269989862e-37
"YIL149C",134.442317387525,-0.206388823358438,0.125355344447122,-1.64643018826771,0.0996752221038177,0.199413529791245
"YIL150C",7.48051847506927,-0.712312652905788,0.556979781582778,-1.2788842188878,0.200937830666684,0.33713613733407
"YIL151C",99.2361662764712,-0.00262467608654006,0.145599079559558,-0.0180267354332169,0.985617525082866,0.991735475660334
"YIL152W",48.8260748395443,0.212918646357102,0.225095409012337,0.945903993739085,0.34419755630541,0.497375303077212
"YIL153W",239.297408055333,0.151139457796482,0.0921386117934529,1.64034876209434,0.100932672305354,0.200982999389941
"YIL154C",358.411413035555,0.411047694418167,0.0724647369721125,5.67238234199836,1.4082523796423e-08,1.15323465597133e-07
"YIL155C",326.103605729562,0.457669472698213,0.0789910144850041,5.79394347169827,6.8752607998273e-09,5.749391372554e-08
"YIL156W",81.0098804350286,0.183482623696854,0.15496631952371,1.18401614144796,0.23640667328345,0.381071644186122
"YIL156W-A",15.2049787107479,0.706693688858378,0.377898753771061,1.87006091395186,0.0614753594258994,0.136992323683657
"YIL156W-B",54.0601484644738,-0.407403694036182,0.197908160104375,-2.05854924739497,0.039537438934254,0.094779943694126
"YIL157C",74.7155864653201,-0.0609517079436611,0.168320539880427,-0.362116875260503,0.717264693571433,0.819182495416473
"YIL158W",40.296357686104,0.0786409182682009,0.220185120177627,0.357158186732873,0.720973386389962,0.821556191196349
"YIL159W",23.3785495536546,-0.868869039745955,0.312856770656379,-2.77721028035626,0.00548276950798706,0.0182048680827175
"YIL160C",15.2381894560452,0.16233252225536,0.377492600727764,0.430028355370148,0.667175014849132,0.782392959353777
"YIL161W",25.8259843458659,-0.584588511008135,0.290696631759712,-2.01099169078557,0.0443263343928818,0.104485863546532
"YIL162W",231.734431739762,0.814655914147088,0.0967198295830612,8.42284273720185,3.67457560944847e-17,4.66479257087012e-16
"YIL163C",3.23458377599741,-0.958107944286921,0.821498064569636,-1.16629361115884,0.243495755392076,0.389519272669207
"YIL164C",46.8370752468009,0.712822100273233,0.20291882270908,3.51284366209432,0.000443338255937183,0.00196956955823287
"YIL165C",34.2261432448668,-0.089803583745957,0.267377178316539,-0.335868544620669,0.736969998265227,0.833176739812727
"YIL166C",15.0733448180515,-0.77303876044598,0.375104115565062,-2.06086451299385,0.0393159676708224,0.0944359983339435
"YIL169C",299.38385705437,3.56254381343094,0.1076855940756,33.082826389293,5.24882426825335e-240,5.43984705309798e-238
"YIL170W",14.4482145388454,-0.61100135067519,0.377438328511107,-1.61881108653015,0.105487916013721,0.208337243507875
"YIL171W",3.54377123830046,-0.75716678004131,0.805734537454948,-0.939722383544527,0.347359980560898,0.50080040983033
"YIL171W-A",1.59370235860384,0.49336058520181,1.1324286042726,0.435665951337137,0.66307911281597,0.78037251598948
"YIL172C",43.150472405058,-0.0429179729198211,0.22388392008743,-0.191697433665897,0.847979216345568,0.908477309902844
"YIL173W",64.5048275339161,-0.956166993455476,0.997246852311712,-0.958806729987657,0.337656118196543,0.490524778033537
"YIL175W",9.15121696618443,-0.0300083101757945,0.459541600306814,-0.0653005302583256,0.947934720162232,0.971444853439071
"YIL176C",3.21182267539804,-0.734918734045236,0.831206508633817,-0.884159022350726,0.376610375409446,0.529330990070813
"YIL177C",79.2887565549257,-0.570118971545761,2.4352544358215,-0.234110638773332,0.814899086868635,0.88694816445442
"YIR001C",39.2836701470529,-0.407455981840786,0.229007718057789,-1.77922379776723,0.0752030782842774,0.16041670105838
"YIR002C",70.3450596675817,-0.00291221472160019,0.173802819117967,-0.0167558543433266,0.986631388078242,0.992124007544241
"YIR003W",175.081960598971,-0.00778050788683421,0.108769977308656,-0.0715317597681893,0.942974548650718,0.968402387357024
"YIR004W",132.043534728109,-0.275660026272331,0.131981357029931,-2.08862851902498,0.0367411759141838,0.0895787559311493
"YIR005W",8.76541708273931,-1.27168516550068,0.531344494192578,-2.39333460570268,0.0166960069829771,0.0468496032607107
"YIR006C",430.7994423901,0.455342023902183,0.0705362394201925,6.45543379750737,1.07909346441019e-10,1.02741398825319e-09
"YIR007W",77.7947834966742,-0.394116321776032,0.166128190569473,-2.37236269428468,0.017674731095217,0.0490229080782358
"YIR008C",45.1938092949756,-0.216655680946231,0.20974708542774,-1.0329377426361,0.301633034617408,0.454349060775135
"YIR009W",12.8807075152606,-0.249594543524899,0.388248695610365,-0.642872845026593,0.520306610884551,0.661447495276921
"YIR010W",59.0421607365187,-0.344370367519525,0.186847338088788,-1.84305739135488,0.0653206315143861,0.143937620227936
"YIR011C",112.545400423402,-0.0217027164001153,0.138322346237994,-0.156899568221422,0.875324000153263,0.926117366808014
"YIR012W",121.335342274385,0.645337845824902,0.132073296496418,4.88620987697089,1.02795618783432e-06,7.01050595414085e-06
"YIR013C",1.12659399959083,-1.00940854596496,1.46991872284439,-0.686710448868691,0.492265211147479,0.636824480145618
"YIR014W",10.6993457017363,-0.716879972495547,0.449084651129638,-1.59631368093363,0.110418777138671,0.215986234242164
"YIR015W",19.7266898511265,-0.344093632374009,0.332189006470335,-1.03583690511064,0.300278237116474,0.452960872118909
"YIR016W",175.862268322072,0.0842740065616148,0.108000803524814,0.780309070036244,0.43520897536851,0.585901009855137
"YIR017C",27.8505426894099,-0.877160613310094,0.288390119478067,-3.04157651065714,0.00235342745858343,0.00886284570800215
"YIR017W-A",13.938479252142,-0.707239153153533,0.452618893783432,-1.56254889680308,0.118158736289856,0.226620821961392
"YIR018C-A",3.2144784306774,-1.10188880829031,0.875702240724847,-1.25829163960827,0.208286303600248,0.346705110942803
"YIR018W",21.6437112207786,-0.454083937509255,0.317116297191423,-1.43191611888415,0.152167828599551,0.273374541746621
"YIR019C",33.6770659180009,-0.0375987190198991,0.251673874918807,-0.149394604553329,0.881242268899186,0.929698254054718
"YIR020C",5.97539142075523,0.434472974100369,0.566704793335117,0.766665430061832,0.443280462510962,0.59317986697566
"YIR020C-B",4.65247044673131,-0.0506615217677666,0.690374039066406,-0.0733827156019312,0.941501571460274,0.967699612626946
"YIR020W-A",2.08993743811265,0.513664684761577,0.985309498139164,0.521323183965722,0.60214165315606,0.734041560210685
"YIR021W",45.0206922927073,-0.136622909956498,0.215289641606522,-0.634600480250689,0.525689014869287,0.667216613532149
"YIR021W-A",0.34471181472867,0.647810918199939,2.24175248948798,0.288975219716562,0.77260034075188,NA
"YIR022W",121.693160083784,-0.203345394973311,0.130710652888092,-1.55569106633876,0.11978157194847,0.228848322108863
"YIR023C-A",6.60838428761836,-0.474984502501844,0.606555822927716,-0.783084564598184,0.433577454680637,0.58432672532317
"YIR023W",59.2650343504419,-0.309844558085003,0.185477761075656,-1.67052134060761,0.0948162607697018,0.191817088187538
"YIR024C",28.5625067826366,-0.0406792568652573,0.268620161464963,-0.151437839376637,0.879630342141956,0.929160070680275
"YIR025W",45.9250745129654,0.0867899892718286,0.205421596202284,0.422496908194425,0.672662356979745,0.786639182542721
"YIR026C",93.1933362581557,0.426708607340276,0.148968600246867,2.86441979472953,0.00417773939067621,0.0145388275286565
"YIR027C",11.3898834041866,-1.35609246024417,0.471586453704228,-2.87559672164522,0.00403264573273174,0.0141478281477969
"YIR028W",17.9529373334295,-1.26038995097095,0.369386967488944,-3.41211266747973,0.000644614641377103,0.00276288390697359
"YIR029W",35.0464484044889,-0.112154166351018,0.237953817211768,-0.471327451961847,0.637406914718602,0.761755484848961
"YIR030C",4.55049810426004,-1.01695667141843,0.705086484600511,-1.44231479914782,0.149213587123692,0.26906112315915
"YIR030W-A",3.69034760863284,-0.270802094235463,0.722660249993548,-0.374729472442798,0.707861670958152,0.812915800871469
"YIR031C",35.6854704504761,-0.126242723854641,0.244628239267617,-0.516059487786834,0.60581286176149,0.737237519163838
"YIR032C",6.5533340482117,-2.04769836151682,0.683284534622198,-2.99684576155237,0.00272788692841915,0.0100499424017866
"YIR033W",216.876739935049,0.141074118607492,0.0970917990465717,1.45299726643054,0.146224512980419,0.265254573585875
"YIR034C",114.710124046666,1.49216602117467,0.132042305436502,11.3006662239189,1.30226264544227e-29,2.26801775330194e-28
"YIR035C",133.1844515088,1.46791542635186,0.13047952673623,11.2501590331433,2.31174866331709e-29,3.98225478187756e-28
"YIR036C",167.950015592766,0.21866748017221,0.10829521399061,2.0191795381758,0.0434685622571486,0.103001593174548
"YIR036W-A",9.64186883325131,-0.359415284639929,0.491317739152114,-0.731533295052985,0.464453475306895,0.612940988203996
"YIR037W",184.539465606966,-0.35872733159186,0.105814594858774,-3.39014983774815,0.000698544315978766,0.00296714839575718
"YIR038C",137.248540794376,-0.0782620198817228,0.123902456371715,-0.631642198012054,0.527620706069857,0.668594528717907
"YIR039C",65.4472474248993,-0.911690825137456,0.182974150174836,-4.9826209017302,6.27287718339155e-07,4.40634772815571e-06
"YIR040C",2.58396706304005,-2.51499621275371,1.19379634088944,-2.10672132809513,0.0351417423378143,0.086412327911187
"YIR041W",4.48220011945809,-1.77076499098721,0.808066558611193,-2.19136031817798,0.0284257282989319,0.0725797472963842
"YIR042C",27.4642753512216,-1.76781027107524,0.318957728192756,-5.5424594384084,2.98252506279129e-08,2.36878435263399e-07
"YJL001W",305.420310173137,0.206096681676834,0.0820172687006577,2.51284497694059,0.011976194869383,0.0356634498182945
"YJL002C",233.857614058358,-0.055899785417565,0.092649260321215,-0.603348426352897,0.546276923740274,0.68455157817364
"YJL003W",23.9024167764619,-0.677331201571032,0.297625724333299,-2.2757817829366,0.0228590735999274,0.0606951126832176
"YJL004C",41.664950679233,-0.693995086829571,0.23005529341392,-3.01664472280115,0.00255589178393306,0.00951610592345393
"YJL005W",228.963187225541,0.483392357965499,0.0943042681394669,5.12587995752863,2.96151262582233e-07,2.14709665372119e-06
"YJL006C",13.4065060065698,-0.931180112506226,0.431696596721556,-2.15702444628452,0.0310037597219933,0.0779757495022563
"YJL007C",0.678862865871518,2.65474977192124,1.77177490669358,1.49835611842784,0.134040750957088,0.249310275831336
"YJL008C",424.505940092284,0.346886294652518,0.0668275854857821,5.19076504307222,2.09431769073022e-07,1.54135930626269e-06
"YJL009W",68.2329725394679,-0.39136680604814,0.176779796365464,-2.21386614361209,0.0268379883490538,0.0692247092381551
"YJL010C",41.8975813075339,0.533589709363321,0.220995860861333,2.41447829513029,0.0157577617889551,0.0446712891709846
"YJL011C",8.0236742659187,-0.045028450890003,0.508545255694913,-0.0885436455964432,0.929444596368749,0.959338569509099
"YJL012C",359.977014707871,1.72202321297007,0.0816075540101131,21.1012722272826,7.74247440462871e-99,3.44703684408892e-97
"YJL013C",51.0864187009567,-0.602681170145488,0.206068450664238,-2.92466492664361,0.00344827298798068,0.0123442705719218
"YJL014W",373.066914637834,0.433694687204844,0.0735422284059583,5.89721982329415,3.69677229898998e-09,3.14972971350602e-08
"YJL015C",11.9794229175553,1.27163970463591,0.418092254096644,3.04152897399043,0.00235379910530459,0.00886284570800215
"YJL016W",79.7374856104472,1.00159342396734,0.156696923343651,6.39191505866872,1.63820900324784e-10,1.529801671866e-09
"YJL019W",33.4513488117009,0.0712463894239327,0.248801643218498,0.286358194834606,0.774603790261493,0.858829386536857
"YJL020C",340.790437900863,0.297778480995311,0.0778834331316903,3.8233866821434,0.000131631101298954,0.000649626715387968
"YJL020W-A",0,NA,NA,NA,NA,NA
"YJL022W",2.06164536153639,-0.0953192983362388,1.05134832798688,-0.0906638606814126,0.927759687322301,0.958346766214659
"YJL023C",26.7731473828508,-0.50686572159842,0.287441282856424,-1.76337134513694,0.0778378794320456,0.164965160499293
"YJL024C",33.4263954107189,-0.413922617588326,0.248163276443772,-1.6679446835161,0.0953267083013864,0.192726399066634
"YJL025W",12.6494847085694,-0.00968565985222293,0.398563933978327,-0.024301395651995,0.98061219989162,0.989691942483209
"YJL026C-A",0,NA,NA,NA,NA,NA
"YJL026W",363.900254869951,0.739729984063635,0.0738521701525568,10.0163608264398,1.2917184228882e-23,1.94898421706424e-22
"YJL027C",1.20970379971387,-2.16692589068197,1.43593132738606,-1.50907348377627,0.13128000494548,0.245493959263919
"YJL028W",0.0826001337085384,0.671886301116372,3.5338115409304,0.190130767680801,0.849206660687331,NA
"YJL029C",65.2944894056047,-0.011587265345903,0.183300118526829,-0.0632147182392956,0.949595524760498,0.971734023006291
"YJL030W",47.9560806573674,-0.182052492026921,0.208486904520367,-0.873208283492626,0.382549560638853,0.534943225471981
"YJL031C",54.176484560295,-0.488473204534006,0.195525041711478,-2.49826416226935,0.0124803154205343,0.0368409857189932
"YJL032W",8.20406006505735,-0.782505070554099,0.539156542779215,-1.45135041210941,0.146682310330054,0.265633218535262
"YJL033W",60.1976192246309,0.664489463107896,0.183188572046241,3.62735216332252,0.000286342626859299,0.00132425609875968
"YJL034W",522.795662550582,0.539594482157481,0.0617691030355984,8.73566970604228,2.42216764773302e-18,3.16383137788598e-17
"YJL035C",38.8094415943642,-0.261954198906418,0.226535155417225,-1.1563512004305,0.247537533567654,0.394312731122068
"YJL036W",94.0899235381748,-0.510523146529364,0.154326746954756,-3.30806653158467,0.000939424889250461,0.00384404152093295
"YJL037W",2.63163634949901,-1.92823923609716,1.07061821879806,-1.80105214187549,0.0716946619383898,0.154575874886662
"YJL038C",3.42309418482457,-0.491952306643459,0.776534223185839,-0.633523020563287,0.526392152658943,0.667572956692044
"YJL039C",94.4384735831336,0.0782391964458475,0.144485370414628,0.541502549506054,0.588161240851155,0.720890919864483
"YJL041W",165.378851844017,0.206794686196228,0.11067260765371,1.86852637324025,0.061688737573747,0.137225967255886
"YJL042W",231.056678569284,0.180187937218892,0.0922549151360438,1.95315270685771,0.0508015030956036,0.116830521124193
"YJL043W",5.78772803458294,0.308426422192921,0.581462093784025,0.530432551820792,0.595812061665139,0.728150754658227
"YJL044C",100.187940007515,-0.489049048388555,0.144343478918374,-3.38809243100696,0.000703805420924007,0.00298421051045042
"YJL045W",13.1985952269012,-0.801651216374644,0.418866504370061,-1.91385849193231,0.055638239303256,0.125970207970459
"YJL046W",27.2134420400176,0.0471675660118446,0.265186845231125,0.177865406448557,0.858828679253477,0.915671619104684
"YJL047C",38.0131043214719,-0.259160043994054,0.248992525465396,-1.04083463352827,0.297952303214908,0.450204221062296
"YJL047C-A",1.07386736001973,-1.79891500065336,1.43694610399358,-1.25190151227926,0.210605753657115,0.349553576954655
"YJL048C",89.010270501531,-0.107031937132372,0.152323915726645,-0.702660095243666,0.482267601716624,0.627086749907959
"YJL049W",34.0050436577713,-0.641740350658067,0.253118213020933,-2.53533850053292,0.0112338714484697,0.0337710376240998
"YJL050W",112.30317671567,0.962012381214194,0.137743162630006,6.98410260695311,2.86682490622075e-12,2.99077014144019e-11
"YJL051W",46.3135175971047,0.148152724736453,0.206117323934455,0.718778615540171,0.472277335616682,0.619062267420415
"YJL052C-A",0.499962796548469,-0.308364195473413,1.97410637392072,-0.156204447514639,0.875871871160749,0.926228313947374
"YJL052W",1857.89532667599,1.78641115704535,0.0346910347413159,51.4948940083874,0,0
"YJL053W",94.9922886996248,-0.0492496618848085,0.145684259908668,-0.338057535630026,0.735319830206489,0.831906221647356
"YJL054W",116.681437662444,0.032424804742614,0.131720595614023,0.246163514456215,0.805555657891936,0.880484590109408
"YJL055W",270.493099711821,-0.246504971219416,0.0878596133501954,-2.80566874608114,0.00502122822170411,0.0169122028863151
"YJL056C",41.9901382353459,0.24992269046045,0.220176942121305,1.13509928901982,0.256333719433126,0.404427695097635
"YJL057C",65.2307436196096,-0.080468542733253,0.176476880020387,-0.45597215184197,0.648410003862845,0.770970104273256
"YJL058C",21.7784424442853,-0.889884064375399,0.327064861520592,-2.72081831181175,0.00651205423612859,0.0210584178418439
"YJL059W",31.415255940648,-0.0925842679441211,0.255317134657889,-0.362624576952812,0.716885348442292,0.819112447650853
"YJL060W",132.908905053313,0.438393032483198,0.123151457967551,3.55978759584566,0.000371154868994638,0.00168083172047572
"YJL061W",57.4889238705357,0.53429690583031,0.185849243533427,2.87489416514203,0.00404162947425724,0.0141714817172791
"YJL062W",133.319902024868,-0.14758072487635,0.123257223846929,-1.19733935480835,0.231174310944629,0.37454740999281
"YJL062W-A",86.9359575608989,0.473970313660926,0.149659325671174,3.16699485003907,0.00154023046035194,0.006036786714411
"YJL063C",125.591768114184,0.404108459920879,0.125397451911002,3.2226209844175,0.00127023509787915,0.00506651500870155
"YJL064W",3.3349342509576,-1.13601859549516,2.07130592971612,-0.548455242268753,0.583379353722747,0.716577492687874
"YJL065C",51.992308117733,0.640212673345009,0.209734315035344,3.05249369058718,0.00226948502049827,0.00859142772430543
"YJL066C",63.8880488453957,0.458771970211091,0.181458930584298,2.52824134218054,0.0114635520487339,0.0343634784504959
"YJL067W",33.8688145302388,0.741460315281317,0.262594351077495,2.82359583227479,0.00474882267968454,0.0161322176147048
"YJL068C",126.869063159478,-0.0325746835698345,0.125803960974048,-0.258932098143986,0.795687631780153,0.87317083980457
"YJL069C",34.5671186630961,1.12846951061073,0.236692034218051,4.76766999928329,1.8636872050551e-06,1.23503464469165e-05
"YJL070C",70.6388093986861,-0.0754958770291342,0.174409049917964,-0.432866740944032,0.665111583477566,0.781309523006304
"YJL071W",32.7088051606377,-0.247025620659007,0.248710292236737,-0.993226369674615,0.320599650370002,0.473558642439055
"YJL072C",25.2833024330802,-0.142969953546042,0.295805597643114,-0.483324029988552,0.628865680407909,0.753970952311549
"YJL073W",51.1421563925635,-0.247884504394439,0.20547758691397,-1.20638220507341,0.227670154168635,0.370007895797971
"YJL074C",38.7232859771057,-0.380342258070235,0.242415813485222,-1.56896636651726,0.116655776176756,0.22426909145168
"YJL075C",12.0200363967971,-0.363680216722874,0.420457462047305,-0.864963164054767,0.387059007048241,0.540173740079245
"YJL076W",153.657098306396,0.337709297470343,0.111503465906556,3.0286887920897,0.00245617556869331,0.00918813132856751
"YJL077C",55.0964973063859,-1.69039374334592,0.218937898244779,-7.72088229994792,1.15527196651369e-14,1.34505144977892e-13
"YJL077W-A",3.94153105622589,-3.12778007083318,1.15939769932102,-2.6977628752109,0.00698071452978992,0.0224248360047418
"YJL077W-B",1.1309308262615,-1.92062332249681,1.41289631991633,-1.35935191805903,0.174035099545064,0.303600965597102
"YJL078C",364.907033196998,1.07059533310159,0.0740838076623495,14.4511380675926,2.46577627452143e-47,6.06561774611846e-46
"YJL079C",282.954333157649,0.807263694517539,0.0838619525096505,9.62610182996446,6.20384305078546e-22,8.9340992635685e-21
"YJL080C",576.161125557873,0.342677589376416,0.0637731197595399,5.37338600759225,7.72716627511263e-08,5.92135093227419e-07
"YJL081C",91.6232596606199,0.0194574470076266,0.144239319499294,0.134896968976076,0.892693336053644,0.936387468148522
"YJL082W",213.194432668606,0.970717076567337,0.0982419452559594,9.88088208186668,5.03873969795516e-23,7.46016683149239e-22
"YJL083W",42.674583884868,-0.343655184533886,0.218163288122292,-1.57522004500248,0.115205661893155,0.222594802716543
"YJL084C",61.8332571685011,-0.13062459234554,0.185318819736459,-0.704864149962215,0.480894782153057,0.626074302465327
"YJL085W",43.9298171887846,-0.361279474988905,0.219719050035263,-1.64427925084749,0.100118533272289,0.199857709929716
"YJL086C",0.977558141882109,0.402827124112225,1.4232212289816,0.283039007505862,0.777146935381399,0.860647777637015
"YJL087C",29.6563322344661,-0.112745829891589,0.262612501463681,-0.429323925034777,0.667687507965276,0.782848743575014
"YJL088W",6.22337547825023,1.0919088301439,0.58617182376291,1.86277945455384,0.0624933017807072,0.138625492581625
"YJL089W",1.79163691687872,-0.35586795397016,1.09519845082542,-0.324934676178505,0.745230511877311,0.838467217670112
"YJL090C",34.7750546139469,-0.810788022249921,0.250524657968001,-3.23636016041775,0.00121064527956724,0.00485949171899943
"YJL091C",37.184093139243,-0.0655194461151132,0.234957157668271,-0.278856991484457,0.780354575556946,0.862449533663951
"YJL092W",77.3755157306263,-0.0211472054224734,0.157130024592931,-0.134584115780918,0.892940701106403,0.93649155812785
"YJL093C",120.788962120214,-0.123916018307965,0.135742002125238,-0.912878964269572,0.361306202098788,0.514570355861351
"YJL094C",72.0044960855855,-0.136083295250996,0.166280953256582,-0.818393764203472,0.413132381268356,0.565209676380071
"YJL095W",74.3317081671891,0.0707695236327976,0.163136746669522,0.433804921806859,0.664430107232207,0.780767126007808
"YJL096W",34.418081994228,-0.410187726225975,0.242659146778606,-1.69038641926907,0.0909540515202201,0.185547439080617
"YJL097W",103.743039983916,0.113996999329727,0.13831701231687,0.824171932434248,0.409841872632334,0.562043453097964
"YJL098W",40.6981414155503,-0.124208126817949,0.2236805846225,-0.555292391727122,0.578694682030941,0.713301246124897
"YJL099W",52.4271415659688,-0.285145203342516,0.195337122823179,-1.45975941091664,0.144356207383938,0.262921975667272
"YJL100W",78.2929528819688,-0.350106357449383,0.168491290656925,-2.07788993771942,0.0377194975177021,0.091365005098434
"YJL101C",150.578396421431,1.03749810104267,0.114162277482032,9.0879239966631,1.00948066312675e-19,1.37838806744866e-18
"YJL102W",34.3553123286319,-0.344594061615615,0.24809362222451,-1.38896783611703,0.164842530783429,0.292078049218845
"YJL103C",34.6265681830983,-1.11177557357274,0.259330560922002,-4.2870981716155,1.81022305715874e-05,0.000105195545918024
"YJL104W",56.5139900427514,0.00784739631029815,0.19845529000268,0.0395423891708413,0.968457958256373,0.982128843775552
"YJL105W",14.179700619308,-0.567289147594401,0.378861676807077,-1.49735162546745,0.134301788376109,0.249648899180758
"YJL106W",39.6328593844488,-1.26013092641299,0.254359173665421,-4.95413988123164,7.26509307189447e-07,5.04170344681853e-06
"YJL107C",17.5704791869708,0.261902305277611,0.349171205139095,0.750068451873861,0.45321347896898,0.602062537096426
"YJL108C",61.4561014242816,0.238224547689754,0.178676116294182,1.3332758324427,0.182441301625511,0.314447630555202
"YJL109C",78.0156057559962,0.381028960020661,0.158841215366675,2.39880410849967,0.0164487116332946,0.0463067913271407
"YJL110C",54.0759520351289,-0.277791552935926,0.199455424351672,-1.39275005349634,0.163695386814471,0.290778936622952
"YJL111W",410.240578149758,0.11017550476331,0.0743311247732276,1.48222571768473,0.138280245752282,0.254796768768851
"YJL112W",80.5398694135312,-0.0135182605674015,0.154576734594111,-0.0874533971939429,0.930311127095933,0.95991952758291
"YJL115W",112.449634359582,-0.326467947138334,0.139013754144924,-2.3484578856707,0.0188513308996363,0.0517359024813532
"YJL116C",33.2270979491581,0.0188456183513136,0.246512268513582,0.0764490078524236,0.939061881025332,0.966897265772337
"YJL117W",170.510134653415,0.755063461960445,0.107241733518305,7.04076143856406,1.91192108748864e-12,2.01789067030103e-11
"YJL118W",23.0335974531451,0.100291772792698,0.291890562235601,0.343593749741543,0.731151825835892,0.829417161840034
"YJL119C",5.07879223353164,0.0516110185075089,0.629738035683121,0.0819563303835107,0.934681439885595,0.963328344140321
"YJL120W",2.8681235019735,0.620079790655682,0.844094381422631,0.734609546400017,0.46257732236722,0.611102413360508
"YJL121C",188.104625292748,0.48960935700566,0.100143375076646,4.88908384235036,1.01306344685338e-06,6.92387795784547e-06
"YJL122W",39.6436089317166,0.862015083127034,0.227958436391197,3.78145725498722,0.000155912996026581,0.000757052197296503
"YJL123C",255.574529558673,-0.176710050877713,0.0878516859712892,-2.01145884594023,0.0442770130663463,0.104408532862902
"YJL124C",122.52828186297,-0.0304225305379108,0.126229608771651,-0.241009465480836,0.809547780341535,0.883394931793535
"YJL125C",26.0371974596509,0.44380293445962,0.280412472144416,1.58267901233386,0.113494644297452,0.220163590441391
"YJL126W",26.053827575703,0.00150154888848836,0.2735588635857,0.00548894255812684,0.995620479469138,0.996993608254502
"YJL127C",30.4324216818616,0.724315934747745,0.25945227476526,2.79171163715205,0.00524300579747143,0.0175377156886849
"YJL127C-B",19.8925788005354,0.220069514344825,0.33510060999384,0.656726689780931,0.511356669779484,0.653222240118387
"YJL127W-A",1.68416421994232,1.40037667762979,1.10318673717257,1.26939223473526,0.204301204362055,0.341510368581944
"YJL128C",135.904216284332,0.0586303883099603,0.117706935361396,0.498104789916987,0.618410184644493,0.746280846575787
"YJL129C",168.257470263008,-0.0190168544605195,0.113345489481344,-0.167777778785363,0.866758104634817,0.921103502689748
"YJL130C",579.314975447751,0.135617695524173,0.0582888286939392,2.32664986692852,0.0199839081387251,0.0541991708507165
"YJL131C",38.9512080396412,-0.331489012792517,0.233285220469769,-1.42096019681398,0.155328331155453,0.278182920556593
"YJL132W",47.3015464272472,-0.139772836911713,0.206767861507353,-0.675989178844133,0.49904751549191,0.642198113676114
"YJL133C-A",34.3908184828332,0.592608934082801,0.238791870972071,2.48169643158461,0.0130758618344236,0.0382888367379462
"YJL133W",92.0743113972998,-0.179896340467982,0.149647196110273,-1.20213639242141,0.229310688491058,0.372195679753651
"YJL134W",95.2137133129208,0.0312929922549704,0.147221591677243,0.212557084178077,0.83167244830174,0.897696774336178
"YJL135W",0.773360968479458,0.0862902318613088,1.68566204891556,0.0511907068898074,0.959173556964817,0.977732219789031
"YJL136C",960.432538118147,0.592612520334235,0.0459261787401647,12.9035886849425,4.2961442868231e-38,8.93428427016304e-37
"YJL136W-A",0.151100213872946,-0.0462344456779725,3.11314228173342,-0.0148513757142603,0.988150752197496,NA
"YJL137C",22.9669522553662,-0.224988084152997,0.297067581493091,-0.757363301044781,0.448832236361239,0.598127613464534
"YJL138C",1140.56263608012,0.79473822484294,0.0428403287250407,18.5511700889075,7.97959116066421e-77,2.78712570816128e-75
"YJL139C",48.9904185443134,0.35051584136152,0.196067057649961,1.78773449024413,0.0738188543977748,0.158036843041901
"YJL140W",149.623420194817,-0.347478463946901,0.121008798276248,-2.87151404605845,0.004085106271745,0.0143001339147131
"YJL141C",245.160230110093,0.0399908734857138,0.0890934950497876,0.448864122609242,0.653529678607338,0.774435731613044
"YJL142C",49.5457500358761,-0.074804239432756,0.207857589323515,-0.359882165843503,0.718935254314433,0.820031610157039
"YJL143W",187.080851050612,0.472967874490221,0.101912263314512,4.64093190660082,3.46841414633244e-06,2.22838559279611e-05
"YJL144W",25.3858322502314,0.654973824685618,0.282714910830624,2.31672897181577,0.0205185003321432,0.055553729807199
"YJL145W",86.5826000820766,-0.208012515161389,0.153475808614689,-1.35534399224844,0.175307984991935,0.304857832851797
"YJL146W",58.7108905773352,-0.552102442082223,0.186446478965096,-2.96118459917702,0.00306458197239673,0.0111346478330415
"YJL147C",22.2160464518863,-0.31461823512542,0.313764730171332,-1.0027202068047,0.315995877506395,0.469500807895518
"YJL148W",48.2513323256079,0.612776488915448,0.216482866065765,2.83060040755971,0.00464607257429101,0.0158427566422156
"YJL149W",47.9769586719663,-0.342132973966531,0.207320845873905,-1.65025843168043,0.0988900903431096,0.198110012315163
"YJL150W",0.323120111646367,-1.10277992434847,2.38456187040686,-0.462466475722145,0.643746837857568,NA
"YJL151C",349.075380285579,0.525207315536916,0.0760004284909914,6.91058361071176,4.82663857146433e-12,4.96162748760935e-11
"YJL152W",69.6025095822583,0.332105257623938,0.169774325988759,1.95615712617187,0.050446647343316,0.11614118882172
"YJL153C",11.7317900078545,0.655879239095027,0.404753580309931,1.62044085834349,0.105137608992348,0.207842390259419
"YJL154C",195.024183423935,0.285114426263189,0.0996927109675068,2.8599325216075,0.00423731158785372,0.0146946153913391
"YJL155C",133.222112073517,-0.426086632655275,0.124189978657903,-3.4309260478173,0.000601524561828484,0.002594023383274
"YJL156C",54.2579095649524,-0.564895254226404,0.193258320875504,-2.92300611775628,0.0034666970498104,0.0124032024611779
"YJL156W-A",6.27969981285114,-1.07967290212182,0.640937930542336,-1.68452021743859,0.0920811755954407,0.187242583504142
"YJL157C",73.6547632691362,0.0803790220854281,0.161763327978583,0.496892732672203,0.619264696596619,0.746468781078507
"YJL158C",998.050319100715,1.32811151864327,0.0456972521779033,29.0632686944243,1.04602964947694e-185,8.16419684443606e-184
"YJL159W",5641.74013038257,1.22450340494606,0.0200549345540956,61.0574620247761,0,0
"YJL160C",29.4779523335929,0.114577148087994,0.260377926985442,0.440041709428004,0.659906898720782,0.778926701589392
"YJL161W",25.4501082333691,0.0786982486577125,0.285580685480663,0.275572728335094,0.782876258497833,0.864061401226135
"YJL162C",23.7479998821265,-0.498335835172839,0.311788975059508,-1.59831127793318,0.109973718714525,0.215315531035375
"YJL163C",101.72562373242,-0.0610616138271016,0.140599529446782,-0.434294581691428,0.664074537962157,0.780610496836876
"YJL164C",112.162314398492,-0.208936794562686,0.136592155477424,-1.52963977932993,0.126105917331255,0.238338298764782
"YJL165C",156.239823630784,0.29116713723319,0.113835057455355,2.55779848266323,0.0105337114898499,0.0321245171436715
"YJL166W",65.5795149698343,-0.30211639730532,0.177094398340184,-1.70596247050671,0.088015067280271,0.18065949848892
"YJL167W",476.161524580415,0.597156426950371,0.0672149556555623,8.88427911803517,6.43365767688241e-19,8.59906634952444e-18
"YJL168C",74.7258612512368,-0.521337307317762,0.166504092169374,-3.13107804454102,0.00174165869144378,0.00675921807692302
"YJL169W",17.4037838443867,-0.414202976846224,0.347867635710615,-1.19069132717708,0.233774783882956,0.377792480497967
"YJL170C",21.2751140867468,-1.56051511153992,0.352605386208695,-4.42567009063299,9.61433658338291e-06,5.85003232725185e-05
"YJL171C",278.962279630767,0.19270808387283,0.0858516259808933,2.24466434585314,0.0247896885647521,0.0648408817154996
"YJL172W",130.147165087859,0.20502987808454,0.128143373293793,1.60000375216025,0.109597751016122,0.214845575790363
"YJL173C",63.3965983502151,-0.518378863374625,0.17890293533847,-2.89754252714687,0.00376098744319402,0.0133129689898503
"YJL174W",339.477140889117,0.0620346282540511,0.0757385663103871,0.819062615997041,0.412750689567135,0.565051940113345
"YJL175W",9.09016337405758,0.955334215426113,0.516604019991256,1.84925819091048,0.0644205397360544,0.142301415866994
"YJL176C",81.9467266135387,-0.458424257708911,0.159190931130185,-2.8797134010983,0.00398036820378658,0.0139954882004109
"YJL177W",861.542074455107,0.850214623364147,0.0487042570037241,17.456679881168,3.06234609631059e-68,9.68007601043778e-67
"YJL178C",138.492419372713,-0.447719916100362,0.120037020180832,-3.72984863691124,0.000191594833300259,0.00091554235534712
"YJL179W",22.4510666738987,0.2048195436123,0.303095549774417,0.675758993375983,0.499193673915025,0.642198113676114
"YJL180C",46.6084848535364,-0.150059161579422,0.210599954107317,-0.712531786701887,0.47613553510102,0.621542195521093
"YJL181W",43.2429113156966,-0.554219413587711,0.217873215312322,-2.54377029683633,0.0109663173907665,0.0332035720998207
"YJL182C",0.150105129549528,-0.0395826487204738,3.4750590361838,-0.0113904967680613,0.990911895009613,NA
"YJL183W",101.272179284964,0.0993650524616172,0.146579815448292,0.677890418661836,0.49784117543533,0.641531168182258
"YJL184W",66.7670942620181,0.17965476747406,0.172435084169808,1.04186899283873,0.297472421645996,0.449586576535019
"YJL185C",20.2730165381199,-0.757199619234859,0.328775937178807,-2.30308709856418,0.0212739430495498,0.0572557973432328
"YJL186W",131.620806264949,0.210578020477101,0.120329863239885,1.75000631437021,0.0801172241597913,0.168243380712841
"YJL187C",70.4160644413686,-0.222760929453615,0.168407172345331,-1.32275203218083,0.185917853815333,0.318615525025897
"YJL188C",332.733358151217,0.326601773161568,0.0768466872015817,4.25004362653704,2.13728883381097e-05,0.000122612938470123
"YJL189W",723.623365386267,0.403280303572745,0.0555568609882485,7.25887489680253,3.90323261271207e-13,4.25452354785615e-12
"YJL190C",1250.43498580819,0.946437161643597,0.039795299038124,23.7826372591624,5.05163392323386e-125,2.80144119848109e-123
"YJL191W",204.258442252516,0.705408155144892,0.100561753461931,7.01467636413013,2.30481830235915e-12,2.41642807753143e-11
"YJL192C",123.065228897922,-0.440869761531792,0.130766938212627,-3.37141610530743,0.000747828117375885,0.00313928908237075
"YJL193W",22.8165005466221,-0.239486845948444,0.317675715713715,-0.753872059154391,0.450926049570548,0.600411643931129
"YJL194W",11.0136356735198,-1.05773857634618,0.451991423926323,-2.34017399524509,0.0192747577966576,0.0527078778933059
"YJL195C",0.302199587221056,-1.02556408007618,2.43081446695911,-0.421901421937452,0.673096972108565,NA
"YJL196C",329.404269765291,0.0124820121032,0.078831675901298,0.158337520552376,0.87419084391569,0.925424399737942
"YJL197C-A",0,NA,NA,NA,NA,NA
"YJL197W",110.522236812927,0.0613390941154422,0.13709726261529,0.44741297488606,0.654576909331325,0.775235796346734
"YJL198W",187.283502739543,-0.0138275507507358,0.101827598511899,-0.135793743079584,0.89198433754253,0.935799034507778
"YJL199C",20.8716516804001,-0.501465947725948,0.330542113299772,-1.51710153577666,0.129241050576643,0.242811863817396
"YJL200C",75.0276226737733,1.27204078487569,0.165184927955493,7.70070732614555,1.35315096359267e-14,1.56391597656908e-13
"YJL201W",48.1017266203063,-0.131196555953642,0.203194429868919,-0.645670041439014,0.518493066335506,0.659672603214543
"YJL202C",6.32376071331767,-0.49221751003869,0.572503777360927,-0.859762903762256,0.389919751926853,0.542967548828538
"YJL203W",22.858207884736,-0.42106447262544,0.300588086127861,-1.4008022674802,0.161273210407027,0.287526575350598
"YJL204C",34.0912872285296,-0.149747027525718,0.257913092791858,-0.580610413782162,0.561503052112789,0.697822350197966
"YJL205C",8.27167774714815,0.349586409596857,0.492952162424075,0.709169035546528,0.478219586309831,0.623104745393808
"YJL206C",29.3164080635654,-0.175358472411835,0.277558154485345,-0.6317900215794,0.527524094792694,0.668594528717907
"YJL207C",64.9781738069343,-0.204721480733819,0.181008607418946,-1.1310041199311,0.258053357377345,0.406376723890434
"YJL208C",14.4422791847192,0.221615158436459,0.378361095525301,0.585723958032148,0.558061031453819,0.694637101959253
"YJL209W",36.0526928226083,-0.249192214240128,0.253506026510809,-0.982983393609788,0.325615611851209,0.477619929959012
"YJL210W",128.892971053044,-0.566275184373506,0.125502305477001,-4.5120699752984,6.41979996811547e-06,4.0065128725001e-05
"YJL211C",38.9810912956482,-0.0929662505186203,0.224839314199261,-0.413478625167082,0.679255979706334,0.79200959948223
"YJL212C",96.5567440287508,1.05132719917649,0.142155779667317,7.3955994025489,1.40771805175161e-13,1.56682984562917e-12
"YJL213W",51.4800069970992,0.882653898185228,0.193911146294867,4.55184714778096,5.31769651382611e-06,3.36120408546388e-05
"YJL214W",8.98028914684589,0.338767852295502,0.481160363821284,0.704064336482482,0.481392708540186,0.626593515213313
"YJL215C",0.602223176852481,-2.02207660007629,1.79535555432701,-1.12628197529055,0.260046184722236,0.408247325506327
"YJL216C",22.7480160716712,-0.0372211929210649,0.308015366178437,-0.120842000134182,0.903816182550354,0.943637136347933
"YJL217W",222.036021421867,0.377667550812766,0.0938766578907504,4.02301870665527,5.74569308897482e-05,0.000308355447440567
"YJL218W",35.0290032891527,-0.515366105531232,0.242199146445842,-2.12786094870269,0.0333486142162119,0.0826784074803497
"YJL219W",13.0698637864392,-1.30699947408291,0.445085193139979,-2.93651528792121,0.00331922459239897,0.0119555455027655
"YJL222W",53.4515016011315,1.06682769627278,0.670819987224785,1.59033379533949,0.11175958472532,0.217666079677595
"YJL222W-A",0.215287216784657,2.1145715867717,3.00384866894647,0.703954100162221,0.481461358502601,NA
"YJL222W-B",1.53394637611089,0.218100778769167,1.21157974631034,0.180013556213163,0.857141925730266,0.91512598144414
"YJL225C",325.345164855399,0.0143479872575992,0.25385438156006,0.0565205420896174,0.954927131460025,0.975133148940442
"YJL225W-A",16.3706864281734,-1.23815454473368,1.22273325867455,-1.0126121424683,0.311245457692099,0.464188200879796
"YJR001W",189.095639847197,-0.462766721240556,0.103946738024691,-4.4519600137008,8.50900137436277e-06,5.23287030045928e-05
"YJR002W",101.087456721454,0.337761590451603,0.13920562389997,2.42635017888581,0.0152515461143845,0.0434476751505915
"YJR003C",29.8841873892846,0.0388038494891318,0.272121433166368,0.142597549327943,0.886608033054939,0.933256074754133
"YJR004C",48.3302359954965,-0.546372650710125,0.215241557011014,-2.53841617900101,0.011135547431372,0.0335712593519952
"YJR005C-A",0.84122856168375,-0.541000923456154,1.58660149780468,-0.340980973612287,0.733117905190458,0.830306592012554
"YJR005W",97.1487767449872,0.185835124892882,0.14644912970272,1.2689397695303,0.204462546686602,0.341689722482871
"YJR006W",92.0100018890685,-0.122851756550527,0.145839965093155,-0.84237373803577,0.399578788246465,0.552402602076132
"YJR007W",180.201053199657,0.182727320233594,0.104419595449306,1.74993323281265,0.0801298353885423,0.168243380712841
"YJR008W",70.0119642033085,0.649424814295776,0.17431071468622,3.72567352193363,0.000194794395084086,0.000929426540167238
"YJR009C",11909.3231162798,0.572682331794762,0.0150563312666633,38.0359811199662,0,0
"YJR010C-A",19.843811308831,-0.231433406520474,0.318330891246205,-0.727021514043001,0.467212776514118,0.614973970798791
"YJR010W",100.487231277327,-1.10847225758748,0.157048602631775,-7.05814785367093,1.6873647187438e-12,1.78386617924721e-11
"YJR011C",25.8395445973008,-0.390265137339161,0.281199959507979,-1.38785630702798,0.165180804898763,0.29234967765117
"YJR012C",39.1375936288359,0.083605747382815,0.229590189347582,0.364152090385022,0.715744440680216,0.818252505240565
"YJR013W",52.0280770509723,0.0710798442057537,0.192111335607293,0.369992972986522,0.711387726209836,0.815228933257851
"YJR014W",168.51942034961,-0.0083742828259055,0.11031560333892,-0.0759120430151424,0.939489075567451,0.967078230960657
"YJR015W",176.851556570595,0.496740309216139,0.107275278810322,4.63051986184484,3.64748790978736e-06,2.33631393775843e-05
"YJR016C",980.928893207074,1.06472465527771,0.0472012086514617,22.5571481260097,1.14255332748703e-112,5.68757648533306e-111
"YJR017C",188.30171511121,-0.126970121916364,0.10405293662596,-1.22024544461234,0.222371844132058,0.36411157694972
"YJR018W",37.7121286431872,0.337253807156232,0.226292737538667,1.49034304337144,0.1361340602363,0.252239017823531
"YJR019C",97.6509060773116,0.248122960166226,0.157123304738495,1.57916077808563,0.114299183803684,0.221316826954638
"YJR020W",7.95567616806213,0.420969805407588,0.544275955283738,0.77344920590536,0.439256578587041,0.589342124326671
"YJR021C",74.5011221470459,0.193973677152424,0.160545191496918,1.20821854173158,0.226963211525692,0.369238657556723
"YJR022W",11.1766351289255,-1.18242374306619,0.476532669362677,-2.48130677933914,0.0130901658203436,0.038302116540439
"YJR023C",8.74379794408916,-0.207063480200982,0.485870849738639,-0.426169794529485,0.669984125689776,0.784703276992966
"YJR024C",84.36680339016,0.146032168443436,0.151891952479181,0.961421366042761,0.336340345566503,0.489151981750961
"YJR025C",101.56355303637,-0.551775199478511,0.143457201815472,-3.8462704729753,0.000119929371432057,0.000597002745034222
"YJR030C",47.5726096266293,-0.108202721924849,0.212998353954326,-0.50799792541144,0.611454798117181,0.74110759848482
"YJR031C",52.948711096409,-0.0750213065076833,0.201341743895496,-0.372606817921583,0.709441097736248,0.814401553359831
"YJR032W",35.9488100985658,-0.142339176544587,0.233539302986818,-0.609487031622342,0.542201666035321,0.68052390960399
"YJR033C",80.4106418114934,-0.124098404489925,0.161954378280224,-0.766255323305939,0.44352439594969,0.59317986697566
"YJR034W",28.9169408024058,0.176455815051645,0.270071442699129,0.653367173101024,0.513519596474648,0.655058694292317
"YJR035W",47.8053954067022,-0.150264947848741,0.206048315405997,-0.729270450732196,0.465836243837204,0.613814923866025
"YJR036C",46.0783293299048,-0.487800380889034,0.209258418998452,-2.3310908264706,0.019748570914603,0.0536538929952924
"YJR037W",4.30002313729572,1.12077671046908,0.699745009159639,1.60169303931882,0.109223505156774,0.214377832847292
"YJR038C",2.51991474303297,0.526004436691724,0.887665932307644,0.592570264946726,0.553468783827872,0.690688837615437
"YJR039W",87.4996093108142,-0.182020986654677,0.151249920089813,-1.20344517568401,0.228804094932953,0.371755201276312
"YJR040W",97.9268026530492,-0.153189893401257,0.144982446943927,-1.05660993196304,0.290689645809927,0.44272222134675
"YJR041C",31.0271461475224,0.464763285131254,0.252411109126347,1.8412948888815,0.0655783563351632,0.144455180749443
"YJR042W",83.2117017300196,0.0338699531258786,0.154378241225954,0.219395899687089,0.826341663805198,0.893930869024036
"YJR043C",33.7386066303892,-0.568716530287129,0.250061638531269,-2.27430538177495,0.0229476318150517,0.0608791138626759
"YJR044C",81.6881360402116,-0.142787598851631,0.15677784072784,-0.910763907633504,0.362419783201408,0.515459588166322
"YJR045C",1067.03970880305,1.00591360441772,0.0443633336231365,22.6744367987061,8.01002079368349e-114,4.08381866594089e-112
"YJR046W",66.8005381474905,0.565777979777988,0.171472250498446,3.2995308461477,0.000968465836245182,0.00395264106955587
"YJR047C",85.461302545871,1.16494720819144,0.155345149318336,7.49908969351988,6.42625453109832e-14,7.34661503537136e-13
"YJR048W",20.0608505315247,1.34828175256095,0.337045674756517,4.00029388757163,6.32638678047536e-05,0.000336945385224644
"YJR049C",135.614509901895,-0.14442962925294,0.123556466014022,-1.16893622739702,0.242429326183956,0.388397969756271
"YJR050W",34.8453931504738,-0.679048731877545,0.253617584664294,-2.6774513004545,0.00741846361366174,0.0236040302513257
"YJR051W",127.759631144952,-0.207069872580511,0.127810044979032,-1.62013770212256,0.105202700118639,0.207906055064093
"YJR052W",66.1220420094278,-0.639760118478473,0.179597828215691,-3.56218181942681,0.000367785519601657,0.00166796273667265
"YJR053W",6.53100298217199,-0.382186951703247,0.563111248135674,-0.678705944817433,0.497324198678694,0.64099563385254
"YJR054W",38.8604369876809,-0.656080209812167,0.232946640659439,-2.81643988492341,0.00485591295865211,0.0164078469933718
"YJR055W",6.69010561839928,-0.145277074105354,0.560501553145438,-0.259191207036062,0.795487715119916,0.873103009546546
"YJR056C",20.8123094396804,-0.606289828564916,0.3152617629934,-1.92313150446224,0.0544635366839759,0.124034034191677
"YJR057W",31.4883649152342,-0.724372986848233,0.264835463725634,-2.73518122028655,0.0062345941694876,0.0203626099044538
"YJR058C",80.2112943152836,-0.687631771207481,0.167534985691828,-4.10440701903509,4.05353259321092e-05,0.000223811642395453
"YJR059W",276.025846379431,0.331612889607075,0.0838090939224297,3.95676500111077,7.59716013110344e-05,0.00039660814491194
"YJR060W",81.6645288721378,0.141294825301102,0.154297627148574,0.915729087428209,0.359809004829911,0.51313163287496
"YJR061W",35.7283538293978,0.0686525091872767,0.244139316438276,0.281202184837908,0.778555328990578,0.861162713104703
"YJR062C",68.2142270838435,-0.349227332602695,0.173474120063562,-2.01313793939255,0.0441001199106727,0.104156948101844
"YJR063W",29.7653303306521,0.56854286234536,0.259861072239626,2.18787237905756,0.0286788997735817,0.073078599100598
"YJR064W",320.230379457583,0.622433309482482,0.0788369886522782,7.89519386931193,2.89864310477064e-15,3.43812790025515e-14
"YJR065C",353.908942373649,0.132031213203856,0.0756453342132385,1.74539797565928,0.0809156178134026,0.169304174670411
"YJR066W",127.900117068811,0.296339591988438,0.128025538045225,2.3146912445215,0.0206298352731022,0.0558073678205186
"YJR067C",19.9301085379276,-0.109064835073452,0.318206882708408,-0.342748196221119,0.731787901121153,0.829457740182455
"YJR068W",95.8089138371088,-0.305871275582918,0.145001202003679,-2.10943958640534,0.0349066555566296,0.0859345313197089
"YJR069C",63.9996237896195,0.594263200957333,0.175332211974471,3.38935552266837,0.000700571155137901,0.00297249049851128
"YJR070C",197.826048184537,1.25730199805507,0.104307547771528,12.0537969199412,1.85217182511495e-33,3.51634542894195e-32
"YJR071W",8.70880551914928,0.995406240092867,0.468145100299295,2.12627717230509,0.0334801876359625,0.0828746069829895
"YJR072C",236.483072271715,0.441424140318761,0.0901411616463559,4.89703185821554,9.72950692464237e-07,6.67136038802484e-06
"YJR073C",261.477167703638,0.820854654827106,0.0857085794163177,9.5772752321552,9.96388623804986e-22,1.42838296591726e-20
"YJR074W",84.7731451420423,0.0261408575807757,0.155098959163951,0.168543088372004,0.866156048855124,0.920824032923146
"YJR075W",137.325857303223,0.147164743603927,0.122438989715174,1.20194346544571,0.229385432600502,0.372221433495989
"YJR076C",188.848284737485,0.00709162093113251,0.113431864950821,0.0625187722533445,0.950149713084695,0.971824378922738
"YJR077C",354.32658056115,-0.0693791533692131,0.077570850508511,-0.89439722414286,0.371109397151849,0.523811924267468
"YJR078W",15.5734945982661,-2.00296968462479,0.434226206443436,-4.61273330559727,3.97408077166163e-06,2.54292901198834e-05
"YJR079W",0.927940509523588,-0.477256507132409,1.48022871033454,-0.32242078795009,0.747133937884349,0.839861442977392
"YJR080C",97.0045203436628,-0.205795709183816,0.14347314930189,-1.43438483218061,0.15146247366209,0.272494524328893
"YJR082C",29.071832880848,-0.290936964954038,0.264500633817576,-1.09994808237282,0.271354743274911,0.421276229024568
"YJR083C",34.5125788129812,-0.0342740529541057,0.242056459827932,-0.141595283094158,0.887399692938259,0.933467696964339
"YJR084W",57.5342669714072,-0.0648726920951546,0.196188996471195,-0.330664274052084,0.740898090792772,0.836122408067102
"YJR085C",197.290802515118,-0.142914917457977,0.108426852848419,-1.31807678359688,0.187477945441992,0.320160878196725
"YJR086W",37.930669587808,-0.62738392205008,0.239631525369306,-2.61811930247155,0.0088415887147788,0.0275352334260254
"YJR087W",15.2723660329346,-0.820469701952894,0.375984082525992,-2.18219265145666,0.0290953174253526,0.0739311080237456
"YJR088C",63.405099904869,-0.19301176222828,0.182021253796754,-1.0603803578004,0.288971594512192,0.440742682872394
"YJR089W",53.4509005375611,-0.588124527150419,0.208100260923956,-2.82615948936908,0.00471098014485622,0.0160208802989677
"YJR090C",103.324887004307,-0.0599352501552818,0.149787168470545,-0.400136078191957,0.689056292437667,0.80003928021872
"YJR091C",222.130091394596,0.197491055855676,0.0946326014435236,2.08692409215378,0.0368949967144319,0.0897806655999379
"YJR092W",87.139191312249,-0.0662313767708008,0.155875087817526,-0.424900333325452,0.670909331664121,0.785070661243856
"YJR093C",92.7350504055927,-0.267898990175121,0.146604281237606,-1.82736130154977,0.0676454638127962,0.147977377932352
"YJR094C",14.480389267305,-1.15475639930564,0.412514236334489,-2.79931284206468,0.00512114946263119,0.017193790176715
"YJR094W-A",623.33281063286,0.649127053603776,0.0576207049512171,11.2655173891632,1.94207858731857e-29,3.35459585492569e-28
"YJR095W",3.87533480346585,-1.29685460174211,0.79183408303133,-1.63778578054817,0.101466388845998,0.201643195164959
"YJR096W",106.593530370512,0.0212678638935637,0.146866603333808,0.144810756229071,0.884860289504987,0.93188185078303
"YJR097W",1.31010576215243,-0.396310696998525,1.28270798576517,-0.308964083327286,0.75734884835839,0.846228246610418
"YJR098C",20.8410576562815,-0.872688270280138,0.331855457074862,-2.62972403097555,0.00854542063330539,0.0268109921805244
"YJR099W",39.1947317916687,-0.758812453873777,0.235156252170457,-3.22684362788593,0.00125163841858356,0.00499864692500647
"YJR100C",50.7144568682823,-0.203444924533677,0.206555894491182,-0.98493884686676,0.324654110289027,0.476737994634666
"YJR101W",62.9324136465322,0.205016113524548,0.182987021969177,1.12038608704765,0.262549271180837,0.41135972550316
"YJR102C",25.4340625816441,-0.474407834091409,0.284957583883659,-1.66483666665667,0.095945346468493,0.193605643272842
"YJR103W",263.752418725888,0.474224956827981,0.085322896178223,5.5580035145246,2.72877892296046e-08,2.17271289054862e-07
"YJR104C",2272.78607968179,1.26445094632653,0.0320142286815574,39.4965300867906,0,0
"YJR105W",693.787696556468,0.337794765510875,0.0553002839701989,6.10837307260323,1.00651858320956e-09,8.96226828598708e-09
"YJR106W",36.8099719388665,0.259425437761109,0.237246937442881,1.09348276760608,0.274181891014902,0.424223669847335
"YJR107W",37.244387236303,-0.443067334107546,0.235695064356011,-1.87983289051104,0.0601308563732262,0.134660741761083
"YJR108W",5.12584172450409,0.514134808498201,0.605854668904355,0.84861078883485,0.396097901603778,0.548189784137278
"YJR109C",211.489412927186,0.882195400645163,0.1011161266957,8.72457667707202,2.67178205593278e-18,3.48268168198083e-17
"YJR110W",69.9835583461246,-0.124775383220972,0.182219671317793,-0.684752542459383,0.493500087029329,0.637860144066177
"YJR111C",50.7613967120856,0.173109011286949,0.2024991193527,0.854863032690222,0.392626977975685,0.545176313367511
"YJR112W",29.400701525004,-0.0246414247075201,0.265346176661627,-0.0928651960150277,0.926010655782591,0.957513798799074
"YJR112W-A",56.5383660983821,-0.121300860334764,0.187130806918705,-0.648214274988194,0.516846370332973,0.658372507202308
"YJR113C",117.179608376511,-0.161208681586275,0.128648435888223,-1.25309476538326,0.210171220851264,0.349015618130206
"YJR114W",40.1529218622595,0.516550589068083,0.216665827803535,2.38408887227234,0.0171214670083847,0.0478016932271905
"YJR115W",182.658727642352,0.862381552031893,0.107904716390151,7.99206541550769,1.32696591521504e-15,1.59488184714629e-14
"YJR116W",108.915568851329,-0.213024002877741,0.140216393924428,-1.51925175734126,0.128699137885094,0.242009503185474
"YJR117W",193.867090276857,-0.22451009159006,0.102475247251118,-2.19087143102854,0.0284610976615215,0.0726407183755102
"YJR118C",59.7879554455579,-0.426343908625501,0.186497043570654,-2.28606255875569,0.0222505989903057,0.05950435144531
"YJR119C",17.7352273823931,-0.831767370388835,0.363901574341901,-2.28569324519425,0.0222722107116686,0.0595208649264441
"YJR120W",1.41343700330785,0.0906795486972645,1.22321336520178,0.0741322415834677,0.940905160760487,0.967691951574394
"YJR121W",773.45396183149,0.277210884798517,0.0532210329510836,5.20867163651833,1.90197363647084e-07,1.40799500348579e-06
"YJR122W",37.7034769486863,0.0361052354736264,0.239283178931826,0.15088914998038,0.88006315955176,0.929306713660636
"YJR123W",3752.96430116736,0.788920325681049,0.0237092458125006,33.2747963355752,8.94101641074418e-243,9.58052639808893e-241
"YJR124C",46.0405310867183,0.672315866826813,0.217636423231672,3.08916980367362,0.00200716684115396,0.00768583208344962
"YJR125C",210.865392682832,0.37195897657096,0.095645885502492,3.88891769485755,0.000100692255484877,0.000511306376847707
"YJR126C",226.366205906675,0.0770650941489471,0.0917404991303171,0.840033517143572,0.400889594137933,0.553488537702558
"YJR127C",218.573755636857,-0.225611366262887,0.100881154434147,-2.23640745913709,0.025325092984553,0.0660500156140032
"YJR128W",0.836885408412882,-1.50601360583261,1.61428054371748,-0.932931770561053,0.350855197439561,0.50388608773578
"YJR129C",20.5104388553008,0.822655667837545,0.328088538522583,2.50741970914939,0.0121616207984348,0.0361135588011764
"YJR130C",110.361487175049,0.152912080183307,0.132339892402247,1.15544963357331,0.247906346653687,0.394578027075681
"YJR131W",55.8415085869553,-0.224816184799456,0.197376640473767,-1.13902123503483,0.254694297371367,0.402142194800645
"YJR132W",61.1792979424469,0.187710292803512,0.182389987692361,1.02916994062264,0.303399824869801,0.456017106195606
"YJR133W",52.5245353277841,0.631180234808767,0.210943825293566,2.99217212890857,0.00277000032518887,0.0101872845002002
"YJR134C",131.762605119324,-0.43270107613015,0.12630714463573,-3.42578464090895,0.00061302623302813,0.00264002169291814
"YJR135C",11.4287066102621,-0.770991636884119,0.432936272345739,-1.78084324675945,0.0749380622167727,0.159945452172328
"YJR135W-A",40.5028342609628,0.339066487250535,0.224808206228333,1.5082478212835,0.131491112193116,0.24572474468959
"YJR136C",28.3490832784163,0.283077326366775,0.265177825867925,1.06749998964003,0.285746118320721,0.437194327208035
"YJR137C",97.0371252377397,-0.519263140315798,0.146968127708491,-3.53316837066707,0.000410610878623523,0.00183844332482855
"YJR138W",50.5000178825601,0.0810367125469161,0.206519196428415,0.392393123488671,0.694767766152231,0.803934938286025
"YJR139C",505.40185864077,0.0117168504136744,0.0658186173360144,0.17801726757428,0.858709414774026,0.915671619104684
"YJR140C",52.9520849717681,0.0555675195073417,0.189545632527301,0.293161698143259,0.769398558960525,0.855759621700993
"YJR140W-A",0.609915890992047,-2.03615960051405,1.80566343103242,-1.12765179020646,0.259467005247672,0.407709361780674
"YJR141W",34.8587648152382,0.0905107702638211,0.238776317866279,0.379060918070231,0.704642627244813,0.810986835871419
"YJR142W",66.9262787037009,-0.114231703452493,0.17280287890721,-0.661052085329156,0.508578911616554,0.650857465433169
"YJR143C",290.227444732042,0.417309636665825,0.0821035550342592,5.08272311097485,3.72061880131233e-07,2.66384508062249e-06
"YJR144W",116.044943535149,-0.534674502457155,0.133437121718527,-4.00693971490934,6.15105550031386e-05,0.000328160108632778
"YJR145C",3199.49150556474,1.03325165556527,0.025458748077666,40.5853285642,0,0
"YJR146W",13.9072692201392,0.389549447358546,0.392510740881974,0.992455509582302,0.320975372169947,0.473892177220552
"YJR147W",57.4885469290002,1.01289113217219,0.187966252049059,5.38868611322753,7.09746393021667e-08,5.45865778185277e-07
"YJR148W",281.453373577156,1.66141660841016,0.0856884506760445,19.3890377910011,9.55068433659201e-84,3.59401347475802e-82
"YJR149W",19.5255443951768,-0.822618040884701,0.338535609466724,-2.42993061255956,0.0151017136775726,0.0431029498282682
"YJR150C",8.86296779836564,3.22037872001537,0.591251366447043,5.44671674818668,5.13080708422663e-08,3.98488481406397e-07
"YJR151C",46.8572073111207,-0.212490340189887,0.210379013729965,-1.01003582259698,0.312478127668127,0.465806819881608
"YJR151W-A",0.0826001337085383,0.671886301116372,3.5338115409304,0.190130767680801,0.849206660687331,NA
"YJR152W",31.7153666695681,-0.356158774516517,0.254715039574657,-1.39826362475988,0.162033916845817,0.288557302056129
"YJR153W",11.8950415762026,0.68956813541193,0.429089941422913,1.60704800752318,0.108043837318204,0.212590457368717
"YJR154W",13.7840259261321,0.336678620697057,0.405993290659024,0.82927139054576,0.406950855951202,0.558927506261894
"YJR155W",41.2430295921304,0.125677768698242,0.21995602910766,0.571376784751501,0.567744262333874,0.703401787484251
"YJR156C",15.6066935011889,-0.379581828645564,0.363990412620553,-1.04283468872919,0.297024862391074,0.449320026886721
"YJR157W",0.240718590903673,-0.679244460191077,2.62747252785384,-0.25851629388715,0.796008475499482,NA
"YJR158W",0,NA,NA,NA,NA,NA
"YJR159W",25.3760157815163,0.0188129010624345,1.53982164839977,0.0122175844728417,0.990252020491879,0.994453134326664
"YJR160C",7.60445556820755,2.40497107709825,3.25702862156251,0.73839421034762,0.460274931792456,0.608629600249301
"YJR161C",30.3364508619493,0.0130124783563319,0.255958918741629,0.0508381517639826,0.959454489457675,0.977860919289283
"YJR162C",0.887048242134052,-1.56430188748359,1.58759084331737,-0.985330631042742,0.324461691433157,0.47659080233281
"YKL001C",51.9298261081499,-0.488197651520597,0.198345557508839,-2.46134905995483,0.0138415626017863,0.0401037391239657
"YKL002W",156.074308721049,-0.12608692967857,0.112735176373924,-1.11843466905449,0.263381394336531,0.411846939152993
"YKL003C",38.8383292987081,-0.135869905008623,0.228736136111098,-0.594002798677295,0.552510241106573,0.689764957400425
"YKL004W",137.952591696341,0.32366505665856,0.122839142308461,2.634869070038,0.00841697434045258,0.0264605230135958
"YKL005C",68.8868043965846,0.0399172621937224,0.167718229397103,0.238001929409898,0.811879597744928,0.885101365225631
"YKL006C-A",15.5171123464755,-1.02048589829256,0.38461714298322,-2.65325120554254,0.00797205163853799,0.0251368131964275
"YKL006W",1476.53583108486,0.584033011786278,0.0365549312450281,15.976859807819,1.85245715327729e-57,5.06979832165326e-56
"YKL007W",176.222500520343,-0.241584724976124,0.107102350823408,-2.25564353274049,0.0240929645727824,0.0634384514906831
"YKL008C",142.7574130641,-0.0555207838130877,0.122823238248553,-0.452038104554222,0.651241532010334,0.772738169175926
"YKL009W",90.4468746982539,0.706419311196382,0.148368022283922,4.76126391874764,1.92384260611248e-06,1.27090208525006e-05
"YKL010C",113.930002141254,0.194907145467214,0.131381088269207,1.48352512553282,0.137934945991397,0.254680119321733
"YKL011C",19.8638321056656,-0.501914455202775,0.331755223906665,-1.51290595907536,0.130303548028917,0.244082675744834
"YKL012W",83.7962903288898,-0.330043518457509,0.162256170973068,-2.03408915961841,0.0419426067526608,0.0998321289669244
"YKL013C",188.755584217341,-0.00496557283538108,0.100931355625944,-0.0491975244420944,0.960761884088542,0.977971969102315
"YKL014C",78.6818616177007,0.387759132708908,0.156693182164977,2.47463946644882,0.0133370736140631,0.0388557508700953
"YKL015W",80.3024913256967,-0.357282399018642,0.171706589300002,-2.08077279081238,0.0374547077777007,0.0908628789603314
"YKL016C",140.839980081299,-0.182256324372032,0.118292332279362,-1.54072813393865,0.123382966570013,0.23424237677346
"YKL017C",49.7078440923175,0.186674975260981,0.200418121610861,0.931427626207555,0.351632405912705,0.504772949632181
"YKL018C-A",54.6415044756274,-0.287110871557781,0.188312177577775,-1.52465377040845,0.127345478183768,0.240321824799338
"YKL018W",33.6948937534211,0.0455407462966224,0.239546953181636,0.190111983023601,0.849221380229482,0.909499841743314
"YKL019W",152.112069813528,0.389240302718391,0.116434823256043,3.34298873681839,0.000828812638023892,0.00343140373122924
"YKL020C",116.833937450951,-0.21784073102204,0.131342649926953,-1.65856811281935,0.0972028517148939,0.195332621914037
"YKL021C",81.8315776802333,0.110844924684921,0.154343312774206,0.718171216443178,0.47265172320882,0.61907133820435
"YKL022C",58.5129640495232,-0.275318362606288,0.190147272534234,-1.44792170267243,0.147638949281788,0.267016834179185
"YKL023C-A",35.7109839506595,0.908751203750547,0.240507664780497,3.77847086320484,0.000157794310305593,0.000765599101881779
"YKL023W",75.2564079342339,0.0610277576831472,0.163797804805277,0.372579826425006,0.70946118965396,0.814401553359831
"YKL024C",177.876235572451,0.332391676338844,0.107571444348143,3.08996200946318,0.00200182098709272,0.00767356424273078
"YKL025C",92.4705183609099,-0.143511933292093,0.14887917787702,-0.963948990977364,0.335071500167646,0.487755474110029
"YKL026C",22.6937445741516,-0.845094697494635,0.310362178004938,-2.72293068352288,0.00647056325517272,0.0209778978970266
"YKL027W",63.0453687667237,0.130817864039511,0.176920657796167,0.739415428752411,0.459654776344351,0.608152822607259
"YKL028W",171.837571406408,0.145038433348389,0.108521672845519,1.33649279029131,0.181388255466802,0.313315997557683
"YKL029C",209.322694395957,1.51950756502254,0.100693384280182,15.0904409051787,1.8718727660803e-51,4.81056082404864e-50
"YKL030W",26.7130696112174,0.311376458496557,0.270227913423696,1.15227348112015,0.24920871066559,0.395636012874118
"YKL031W",4.40186845013376,-0.262380839628293,0.671707552133284,-0.390617671031083,0.696079861805383,0.80479460247506
"YKL032C",324.653846950125,-0.466048762371515,0.0799501136623269,-5.8292445254036,5.56788659193055e-09,4.66845875784946e-08
"YKL033W",29.6096720414422,-0.361898877954955,0.263480183410866,-1.37353357383472,0.169586531273193,0.298309975155572
"YKL033W-A",160.640991596116,0.00571326966047727,0.115002579659973,0.0496794913415824,0.960377799814139,0.977938279653659
"YKL034W",98.1060929952401,-0.0699593898273906,0.144556628148818,-0.483958367895581,0.628415415533816,0.753860010816848
"YKL035W",797.249177883156,0.722379853175543,0.0495799869993835,14.5699887574502,4.35962758161129e-48,1.08084570866457e-46
"YKL036C",21.9426760718349,0.821968623727631,0.302569288657984,2.71662939544654,0.00659504098804341,0.0212723720032706
"YKL037W",26.4821131517892,-1.7275537448581,0.323756317049217,-5.33596922711312,9.50355201095443e-08,7.24746149737683e-07
"YKL038W",148.209257975961,-0.00537331145277666,0.114926734395782,-0.0467542341738534,0.96270910495284,0.979598738373066
"YKL039W",274.660140985558,0.207170166086064,0.0863465457169351,2.39928724844672,0.0164270226387723,0.0462796956873078
"YKL040C",70.3236967786772,-0.205651264888732,0.175573045893767,-1.17131455937242,0.241472361309924,0.387164156277286
"YKL041W",67.4389260103421,-0.728937612843501,0.183687571807828,-3.96835564687037,7.23702741541366e-05,0.000379373858376826
"YKL042W",35.4018213171543,-1.0550475191501,0.256375631949248,-4.11524102789518,3.86775035426528e-05,0.000214680982442937
"YKL043W",180.423387963554,1.12949589660723,0.108869061493497,10.3748106313445,3.22851838883022e-25,5.08994844244007e-24
"YKL044W",4.35548660913208,-0.217170219431633,0.697605511956496,-0.311308061231569,0.755566439583252,0.844916553942714
"YKL045W",70.8966693212485,-0.772019506496393,0.180080588397571,-4.28707787644483,1.81038838909855e-05,0.000105195545918024
"YKL046C",315.250963478423,0.118305166068026,0.0794348308014915,1.48933616241561,0.136398869642883,0.252441869387309
"YKL047W",36.5854670714712,0.00876129377562363,0.240410775056828,0.0364430162231816,0.970929114957398,0.984003505091483
"YKL048C",22.2645208570322,-0.948870630791152,0.335092656200628,-2.83166644578161,0.00463061258733765,0.0157985605920931
"YKL049C",35.6571453592962,-0.325300178318894,0.239730573158941,-1.35694072738574,0.174800044666653,0.304347530262346
"YKL050C",11.7746666662409,0.0902689673316987,0.400925873186307,0.225151264532512,0.821861601296646,0.891219389948095
"YKL051W",113.307475666402,0.84171384860025,0.131387570789473,6.40634303186074,1.49051409932766e-10,1.39807568782633e-09
"YKL052C",83.7983170455074,-0.503014990662126,0.167169111711008,-3.00901874463333,0.00262092944928755,0.0097011217672107
"YKL053C-A",70.0888614851963,-0.0778977532951851,0.163977067194548,-0.475052729189042,0.634749390245791,0.759440886664249
"YKL053W",9.93200092873181,-0.593709294550601,0.458219634126077,-1.29568715597037,0.195083288174349,0.330205233691629
"YKL054C",331.06209280703,0.808550280539223,0.0752744437031471,10.7413650737537,6.50749859084574e-27,1.07136474196163e-25
"YKL055C",5.81203868148342,0.403399782594841,0.597068397999277,0.675634121562282,0.499272971957941,0.642198113676114
"YKL056C",2432.06324639163,1.14526643787909,0.0292006246688499,39.2206143144882,0,0
"YKL057C",96.751250590771,-0.426112966554602,0.157975167559378,-2.69734144383445,0.00698955616487018,0.0224418354872063
"YKL058W",82.3832924184817,-0.0914396616890243,0.159616243709834,-0.572871905538962,0.566731428225226,0.702387000439106
"YKL059C",62.1429537348164,-0.0321898648177916,0.179503198659414,-0.179327527632909,0.857680533262758,0.915457763175276
"YKL060C",20849.982230622,0.910971368571337,0.0109410685299254,83.2616454306723,0,0
"YKL061W",20.8393939402412,-0.761915231097791,0.32627688098923,-2.33517995141967,0.0195340220222297,0.0532574360611262
"YKL062W",171.319501026953,2.07770809266975,0.114291314793661,18.17905495637,7.5625807958418e-74,2.54311892506978e-72
"YKL063C",74.9416274713869,-1.00605036213093,0.172638234313507,-5.82750609174999,5.62617969443021e-09,4.71108715605136e-08
"YKL064W",281.061795469207,0.111383282700907,0.0829849941257896,1.34220992450841,0.179527939462508,0.310763498774367
"YKL065C",262.283669412623,-0.573135981626355,0.0905109079036536,-6.33223105259802,2.41641258235099e-10,2.23996486006202e-09
"YKL065W-A",1.43977202120232,0.412868889552986,1.21691903326509,0.339273919025841,0.734403388316698,0.831315706524291
"YKL066W",24.6514227427165,-1.62006456333223,0.325785596167434,-4.97279370969986,6.5994876425129e-07,4.61526115884586e-06
"YKL067W",277.406783958859,-0.246247357070271,0.084841764596021,-2.90243087520389,0.00370278866877765,0.0131363804511853
"YKL068W",89.0741544532661,-0.245638380108116,0.153957772680885,-1.59549190554517,0.110602278655913,0.216211380848077
"YKL068W-A",18.4321342456693,0.743397869104395,0.345030150136369,2.15458813906719,0.0311940780155998,0.0783507990522932
"YKL069W",43.3656951437987,-0.299010672228136,0.226598593618815,-1.31956102398028,0.186981623169454,0.319690988072277
"YKL070W",17.6515908602806,0.302833146692146,0.332700714793052,0.910226919351571,0.362702850300619,0.515529128138478
"YKL071W",8.75958442692349,0.0407959948667105,0.47814658719813,0.0853211043620935,0.932006113853948,0.961197822477106
"YKL072W",41.3456040480274,-0.375413864786056,0.228898804511059,-1.64008661202037,0.100987159666158,0.201020410393404
"YKL073W",96.0192010332234,-0.120198936959402,0.141412802680979,-0.84998624368237,0.395332734386879,0.547526342974618
"YKL074C",33.3242246398043,-0.597147590643358,0.252675787516562,-2.36329565453207,0.0181132127783994,0.0500926208158534
"YKL075C",43.0170262780489,-0.57447311745637,0.236110101491982,-2.43307301901218,0.0149712813799552,0.0428137756990629
"YKL076C",17.9959040311563,-0.587520490875166,0.335050027677166,-1.75353064420954,0.0795109641845425,0.167391853672116
"YKL077W",176.348595118404,0.181643336119703,0.106373544430438,1.7075987934057,0.0877108124320632,0.180269101493987
"YKL078W",10.1674421296395,1.37916003850008,0.441708439971323,3.1223311888485,0.00179424970759404,0.0069377655360303
"YKL079W",77.7494989545189,-0.287338359508934,0.170160965584078,-1.68862675715693,0.0912909796755397,0.186174701131859
"YKL080W",297.286375825585,-0.0457313942618639,0.0817959177514653,-0.559091401123679,0.576099342948704,0.711162642850932
"YKL081W",1331.3419374617,0.718976435788898,0.0384516508538601,18.6981942211389,5.12097741925959e-78,1.83947836616813e-76
"YKL082C",77.1081905802661,-0.0391315335579406,0.168665893602645,-0.232006203044995,0.816533195911195,0.888030769748938
"YKL083W",8.27811070663118,-1.34190847337342,0.629771028982701,-2.1307878762557,0.0331066215992772,0.0821428813777985
"YKL084W",38.6097658161027,-0.390830013732419,0.247704838196944,-1.57780532902502,0.114610339206476,0.221783460196921
"YKL085W",443.351300123548,0.661894311091288,0.0665132196834964,9.95131966608919,2.48860934411734e-23,3.72819627334355e-22
"YKL086W",21.5753106722427,0.271067011952919,0.297554995069464,0.910981218411873,0.362305269701251,0.51541267215376
"YKL087C",76.9779425331436,0.268062908643354,0.161291566830317,1.66197721251827,0.0965173435853376,0.194511522520403
"YKL088W",122.249847793251,0.195309422238889,0.125071381507431,1.56158363236185,0.11838610780084,0.2268678307114
"YKL089W",22.3115264203961,-0.38582954760984,0.297772726596711,-1.29571822113981,0.195072581437488,0.330205233691629
"YKL090W",30.2686326206336,-0.0601376020896439,0.254811736473687,-0.236007975621067,0.813426481324892,0.885823688895488
"YKL091C",95.4333342647162,0.0586728837755756,0.149688014158602,0.391967814560013,0.695081995044514,0.803934938286025
"YKL092C",46.4613963720592,-0.708888118612451,0.223498466451215,-3.17178068318955,0.00151507378513147,0.00594555957144701
"YKL093W",39.2301138046782,-0.287733887897191,0.230056787813514,-1.25070809964725,0.211040994292156,0.350092145346369
"YKL094W",234.27024392406,0.0610706391209937,0.096662597864823,0.631791825069687,0.52752291616287,0.668594528717907
"YKL095W",22.9899084239643,-0.135006634506644,0.287957010693101,-0.468843019941373,0.639181847322744,0.763011534379894
"YKL096C-B",1.54647559257732,-1.50355183522247,1.33349944713128,-1.12752340352073,0.259521251203648,0.407709361780674
"YKL096W",356.327044998164,1.01796905789174,0.0780540028298874,13.0418559072534,7.07144906037724e-39,1.50019130737265e-37
"YKL096W-A",1340.07517750133,1.05660940517697,0.0428466691753388,24.6602460707756,2.85740197379497e-134,1.68827058675998e-132
"YKL097C",1.12997739816389,-2.06742522407514,1.39785765751654,-1.47899552787669,0.139141510061027,0.256085189696016
"YKL098W",100.874578842013,0.212351998540215,0.138094520397864,1.53772936050184,0.124114801674807,0.235147001413737
"YKL099C",26.124468070761,-0.0489698337548288,0.275339522638664,-0.17785254105744,0.858838783265622,0.915671619104684
"YKL100C",247.034700636203,-0.260789115476756,0.0913903967885708,-2.85357241724296,0.00432306736423617,0.014885856141994
"YKL100W-A",0,NA,NA,NA,NA,NA
"YKL101W",174.350468373088,-0.246196983129569,0.109082579173318,-2.25697801606244,0.0240094484862208,0.063271251909082
"YKL102C",1.67865572473737,0.375791449793246,1.13951761440642,0.3297811679629,0.741565317871175,0.83642746468895
"YKL103C",288.071612162513,-0.0480661645221231,0.0854148878219991,-0.56273754784167,0.573613612249881,0.709386787293378
"YKL104C",401.9188602627,-0.440216683935218,0.0734535801871374,-5.99312767075043,2.05843120158549e-09,1.79001403802249e-08
"YKL105C",131.574672518791,-0.0474442226074678,0.124099631080531,-0.382307523353396,0.702233274945155,0.809053630959188
"YKL106C-A",0.273204494349373,1.39324037981611,2.55069013531215,0.546220946452051,0.584914069364936,NA
"YKL106W",48.2766969875571,-0.0361020015062174,0.203069779787792,-0.177781260923925,0.858894764519262,0.915671619104684
"YKL107W",12.8106240994328,-0.877033835005533,0.420790164038496,-2.08425459993713,0.0371370146250095,0.0902653619605192
"YKL108W",37.4788392307729,-1.41704775171417,0.260531291834187,-5.43906930233946,5.35596198600683e-08,4.15464928534174e-07
"YKL109W",182.266310106176,1.61561661230303,0.112713195185315,14.3338728854839,1.34411018988528e-46,3.2433071070438e-45
"YKL110C",49.9196467291036,0.200414554825243,0.199086465977663,1.00667091477594,0.314092943584442,0.467614983524064
"YKL111C",15.3400888731475,0.237144565190802,0.380889359688282,0.622607482091071,0.53354249319657,0.673625146386625
"YKL112W",76.3230051064455,-0.143498036548966,0.170247633375255,-0.842878304408916,0.399296508459389,0.552133098530241
"YKL113C",69.8416238795456,-0.436935832313204,0.172235840841076,-2.53684616499983,0.011185609471545,0.0336740109900512
"YKL114C",67.9307668390036,-0.407815398467087,0.170576107485515,-2.39081196352026,0.0168111603327387,0.0470891252209011
"YKL115C",1.66681229739898,-0.919578725673868,1.19985820270356,-0.766406166663561,0.44343466469239,0.59317986697566
"YKL116C",56.2437515534796,-0.14466819557688,0.190291371071858,-0.760245694599839,0.447107735915222,0.596709965475202
"YKL117W",815.998137853315,-0.0254604870382931,0.0497808234538412,-0.511451705131015,0.609034797517307,0.739876631418988
"YKL118W",1.18105010062129,-0.92397074479726,1.37494766165616,-0.672004302828746,0.501580957059816,0.644230114637419
"YKL119C",31.8272051852956,-0.239901141930773,0.263054090506571,-0.911984076996436,0.361777099745769,0.515008967483169
"YKL120W",63.8070086325817,0.153546899784266,0.192396755095728,0.798074269536764,0.424827392056586,0.575848793435192
"YKL121W",57.2036326943398,-0.310351987942898,0.193714836583139,-1.6021074762113,0.109131845058257,0.214264448589535
"YKL122C",79.519189259012,-0.493238862911159,0.159706744283014,-3.08840346802823,0.00201235058563841,0.00770101719273972
"YKL123W",9.83218021503074,-1.14922331966314,0.503275416888261,-2.28348788972996,0.0224016454049716,0.0597818498312497
"YKL124W",62.0083406398973,-0.560212979017947,0.180982719155717,-3.09539486217986,0.00196551041780489,0.00755377316800154
"YKL125W",27.6627974317885,0.113141202592703,0.266310762715093,0.424846526814033,0.670948557845706,0.785070661243856
"YKL126W",292.438461304066,0.155685799122298,0.0829541948752706,1.87676824971162,0.0605498638516373,0.135359349105393
"YKL127W",163.08729305471,0.166548195259483,0.11939461941396,1.39493886807441,0.163034274968448,0.290012010790806
"YKL128C",128.173550260872,0.201515457540173,0.127787479877983,1.57695775621045,0.114805245554931,0.221956808072866
"YKL129C",172.815146640596,0.188695957178555,0.109818515015181,1.71825267490158,0.0857505373830191,0.177219646072392
"YKL130C",37.4195257611398,-0.188786135171449,0.232510102870109,-0.811948095334651,0.416821415346158,0.568531820457047
"YKL131W",4.46851387231251,0.290768488284851,0.653195270402775,0.445147877610253,0.656212891063748,0.776015319361207
"YKL132C",20.362937524971,-0.69672927322516,0.321124339201114,-2.16965576311801,0.0300329336015452,0.0760385287260588
"YKL133C",38.6620432498611,-0.521833206003291,0.235941838785947,-2.21170271745111,0.0269872126230493,0.0693831468901658
"YKL134C",29.4558801044046,-0.15855220644756,0.265798355894949,-0.596513119555279,0.550832492056805,0.688689337050115
"YKL135C",115.486217689047,-0.270665912048088,0.133680104074763,-2.02472846592575,0.0428952539636163,0.101757521785359
"YKL136W",32.7136558304103,-0.158018181739009,0.252773585207557,-0.625137241334996,0.531880987461846,0.672510320546758
"YKL137W",23.0083006142455,0.353423132395501,0.299086230381309,1.1816763745523,0.237334136086836,0.382274244163306
"YKL138C",33.9409339928181,-0.313958568430123,0.25448417629277,-1.23370565904629,0.217312604427499,0.357854348718674
"YKL138C-A",27.1609658478773,0.506329595192415,0.276671543154665,1.83007471393387,0.0672387674398293,0.147393719748475
"YKL139W",38.9491721638871,-0.257886853014553,0.226491346252745,-1.13861680492982,0.254863016133155,0.402308111858628
"YKL140W",140.40587590357,0.10689258072989,0.117013646958435,0.913505249245499,0.36097687409262,0.514333062432623
"YKL141W",150.360108188685,-0.716851163668399,0.120681323104054,-5.94003401048493,2.84962951518751e-09,2.45106908775721e-08
"YKL142W",190.969731394285,-0.201185229914292,0.1074668422712,-1.87206793893309,0.0611972048969128,0.136565029777015
"YKL143W",57.3425151209265,0.584417473498051,0.182659420855749,3.19949264461745,0.0013766970005521,0.00544066527547948
"YKL144C",19.3127942425214,0.0476241904132011,0.317034114249504,0.150217873322368,0.880592725024802,0.929400201603806
"YKL145W",637.262332517174,0.142793986656,0.0571978197066116,2.49649352699879,0.0125427957923045,0.0370021255244746
"YKL145W-A",4.66478038920067,2.05161375061897,3.27048060847819,0.627312617387333,0.530454334316032,0.671512275039238
"YKL146W",156.407056707657,-0.135521460145881,0.118082584246351,-1.14768372500341,0.251099152214764,0.397458397671943
"YKL147C",5.89331852597768,1.11691017631086,0.628704760920496,1.77652571721514,0.0756463069749714,0.161185019445827
"YKL148C",276.062398812137,0.357707256455679,0.0846582020336652,4.22531128541371,2.38610713153529e-05,0.000135778301400235
"YKL149C",35.4776987054857,-0.7935357660907,0.247133024047334,-3.21096611490786,0.00132289532873357,0.00525005917655594
"YKL150W",285.590776008274,0.52230820276714,0.083184821520111,6.27888830224712,3.41002456203497e-10,3.11985170494719e-09
"YKL151C",199.494825718301,-0.133226869702811,0.103665771457523,-1.28515775100753,0.198737164027374,0.335044360261615
"YKL152C",8130.0132402073,1.05401526730393,0.0174242244679827,60.4913733314615,0,0
"YKL153W",2015.36319886213,0.351424597782068,0.0349943649401283,10.0423196244115,9.93108472517365e-24,1.50201716824277e-22
"YKL154W",67.3869760116081,-0.709023558467734,0.18276020699113,-3.87952919369448,0.000104658840157625,0.000530090229621936
"YKL155C",44.3341159891833,0.34963632047372,0.210580690511999,1.66034368879514,0.0968453314387379,0.194941391153491
"YKL156C-A",19.4831661087051,1.29683598942189,0.338437569800006,3.83183223478478,0.000127192464065257,0.000629194646181969
"YKL156W",309.583981410739,0.619960880312785,0.0791223108011229,7.83547490000744,4.67073952769553e-15,5.50903270412148e-14
"YKL157W",266.539358524803,0.129579413729703,0.0871269695947235,1.48724802816452,0.136949315407496,0.253304146286188
"YKL159C",44.9059045727422,0.542994435645564,0.213127378184821,2.54774604872531,0.0108421365267572,0.0329538399625765
"YKL160W",172.406840075586,-0.126700981016841,0.105549245135306,-1.2003968465565,0.229985253005333,0.37309899140357
"YKL161C",45.1636600728101,-0.830544308826175,0.219128625307856,-3.79021365948578,0.000150517757334136,0.000734238627983338
"YKL162C",21.2652522762947,-1.23501185385499,0.349059519603947,-3.5381125123196,0.000402998297074806,0.00180691860574959
"YKL162C-A",1.74709437066523,-2.65423234297703,1.32253671385306,-2.00692526352953,0.0447576213776545,0.105188729497967
"YKL163W",48.6574346100057,2.66882262434572,0.23279688491951,11.4641681106192,1.99668967722925e-30,3.53587454886367e-29
"YKL164C",618.922041163047,0.691986814646453,0.0597892811455135,11.5737604030113,5.59744467288001e-31,1.00817792655121e-29
"YKL165C",58.2914233386897,0.284628173177403,0.184000523554151,1.54688784401006,0.121890292796014,0.231965813081396
"YKL165C-A",0.165200267417077,-0.102044014609287,3.35691451348283,-0.0303981570574509,0.975749514633062,NA
"YKL166C",27.2476347338382,-0.060502356047385,0.274526209408116,-0.220388268857204,0.825568780920741,0.893400519168251
"YKL167C",33.3987492808532,-0.131957101174378,0.257613800174383,-0.51222838638712,0.608491178560173,0.739678247408905
"YKL168C",75.2761210035378,-0.0402696901930449,0.167367990010719,-0.240605686848876,0.809860742187015,0.883509855410925
"YKL169C",34.7689120373953,0.621395652587562,0.246944415854468,2.51633814207716,0.0118581352768644,0.0354166630762561
"YKL170W",44.852918359151,0.355540375148078,0.217098578408556,1.63769094092818,0.101486181333234,0.201643195164959
"YKL171W",97.8458330347762,-0.434563166938416,0.143968345020195,-3.01846330787132,0.0025406016513622,0.00947033233485368
"YKL172W",144.939573765667,0.626468131316129,0.115747715919921,5.41235847582121,6.22000106397328e-08,4.8071939763373e-07
"YKL173W",65.1118848785889,0.134913990875596,0.17437084292253,0.773718751451672,0.439097128659474,0.589253247163064
"YKL174C",72.2194156546704,0.236425094311571,0.169422524837681,1.39547615960796,0.162872299078671,0.289887014294865
"YKL175W",177.793363029691,-0.405145617256267,0.109391037012935,-3.70364545687926,0.000212523230542138,0.00100642087152614
"YKL176C",104.344818782057,0.0519117961071054,0.139732606073301,0.371508107992157,0.710259118079052,0.814781009707089
"YKL177W",0.528195231512096,-1.83223292885389,1.86736984214328,-0.981183741701078,0.326502140211907,0.478613715818633
"YKL178C",4.28364402203299,-2.68533168067508,0.991907277559114,-2.70724062765538,0.00678450622683697,0.0218167082228196
"YKL179C",115.469061471938,-0.30128574636473,0.143398072998123,-2.10104459610606,0.0356370516700136,0.0874262478299675
"YKL180W",1312.9362750306,0.565840947852288,0.0408439368939003,13.8537318114599,1.20771035103093e-43,2.77641630517001e-42
"YKL181W",415.010602037301,0.614682573649294,0.0670237220988758,9.17111963347085,4.68131214834239e-20,6.46184615760274e-19
"YKL182W",956.22517698747,1.31031423333923,0.0482050765910301,27.1820796895704,1.05797720604412e-162,7.27014336588146e-161
"YKL183C-A",0.683119837506332,-0.924154952795971,1.80148289772973,-0.512996795007386,0.607953562617285,0.739273403128769
"YKL183W",98.0378201289191,0.0760541949039562,0.149050130245188,0.510259164341867,0.609869907467347,0.74036755230741
"YKL184W",135.904705100956,0.174872266911982,0.125877771849548,1.38922277017258,0.164765019720372,0.292055111412446
"YKL185W",142.352741963663,0.70541764845287,0.12059549921759,5.8494525337143,4.93193596574963e-09,4.15729322339589e-08
"YKL186C",85.4067846553017,-0.315828743962708,0.15925933422941,-1.9831097843707,0.0473551679263781,0.110174471616374
"YKL187C",53.5157460748432,-0.227495711196385,0.197097109833881,-1.15423159369574,0.248405233063636,0.394875002119262
"YKL188C",44.8692868911486,-0.632223064984411,0.215516501861797,-2.93352508751201,0.00335136568721114,0.0120382578832664
"YKL189W",42.8326548790365,-0.75630991901471,0.225941764323778,-3.34736661581037,0.000815832380130265,0.00338344067787497
"YKL190W",159.480648787289,-0.426182551280649,0.111908439622536,-3.8083146607901,0.000139917158426716,0.000687300913421677
"YKL191W",109.183146696145,0.489826103072178,0.134788266922805,3.63404110947363,0.000279016375756324,0.00129511125369419
"YKL192C",163.66029326886,-0.115336616838957,0.115868145121804,-0.995412645276332,0.319535610926448,0.472318010819969
"YKL193C",66.928005145174,-0.430893112129435,0.181272164362506,-2.3770506279593,0.0174516926368716,0.0484965278462868
"YKL194C",45.0893736055004,0.144500851694824,0.215073390467288,0.671867641928498,0.501667961777921,0.644230114637419
"YKL195W",323.214005098068,0.0335211680626253,0.0802336870723157,0.417794187027853,0.676097601337366,0.789676970252209
"YKL196C",216.942377723428,-0.0505865704522724,0.0958347759102537,-0.527851919846353,0.597602117863267,0.729576738333467
"YKL197C",57.8192092800109,-0.0473451856869367,0.186717621174731,-0.253565707344948,0.799831092470679,0.87604507390846
"YKL198C",152.301702932123,0.599810264129972,0.11302344819752,5.30695420902168,1.11472166727494e-07,8.41967787396917e-07
"YKL201C",79.6995241755864,-0.314872081973823,0.171116849365735,-1.84009980981379,0.0657535852232328,0.144740308419665
"YKL202W",6.13998260204977,-1.07024035478627,0.639639311369059,-1.67319352604449,0.0942892044164246,0.190811891908014
"YKL203C",135.612692244484,-0.00388267233939046,0.126149077176569,-0.0307784442525565,0.975446231269087,0.98670821704463
"YKL204W",129.183201201649,0.0324627627587873,0.122939832245134,0.264054067473091,0.791738256882998,0.87049900174162
"YKL205W",54.7258190394238,0.163407790659815,0.195817642651775,0.834489622318683,0.404005132876648,0.55608979970524
"YKL206C",64.6290427356115,-0.112281628342279,0.179329569995288,-0.626118873453103,0.531236973759483,0.671996967050538
"YKL207W",293.464114966443,0.232854263710819,0.0814792097392133,2.85783655065021,0.00426540041126955,0.0147758144657787
"YKL208W",31.7673769435177,-0.342018179667832,0.254566846243277,-1.34352994003383,0.179100438023115,0.310380534413142
"YKL209C",127.97093124341,-0.502627887335914,0.126523684054386,-3.97259921011989,7.1092610928011e-05,0.000373605558010711
"YKL210W",459.852876969625,0.0866229277218449,0.0661381134482348,1.30972782871473,0.190287925788116,0.323822413683033
"YKL211C",196.792447855199,0.15501946750134,0.100098492064398,1.54866935859141,0.121461223385256,0.231288510313731
"YKL212W",283.54491963196,0.493515180375385,0.082974585331889,5.94778724595465,2.71791538061894e-09,2.34096199404264e-08
"YKL213C",178.516670774779,0.180498113687524,0.105105530057916,1.71730368124365,0.0859236997863485,0.177519486944214
"YKL214C",39.9707767793613,-0.652302587538264,0.228107186461018,-2.85963190225811,0.00424132995793912,0.0147004868388658
"YKL215C",75.2683623705243,0.0458050898366975,0.159686360752845,0.286844096269389,0.77423169707499,0.858829386536857
"YKL216W",612.419801211065,0.790237886364419,0.0582166984917759,13.5740759410473,5.70587546400965e-42,1.26570332222698e-40
"YKL217W",50.8599858458814,-0.417662079026376,0.20165766998556,-2.07114402867138,0.03834533835662,0.0926324910548536
"YKL218C",91.7043060354389,0.733897006025215,0.150130369570422,4.88839805114156,1.01659820038265e-06,6.94053328598175e-06
"YKL219W",38.3640141929008,-0.432277138437737,0.240989103021225,-1.79376217853163,0.0728511360932305,0.156588015955948
"YKL220C",31.7391235419313,-0.116131668889387,0.251565807675279,-0.461635346880247,0.644342842186079,0.767577812003088
"YKL221W",9.01260909114804,-1.35689434613046,0.520650641107818,-2.6061513018467,0.00915660040006608,0.0283904010442461
"YKL222C",26.899811131194,-0.496435540800415,0.287477187533408,-1.72686933895485,0.0841911320826974,0.174769779101343
"YKL223W",2.18156570982871,1.24446092021464,1.00633137156073,1.23663134766891,0.216223976524715,0.356538335834441
"YKL224C",0.200092317956257,2.11456972902607,3.08663792635185,0.685072165728654,0.493298383448626,NA
"YKL225W",0,NA,NA,NA,NA,NA
"YKR001C",279.844193137374,0.326934509539714,0.082538432866195,3.96099729770391,7.46373775434535e-05,0.000390287428312418
"YKR002W",109.396178306568,-0.391628770478344,0.135139849001852,-2.89795181340611,0.00375608293815163,0.0133030567703051
"YKR003W",96.2171223459798,0.04573576869091,0.142545334588347,0.320850688119601,0.748323544865831,0.840750213371563
"YKR004C",19.5960486648344,-0.257965046947296,0.327469906356098,-0.787751918390874,0.430841830405555,0.582145807536643
"YKR005C",6.99834412698592,-0.736319774281228,0.565314843287707,-1.3024950309088,0.192747215530435,0.327214795000915
"YKR006C",61.2280123928908,0.188109351560316,0.180298452774517,1.04332205110804,0.296799161562235,0.449105863905326
"YKR007W",113.988966752921,-0.00601242554464389,0.13255872687461,-0.045356693492773,0.963822999024596,0.979964068067444
"YKR008W",73.8773836725271,-0.506927633159712,0.167322331846005,-3.02964719393382,0.0024483956433136,0.00916445071464096
"YKR009C",58.747818556359,-0.149127027193656,0.180724707036144,-0.8251612612316,0.409280043444721,0.561394756922874
"YKR010C",37.6770515653282,-0.58628242308726,0.237406929105149,-2.46952532218464,0.0135292442873091,0.0393069312428163
"YKR011C",79.0437958628365,-0.486309939961691,0.168814165169384,-2.88074131382126,0.00396741115826674,0.0139576924555161
"YKR012C",15.5560773555681,-0.0433162634745377,0.354331849376264,-0.122247727803154,0.902702828560588,0.943131264610814
"YKR013W",373.158911066609,0.149679612408311,0.0742704561238071,2.0153318051366,0.0438698945526363,0.103719324368649
"YKR014C",199.91927346491,0.123510733770267,0.0985207738424703,1.25365168129672,0.209968637644144,0.348862477578522
"YKR015C",22.4806498596409,-0.686562476233195,0.314135199953251,-2.18556365646183,0.0288475439962112,0.0734195544058161
"YKR016W",103.45566557142,-0.239483953726153,0.137914883741891,-1.73646199183512,0.0824821792531163,0.171982960830541
"YKR017C",57.5826089765848,-0.440915937746187,0.188952888460523,-2.33347021756858,0.0196234796771508,0.0534278524501891
"YKR018C",289.511507425816,-0.0273368568654115,0.0822069231715221,-0.332537161236092,0.739483684038614,0.834973361402414
"YKR019C",44.9039234151171,0.296324568641095,0.207808983353821,1.42594686648635,0.153883679795764,0.27622164215469
"YKR020W",38.8642185014094,-0.444688924073852,0.232712410366143,-1.91089475363257,0.0560181074217006,0.126630887232804
"YKR021W",80.0892954693327,-0.204312410199539,0.159642033303869,-1.27981588539807,0.200609895698342,0.337128181741023
"YKR022C",57.8119611078987,-0.343612794946924,0.186954849039746,-1.83794534729545,0.0660704590417578,0.145286066804172
"YKR023W",64.0065074074603,-0.618525287505234,0.181678464523271,-3.40450525673619,0.000662840245146124,0.00282949090466833
"YKR024C",15.3246843096044,0.679152227781281,0.389074380607543,1.74555884846692,0.0808876382254072,0.169304174670411
"YKR025W",78.7118827187114,-0.108115796767878,0.157707849727829,-0.685544802966136,0.493000198795038,0.6375019956601
"YKR026C",96.9308122607397,0.345832718256049,0.141819936187827,2.43853387296711,0.0147469765394666,0.0422239065591068
"YKR027W",54.0676852906358,0.0460952052357807,0.191328432149232,0.240921878248746,0.809615665107837,0.883394931793535
"YKR028W",197.73049213466,0.125412856084178,0.0992582721570158,1.26350029432094,0.206409440904032,0.344487984528852
"YKR029C",48.6564910671847,-0.79738429355625,0.212128319336929,-3.7589714378953,0.000170613311375536,0.000823600169952182
"YKR030W",50.0849623910271,-0.524074046152687,0.202728527574336,-2.58510261196723,0.00973500203844791,0.0300071588917931
"YKR031C",119.292533212822,0.0693987791104324,0.125960170520396,0.55095812290279,0.581662382075316,0.715282937070637
"YKR032W",0,NA,NA,NA,NA,NA
"YKR033C",0,NA,NA,NA,NA,NA
"YKR034W",0.0756580883261497,0.671886301116372,3.5338115409304,0.190130767680801,0.849206660687331,NA
"YKR035C",195.429095580491,0.672421824061258,0.125137721233207,5.37345428248716,7.7242396374217e-08,5.92135093227419e-07
"YKR035W-A",17.032018580835,-6.83613823611693,2.56627537715317,-2.66383658471618,0.00772550820968113,0.0244325477246644
"YKR036C",59.6641414231357,0.0868714352831118,0.179654237668027,0.483547933022524,0.628706734086228,0.753923363598849
"YKR037C",23.1368096252788,-0.838424001525536,0.326158091591213,-2.57060616658367,0.0101520704245362,0.0311257949679525
"YKR038C",106.841109612712,-0.401621197768184,0.140698971561779,-2.8544714528481,0.00431085057803588,0.0148680836630348
"YKR039W",154.540073336248,-1.08599629514316,0.129093985523573,-8.41244687534152,4.01544710622883e-17,5.07713132111574e-16
"YKR040C",2.34110713425777,-1.61976394138106,1.13912861308443,-1.42193245150362,0.155045861351043,0.277760265545387
"YKR041W",5.95721794772471,-1.43098859927896,0.647004638897317,-2.21171304384739,0.0269864986527138,0.0693831468901658
"YKR042W",2416.94108562623,0.403895900379503,0.0286734754948962,14.0860461945534,4.62754521954169e-45,1.08755914044396e-43
"YKR043C",352.275821813521,0.649272835362586,0.0779736641340219,8.32682217224792,8.30413402097206e-17,1.04164157302749e-15
"YKR044W",71.9859527892756,-0.241348206274074,0.165044359229074,-1.46232326509926,0.143652646084433,0.261897807041356
"YKR045C",25.2142228169332,0.867874326497343,0.290200946868544,2.99059784560411,0.00278431911718353,0.0102221053767911
"YKR046C",208.169875250519,-0.00321962026351515,0.101978645280192,-0.0315715143564525,0.974813760311535,0.98667508688593
"YKR047W",89.8415379095072,0.287701476173527,0.163239798673103,1.76244689415273,0.0779938214831676,0.165240261198588
"YKR048C",392.435065755904,0.560148938606844,0.0697413401458505,8.03180634951094,9.6047891336055e-16,1.15880681111935e-14
"YKR049C",91.6261659996723,-0.0907790906677952,0.148189384600893,-0.612588350456301,0.540148563014045,0.678902859054745
"YKR050W",101.35174040348,0.348051023619359,0.140686070572192,2.47395511299577,0.0133626484714801,0.0388765134085123
"YKR051W",79.0241045571531,-0.5995775104296,0.163436064967448,-3.66857529608915,0.000243905863765758,0.00114220212646453
"YKR052C",66.4062570448117,-0.10739217006769,0.171244565607554,-0.627127463500385,0.530575686078702,0.671531428906818
"YKR053C",70.5194702396772,1.13898437102028,0.173770756075853,6.55452273294539,5.58201116676178e-11,5.43751534611217e-10
"YKR054C",82.4233835950088,-0.22201810780973,0.15656646029518,-1.41804386067841,0.156177959796854,0.279487319902944
"YKR055W",23.4050824769276,-0.360505535709041,0.298468842819035,-1.20784981207442,0.227105037263123,0.369374336397598
"YKR056W",34.7938209054882,-0.0337808479826548,0.258659067790667,-0.130599898434621,0.896091823076555,0.93930169299502
"YKR057W",1147.29031443375,1.22309582746865,0.0428579329113808,28.5383765474108,3.91571714933052e-179,2.87850742070553e-177
"YKR058W",203.830713176581,1.35907885789863,0.0987000136783677,13.7697940177338,3.87315872202978e-43,8.7763833120689e-42
"YKR059W",904.97078409192,0.659127581006804,0.0518161027863687,12.7205163175684,4.54844724937019e-37,9.27589790661882e-36
"YKR060W",10.3051556427597,-0.250667823924173,0.451917503314951,-0.55467606827673,0.579116248219527,0.713301246124897
"YKR061W",34.8390985023873,0.174794586445669,0.236116424760393,0.740289823645466,0.45912415441244,0.607786421137251
"YKR062W",83.0488278242905,-0.074256385996694,0.157691680373283,-0.470896028382198,0.637714984369398,0.761835625696019
"YKR063C",33.8843833215321,-0.311992898498624,0.256319585160065,-1.21720272878794,0.22352709221889,0.365539539964647
"YKR064W",41.5580470598815,-0.194855029452238,0.224249165014287,-0.868921984346403,0.384889803988787,0.537739964821461
"YKR065C",94.9529103908574,0.15025044764719,0.141251526468295,1.06370848799935,0.287460778103439,0.439180048131934
"YKR066C",374.698319229864,0.157973433470602,0.0717540957378359,2.20159465248898,0.0276939540070335,0.0708830677054518
"YKR067W",193.63153473702,-0.146731365292602,0.100841134310154,-1.45507452188415,0.14564863173697,0.264527167178375
"YKR068C",68.6054699933703,-0.271776351116524,0.174595377102627,-1.55660679925548,0.119563868525157,0.228639678407757
"YKR069W",74.6528929506838,-0.507283459256516,0.168817515372808,-3.00492196047464,0.00265648998636661,0.00981550537335458
"YKR070W",96.8009397805839,0.0611163093720961,0.141724216374917,0.431234061019036,0.666298190001714,0.781799769337571
"YKR071C",109.756004371966,-0.59707794199791,0.145159683907512,-4.11324911935145,3.90128985024344e-05,0.000216350477484553
"YKR072C",214.49494967815,0.843896136907327,0.0977505656622872,8.63315860312108,5.96805930490333e-18,7.71576092548033e-17
"YKR073C",0.656162461354722,-1.00713011479512,1.62271883213962,-0.620643635143607,0.53483412277351,0.67462516444017
"YKR074W",72.8552885878094,0.0280008981826106,0.173185027142003,0.161681980507768,0.871556295296434,0.923842143839255
"YKR075C",708.526559747241,-0.875368755636106,0.0558726641444068,-15.6672098787639,2.53464302097239e-55,6.76118699518457e-54
"YKR075W-A",0,NA,NA,NA,NA,NA
"YKR076W",103.294327639065,-0.716697935922126,0.147109958215181,-4.87185194406618,1.10557007527051e-06,7.52358882223911e-06
"YKR077W",39.6911257192489,-0.562707290207437,0.24013665156647,-2.34327948914404,0.0191150578966792,0.0523366808240821
"YKR078W",43.5063255670204,-0.265017058197998,0.218198132389377,-1.21457069909779,0.224529869898231,0.366593575848118
"YKR079C",36.2265909129943,-0.0213427570440355,0.235790414004222,-0.0905157961326339,0.927877341980374,0.958346766214659
"YKR080W",298.175427246944,3.63946485779199,0.114928003357897,31.6673460902156,4.37647731933324e-220,4.06883670776834e-218
"YKR081C",75.2353378949934,0.333409491291047,0.160015702646481,2.08360483238099,0.0371961270931024,0.0903395756752183
"YKR082W",58.5553610691169,-0.114682161150533,0.188344655661679,-0.608895223215332,0.542593890648701,0.680745897336989
"YKR083C",20.8771242980638,0.0944955552406238,0.328122329305352,0.287988798082333,0.773355313429172,0.858197699051997
"YKR084C",133.851823544869,0.106949989324502,0.121940830695129,0.87706462810552,0.380451535824642,0.533070613803942
"YKR085C",63.6613327659075,0.706750141847439,0.174295053368538,4.05490648293414,5.01543639347904e-05,0.000271701704195154
"YKR086W",45.6869706160282,-0.0215178178177777,0.216131408932907,-0.0995589577841387,0.920694478818417,0.954309846652477
"YKR087C",50.3754303745795,-0.686970487707265,0.209320847526804,-3.28190190238598,0.00103109469354374,0.00418662855014998
"YKR088C",99.1642613953573,0.0154866611628954,0.141152500468758,0.109715811703407,0.912634760196623,0.948803972037996
"YKR089C",274.966755861154,-0.0648284730759973,0.089298580312684,-0.725974285918061,0.467854534393702,0.615306088295607
"YKR090W",94.3226568340193,-0.200479840022041,0.146012194989924,-1.373034903255,0.169741496317903,0.298416501591152
"YKR091W",135.949770530607,0.641640117815616,0.121436505032426,5.28374987113047,1.26566032196662e-07,9.49170172653974e-07
"YKR092C",64.3688995026605,0.441995764466034,0.177248863324746,2.49364512795905,0.0126438884313121,0.0372482118652167
"YKR093W",65.8237712340005,0.818724319104258,0.179116884615485,4.57089414469124,4.8564756918742e-06,3.09190728338657e-05
"YKR094C",1029.1713253183,0.534488400330646,0.0439514164609649,12.1608913515984,5.02078433168637e-34,9.64784150301557e-33
"YKR095W",194.276529744456,-0.145271266589198,0.102029708400538,-1.42381340559072,0.154500494039803,0.277141720130268
"YKR095W-A",23.0770776758808,-1.13278094019475,0.321872989492014,-3.51934140849322,0.000432619597882462,0.0019260711956429
"YKR096W",119.927757036504,-0.681565259957551,0.13205894969761,-5.16106830713258,2.45544558602279e-07,1.79046447460624e-06
"YKR097W",19.8120174475852,-1.31149711712955,0.35146814181281,-3.73148220594072,0.000190356457937606,0.000911692065970868
"YKR098C",106.2227179403,-0.569829779193644,0.14006545830052,-4.06831053214444,4.73552443312057e-05,0.000258755276285119
"YKR099W",37.082400548646,-0.61091257744276,0.238425033952556,-2.56228369695577,0.010398633857844,0.0317572689353596
"YKR100C",103.649211768669,-0.860704053783676,0.143738401576887,-5.98798960014369,2.12450644321549e-09,1.84240462743599e-08
"YKR101W",25.4868700001523,-0.77536044004312,0.300682077105964,-2.57867195645943,0.0099180922871277,0.0304823429456594
"YKR102W",22.3933204225387,-0.129021732082238,0.298371795728822,-0.432419330275776,0.66543667135446,0.781368988912127
"YKR103W",9.51859781652816,0.195323173759045,0.448897487872052,0.435117546959223,0.663477107472866,0.78037251598948
"YKR104W",5.81325329424444,-1.77992622193712,0.700470429399058,-2.54104405729752,0.0110521991701925,0.0334155921348431
"YKR105C",16.3496203252186,-0.580752622657525,0.383132304797021,-1.51580176191408,0.129569486418888,0.243284316346958
"YKR106W",16.1394943195728,-0.915475601078379,0.386404308026008,-2.36921685929226,0.0178257980431071,0.049384178452464
"YLL001W",106.020171013219,-0.307456060518479,0.138964620525361,-2.21247724317261,0.0269337069025212,0.0693831468901658
"YLL002W",24.2694478549732,-0.943625976564902,0.303695915391192,-3.10714082324556,0.001889063868644,0.00729100230620717
"YLL003W",45.6076391336646,-0.519037951128752,0.211764390861602,-2.45101619312365,0.0142453544578786,0.0410292168030562
"YLL004W",13.6348324824015,-0.282578465999166,0.395916211197629,-0.713733002102589,0.475392295203888,0.621084953560442
"YLL005C",27.5349888422937,-0.508315753927377,0.27867604992468,-1.82403817645888,0.0681463008955287,0.148849517077149
"YLL006W",28.8205299717388,0.286582568072663,0.261654320285155,1.09527168426013,0.273397628808163,0.4232173872001
"YLL006W-A",0.290339781559421,1.3932410180774,2.50214916173666,0.556817730686526,0.577651968354956,NA
"YLL007C",24.47883857654,0.0210309498440326,0.306772160105808,0.0685556011235793,0.945343360843586,0.969575069314268
"YLL008W",72.7892035088793,0.620739975527938,0.168309575131319,3.68808473934786,0.000225948408044849,0.00106491217131154
"YLL009C",38.5765695582978,0.701104723104796,0.228397824353825,3.06966463051185,0.00214299260458655,0.00815653175568704
"YLL010C",96.5298282820276,0.340520501535197,0.142362049617404,2.3919331201703,0.0167598960774048,0.0469871676280944
"YLL011W",25.7402329166143,0.79965483189372,0.270321268968809,2.95816468657518,0.00309476735448266,0.0112378628460881
"YLL012W",59.484146597634,0.690091908936884,0.188984178700758,3.65158561780767,0.000260626180205524,0.00121599904889987
"YLL013C",40.7377639027501,0.63677453979029,0.222034331716537,2.86791026805366,0.00413192702968653,0.0144480324566804
"YLL014W",53.5166684666806,-0.202387070241603,0.201518009206642,-1.00431257255062,0.315227975479518,0.468690324783987
"YLL015W",201.012478386771,0.0667749625523293,0.0999812245548431,0.667875022031771,0.504213372730953,0.646186284695943
"YLL016W",45.5895683493597,-0.752157696218199,0.217653583061343,-3.45575609479497,0.000548751629203338,0.00238926157012638
"YLL017W",8.91323044118264,-0.15331948552637,0.47214357427094,-0.324730641019774,0.745384942174472,0.838483380180402
"YLL018C",636.619159502969,0.807198603910288,0.0562917126617953,14.3395637784197,1.23831343730353e-46,2.99947032591299e-45
"YLL018C-A",43.6087037404698,0.63095186361422,0.21186517414378,2.97808200976924,0.00290058362515001,0.0106119731934018
"YLL019C",130.247753645557,-0.136619211551224,0.123546184033696,-1.10581490330743,0.268806643047369,0.41867346571704
"YLL019W-A",0,NA,NA,NA,NA,NA
"YLL020C",13.2955951975633,-1.10059099167292,0.426373651148097,-2.5812828459483,0.00984338969432008,0.0302674657818539
"YLL021W",173.2313552431,-0.191066257594178,0.11264608432514,-1.69616421856873,0.0898547846699204,0.183838818344089
"YLL022C",83.3586791589626,-0.405109098671594,0.158664151795512,-2.55324907414312,0.0106723146703515,0.0325158425763672
"YLL023C",193.355487588834,-0.361094651113853,0.10366323415038,-3.48334348309092,0.000495192580446497,0.00218465282176047
"YLL024C",2353.83428056391,1.3673581787716,0.0314035732605322,43.5414838759795,0,0
"YLL025W",7.53362502892052,-0.798439760245017,0.562352178603504,-1.41982158267403,0.155659629958911,0.278697304049911
"YLL026W",1085.93768839455,1.91207954899737,0.0452267469178516,42.2776272737548,0,0
"YLL027W",153.034437981165,-0.121842858218593,0.113456013088572,-1.07392155692509,0.282857840738245,0.433415973776928
"YLL028W",64.0097832791033,0.625867906324884,0.180742215721235,3.46276548523773,0.000534654171006465,0.00233431192617602
"YLL029W",236.328819960549,-0.159233064123806,0.0926525591623491,-1.71860405760398,0.0856864923432548,0.177145194438867
"YLL030C",0,NA,NA,NA,NA,NA
"YLL031C",90.873719718628,-0.0654348645687201,0.157550946645771,-0.415325112046709,0.677903920288057,0.791159051885009
"YLL032C",24.8250868229598,0.287865672158001,0.292302964107637,0.984819545148359,0.32471271826904,0.476737994634666
"YLL033W",7.05677327630596,-0.0433986780844659,0.548865399135794,-0.07906980136259,0.936977103308808,0.965222298699411
"YLL034C",38.1083251656104,0.303335510346792,0.229130721520315,1.32385351180373,0.185551700097684,0.318242182983099
"YLL035W",15.057736551893,0.525297404956964,0.35465475641234,1.48115144505838,0.138566221572813,0.255249316079058
"YLL036C",84.5337374092773,0.050162169928122,0.157002375756555,0.319499432326441,0.749347821787836,0.841302953177535
"YLL037W",12.4949701438145,0.463841750531385,0.397031095615186,1.16827562287704,0.242695605043831,0.388632627934928
"YLL038C",22.0423569303873,0.62916168777399,0.300720494546288,2.09218094271638,0.0364223325919282,0.0891106759466602
"YLL039C",525.898374202384,0.571055765144592,0.0624761919896166,9.14037406824507,6.22366774090216e-20,8.53493003426973e-19
"YLL040C",223.027206857321,0.545631506384144,0.0932856952153639,5.84903725190098,4.94426360572760e-09,4.16213508860318e-08
"YLL041C",163.386372564601,0.444171778094584,0.111694819902247,3.97665512584483,6.98914122036978e-05,0.000368825966570766
"YLL042C",2.79748559080784,-0.635732746339614,0.869481991716819,-0.731162637519772,0.46467981846945,0.612987642182108
"YLL043W",328.054148110565,-0.350172702815341,0.081517551052915,-4.29567250601084,1.74164540115994e-05,0.000101480942176342
"YLL044W",86.1596104767866,-0.0762027396963605,0.157192670914926,-0.484772853930334,0.627837480834236,0.753493901059669
"YLL045C",2398.62164979533,0.753885481602622,0.0305383066227161,24.6865515798391,1.49153206060115e-134,8.98044351154328e-133
"YLL046C",0.302026829753213,-1.02489581981477,2.43121852520038,-0.421556437313793,0.673348808804431,NA
"YLL047W",0.588293928536624,-0.662031840076737,1.75583662714391,-0.377046377688119,0.70613913958343,0.811625721298183
"YLL048C",218.783817075384,0.447792215501534,0.0953490012134901,4.69634930416219,2.64852468708695e-06,1.72618279090347e-05
"YLL049W",30.4727374115705,-0.091510438438403,0.257664453060301,-0.355153523707001,0.722474580679415,0.822940904204905
"YLL050C",563.728091504063,-0.337855010876112,0.0605792848966375,-5.57707162526881,2.44601175145775e-08,1.95990954280303e-07
"YLL051C",103.595104903508,0.440620989838662,0.135898179166849,3.24228766374928,0.00118574270432829,0.00476558510919483
"YLL052C",12.0598624559104,2.90780375429432,0.478898206150057,6.07186186323529,1.26435673112148e-09,1.12000428622042e-08
"YLL053C",14.4586143000972,2.21091466663157,0.39876059968175,5.54446619950942,2.94852282305239e-08,2.3447246902311e-07
"YLL054C",19.3784212467979,0.162546100116121,0.315227572985288,0.515646834370376,0.606101093399517,0.737446326495717
"YLL055W",45.7645045882622,-0.438742739712208,0.212799908941751,-2.06176187712705,0.0392304122435938,0.0942663117461041
"YLL056C",19.6212971297752,-0.758065785369933,0.342348024252387,-2.21431330595637,0.0268072339285497,0.0691736052637923
"YLL057C",22.6520796505148,-0.697692547709571,0.309408123754955,-2.25492640349072,0.0241379486991538,0.0635039998651894
"YLL058W",84.2566142091327,-0.175716169960214,0.155585609342519,-1.12938574912399,0.258735141880529,0.407200290507519
"YLL059C",5.08554391050164,-0.398567662189168,0.632674616428875,-0.629972582808647,0.528712522521133,0.669623759940132
"YLL060C",69.841749090288,-1.00672540076741,0.17966466195458,-5.6033578880521,2.10238498301506e-08,1.69315641562054e-07
"YLL061W",118.320588556187,-0.687817671814908,0.137812275431195,-4.99097536603924,6.00751597710806e-07,4.22464026777276e-06
"YLL062C",21.9137291334287,-0.228739287438491,0.313666384724373,-0.729243867300255,0.46585250189756,0.613814923866025
"YLL063C",24.0807871997125,-0.0765242325229722,0.284919895616168,-0.26858156871594,0.788251697328439,0.868621771371279
"YLL064C",36.0654412254207,0.685921767646045,0.238823712688391,2.87208401512881,0.00407774541739455,0.0142822750851902
"YLL065W",0.430574433569313,2.86308060842242,2.39858054186745,1.19365623061101,0.232612468418784,NA
"YLL066C",21.9037137108762,-0.5397534020955,1.39930098157615,-0.385730739277786,0.699696094705505,0.807941317027982
"YLL066W-B",0.0756580883261497,0.671886301116372,3.5338115409304,0.190130767680801,0.849206660687331,NA
"YLL067C",0,NA,NA,NA,NA,NA
"YLL067W-A",0,NA,NA,NA,NA,NA
"YLR001C",72.5399315766798,-0.603923047797177,0.17947501349671,-3.36494220577534,0.000765596937020923,0.00320324542412063
"YLR002C",43.6835853116537,0.29533661769001,0.210993985767353,1.39973950734148,0.161591338503502,0.287931353443951
"YLR003C",14.9215048406368,-0.0527151491097352,0.364577413789213,-0.144592470942847,0.885032642078815,0.931908121789185
"YLR004C",15.727766448734,-0.309931146197417,0.381244269623641,-0.81294637294713,0.416248805386902,0.568137679079786
"YLR005W",76.2120027868982,-0.35682974223941,0.174096796951455,-2.04960544069577,0.0404029490757975,0.0966429981298494
"YLR006C",133.906681699837,-0.30596112477209,0.125333585668464,-2.44117427216537,0.0146395882075744,0.0420115645248684
"YLR007W",59.6207826245078,-0.151391747707015,0.192284925066543,-0.787330299838243,0.431088536850254,0.58233797648874
"YLR008C",29.4301173592566,0.780463533216381,0.265549052905411,2.93905598486312,0.0032921360137775,0.0118794999309939
"YLR009W",56.0216793084286,0.287330464033021,0.192307684519603,1.49411847348061,0.135144656327822,0.250773266012472
"YLR010C",9.79399689709721,0.0252321844834516,0.452565834197257,0.0557536220740291,0.955538081660384,0.975441910585653
"YLR011W",37.7192922225819,-0.210326390721725,0.235300840142149,-0.893861622400768,0.371395933614857,0.524099350962751
"YLR012C",0.384411000682398,-1.36777804980475,1.91987836259675,-0.712429535355956,0.47619883148858,NA
"YLR013W",0.215287216784657,2.1145715867717,3.00384866894647,0.703954100162222,0.481461358502601,NA
"YLR014C",11.4157693047598,0.0102646934505518,0.407374030630678,0.0251972209290328,0.979897653631184,0.98938581134569
"YLR015W",30.7440468744835,0.223647247189826,0.25794153160193,0.867046286811117,0.385916648984602,0.538936393832705
"YLR016C",52.0455045302635,-0.229302407775419,0.193435947869701,-1.18541775869849,0.235852313678629,0.380416460224779
"YLR017W",76.6986085073197,0.668378382492073,0.156587868344058,4.26839185921797,1.96887236261669e-05,0.000113777066512456
"YLR018C",56.3835964321451,0.123586506659039,0.193302297014073,0.639343187163687,0.522599699251927,0.663695319138346
"YLR019W",204.370823555448,0.0837861909572469,0.100824360029267,0.83101138388506,0.405967198408302,0.557900424057319
"YLR020C",77.4688924908259,-0.359396842431514,0.162468304011109,-2.2121043524092,0.0269594554675928,0.0693831468901658
"YLR021W",44.6307900348309,-0.14959836166212,0.226978911789898,-0.659084848378315,0.509841284715091,0.651945105576215
"YLR022C",35.6070873658185,-0.470053462050494,0.250987490849151,-1.87281629239844,0.0610937573820621,0.136382321387499
"YLR023C",99.2312258671918,-0.0150254014119198,0.141729188868041,-0.106014869145335,0.9155705547993,0.950186476316961
"YLR024C",52.2764182129241,0.690405478536761,0.20709060633666,3.33383290893646,0.000856580978877908,0.00353941499899747
"YLR025W",202.043055141275,0.0110162995482074,0.0986758850883859,0.11164125397345,0.911107860529831,0.948152081361249
"YLR026C",79.1687641628495,0.0261210771695627,0.159380533727022,0.163891264251263,0.86981674422991,0.922957612793134
"YLR027C",584.823691505648,0.0714696497844738,0.0576338072522684,1.24006469799305,0.214951464967232,0.354995601233763
"YLR028C",527.933484832908,0.233262724093119,0.0634594473871928,3.675776164105,0.000237127368228929,0.00111210624773241
"YLR029C",2175.90537746035,0.813104615182803,0.0312467380243695,26.0220639526807,2.78727708341959e-149,1.81661502282254e-147
"YLR030W",15.2811772651274,-0.392592994832744,0.385693707117236,-1.01788799658432,0.308731186655775,0.46185484193985
"YLR031W",4.5224069873944,-0.494357149347591,0.666742215135662,-0.741451700710152,0.458419606728138,0.607319520900102
"YLR032W",44.6644957681818,-0.105918328509043,0.209649956954613,-0.505215121660978,0.6134077505301,0.74248840838161
"YLR033W",71.723099952817,-0.382928561227007,0.173782898147335,-2.20348817581783,0.0275603594592965,0.0706269122422669
"YLR034C",83.3276015546971,0.148035389329152,0.160180560169508,0.924178247176167,0.35539351924381,0.508670552107622
"YLR035C",32.7614071551034,-0.329945488563138,0.253829879726412,-1.29986859277074,0.193646011161955,0.328476008201202
"YLR036C",23.9003828541982,-0.741970321815216,0.305812801532489,-2.42622387976257,0.0152568552411125,0.0434476751505915
"YLR037C",16.0931913942468,-0.273808687082651,0.360131326714378,-0.760302330765606,0.447073888991604,0.596709965475202
"YLR038C",39.7722932310238,-0.275150911170169,0.228725009451101,-1.20297693649891,0.228985245667697,0.371953937078926
"YLR039C",49.5174192361579,-0.450969646974023,0.214155074798662,-2.10580882754239,0.0352209617338876,0.0865734525978372
"YLR040C",21.7191497043532,0.412341980203759,0.304706693801711,1.35324227721788,0.175978243067149,0.30570451922165
"YLR041W",4.17497991252298,-0.508895720852739,0.698468363967327,-0.728588075145153,0.46625367511367,0.614094944597629
"YLR042C",7.65302227416245,-1.55891041865996,0.596909000932789,-2.61163831710337,0.00901095286125002,0.0280074945864418
"YLR043C",255.322614337678,-0.128390555408964,0.0882953623593568,-1.45410304661781,0.145917739050431,0.264855568842039
"YLR044C",16502.0574611435,1.3111235447386,0.0131165716570308,99.9593170396633,0,0
"YLR045C",93.2277326359893,-0.178933610317696,0.149415777144365,-1.1975549954461,0.231090305460189,0.374507283034944
"YLR046C",27.2857059570503,-0.753581777509772,0.279728059307015,-2.69397992956681,0.00706044161213173,0.0226579248080694
"YLR047C",23.9180260983829,0.21656692950583,0.288664367488414,0.750237832920345,0.453111476739764,0.602053542654221
"YLR048W",1268.04835052723,0.772955003033635,0.0426577261285613,18.1199298036682,2.21877915627217e-73,7.42175757986915e-72
"YLR049C",43.1485952078389,-1.03479763253697,0.233247520812356,-4.43647859121063,9.14424246962296e-06,5.59089950608862e-05
"YLR050C",80.6372000896434,-0.63315630122594,0.164179150117527,-3.85649639904153,0.000115023791698934,0.000576324881906644
"YLR051C",34.5007285812835,-0.408552020473457,0.268573292652694,-1.52119377335771,0.128211217561374,0.241318560013422
"YLR052W",55.2710523861516,-0.256096303587603,0.188361498266176,-1.3596000559823,0.173956520433834,0.303547646200027
"YLR053C",3.43907250220829,-0.153829659301922,0.764455123051694,-0.201227847996931,0.840520417284393,0.903241556700991
"YLR054C",16.6033059585724,-0.338255546164067,0.353004579120853,-0.958218578938782,0.337952550594575,0.49070648251238
"YLR055C",159.47379356929,-0.176281136374061,0.110537155268115,-1.59476816593009,0.110764088273753,0.216393870848785
"YLR056W",457.135138066211,1.19600848044658,0.0679137973822863,17.6106848173171,2.03962421940153e-69,6.5123759166952e-68
"YLR057W",45.1725496434365,-0.302871350190924,0.226252103094569,-1.3386454580903,0.180686119965372,0.312191147534029
"YLR058C",776.276700837153,3.2869185621159,0.06391016361192,51.4302949070036,0,0
"YLR059C",105.31465358636,0.165738768933276,0.136175424129495,1.2170975048748,0.223567119931514,0.365539539964647
"YLR060W",436.752297854939,0.780036569788251,0.0664908062265174,11.7314951352953,8.78922880278486e-32,1.61059433307843e-30
"YLR061W",701.529288496178,1.05980063726577,0.0565252392724346,18.7491579143584,1.96680630938766e-78,7.10522827882788e-77
"YLR062C",518.112097030774,0.763846457138205,0.0688199422167004,11.0992022447942,1.26568550793552e-28,2.13948229443004e-27
"YLR063W",4.82907616653682,-0.476232888460382,0.652021862090496,-0.730394049876634,0.465149354361433,0.613407221166662
"YLR064W",55.4182889827157,0.00391369460353409,0.189890076822409,0.0206103166054027,0.983556510753874,0.991070081186596
"YLR065C",113.325849478957,-0.115736554844504,0.136170340648193,-0.849939526431226,0.395358708585753,0.547526342974618
"YLR066W",105.292417948078,-0.109512718381476,0.139023028003608,-0.787730780677821,0.430854197004738,0.582145807536643
"YLR067C",28.2626696175763,-0.137046466067704,0.270588181639546,-0.506476170678677,0.612522413943567,0.741832701331653
"YLR068W",10.0801936652982,0.239413145656489,0.467738877497985,0.511852140530099,0.608754495613498,0.739678247408905
"YLR069C",145.06414866443,0.379101632659077,0.123456693917611,3.07072561745473,0.00213539285859161,0.00813723416709299
"YLR070C",39.9726404173167,-0.421389424287691,0.235027552930204,-1.7929362708075,0.0729831148587924,0.156725289448806
"YLR071C",90.8096430348494,-0.377948234967696,0.149245995260441,-2.53238443221313,0.0113289708088327,0.0340084299399053
"YLR072W",143.971807749283,0.0167600553884623,0.117940908636098,0.142105530492179,0.886996649811695,0.933418473798725
"YLR073C",3.96836121312943,1.25127209990219,0.698728875815198,1.79078344006084,0.0733280536846658,0.157412548521038
"YLR074C",98.9848561591534,0.206337593846096,0.141940716245106,1.45368854902626,0.14603267434613,0.264988107696968
"YLR075W",3667.9952246505,0.608404381560341,0.0236156151327331,25.762800508933,2.31695670704495e-146,1.46478003019382e-144
"YLR076C",310.376085287801,-0.378612689354353,0.0932318612777404,-4.06097962826736,4.88672358803449e-05,0.000265183403635657
"YLR077W",93.9230274831741,0.182055948581773,0.144848439902337,1.25687200155227,0.208799988430374,0.347285852895771
"YLR078C",68.6495193268209,-0.611641094798953,0.177268716157641,-3.45036116950853,0.000559837029621596,0.00243584975999156
"YLR079W",133.514575197775,-0.972942020515441,0.13126649067548,-7.41196032215696,1.24445994621276e-13,1.39494251417679e-12
"YLR080W",38.3081287279664,-0.313213300033488,0.23102507989419,-1.35575453616093,0.175177281067593,0.304856028765426
"YLR081W",17.47911893101,0.365123471544274,0.354664779357527,1.02948895068096,0.303249969335279,0.456017106195606
"YLR082C",24.0933291023736,-1.22100038410037,0.314807553976256,-3.87856126283572,0.000105076066637284,0.000531432714624727
"YLR083C",157.279447531644,0.521491847051376,0.110457274169363,4.72120872955617,2.34447188648573e-06,1.53593277371635e-05
"YLR084C",63.1703536484984,-0.375379380189359,0.179459758821254,-2.09171896059018,0.0364636633751884,0.0891450044027085
"YLR085C",74.0516858731992,-0.183575850586574,0.168607488308123,-1.08877637896543,0.276252510480705,0.425967895429029
"YLR086W",74.17390993698,0.00209713844320773,0.169047375726904,0.0124056255484004,0.990101996791513,0.994453134326664
"YLR087C",64.1217911877551,-0.0638685848309358,0.176814110639427,-0.361218822411644,0.717935872472499,0.819650688579249
"YLR088W",65.7345602209866,-0.488152501882605,0.18275741514928,-2.67104074263619,0.00756164680347788,0.0239983589817205
"YLR089C",294.632388772083,1.00332436730299,0.0818445848099959,12.2588973923226,1.50534210667717e-34,2.9282377841271e-33
"YLR090W",89.4272159670724,0.30755359225597,0.147396203794344,2.08657743102453,0.0369263491521961,0.0897963570782711
"YLR091W",36.5245180487632,-0.745785093663485,0.245287681260105,-3.04045066524417,0.00236224388634704,0.00888396351651005
"YLR092W",82.2078004258687,-0.553374073276094,0.167273284957961,-3.30820353898811,0.000938965397865738,0.00384404152093295
"YLR093C",173.737290287588,-0.522845872736111,0.111225898578959,-4.70075656313932,2.59199367483744e-06,1.69108194141613e-05
"YLR094C",75.555871416968,-0.0074688033429278,0.168964846946569,-0.0442032971822218,0.964742353852909,0.980156606821419
"YLR095C",131.755412255481,-0.211046711251207,0.123923157596122,-1.70304497839725,0.0885596514485003,0.181718311086471
"YLR096W",112.906109516048,0.321099274290453,0.131347094122269,2.44466218637123,0.0144987874793328,0.0416831898337163
"YLR097C",39.8209812403802,-0.523137325644263,0.234089032240261,-2.23477930870051,0.0254318409024962,0.0661957916235226
"YLR098C",29.6966130023305,-0.506438193899158,0.273336313743777,-1.85280245775864,0.06391067784298,0.14137274503965
"YLR099C",92.9959858220638,0.499642802439175,0.146296918492706,3.41526539032389,0.000637198948455733,0.00273480770681408
"YLR099W-A",88.7148370764894,-0.4621414823136,0.153072359814466,-3.01910470886936,0.00253522892659575,0.00945588039760374
"YLR100W",180.853900471815,0.0774308003559763,0.104340429381756,0.742097773746705,0.458028098584548,0.606928031702266
"YLR101C",52.9699512618604,-0.386896906070508,0.19675644238863,-1.9663747797712,0.0492553344984138,0.113979584443255
"YLR102C",33.6406473013431,0.0413528854420536,0.241231370682301,0.171424161480701,0.863890257851249,0.919601651816062
"YLR103C",30.279241770141,-0.61509729524061,0.267854956719986,-2.29638197766722,0.0216540505219772,0.0581111675080611
"YLR104W",46.8679780088761,-0.633019028459603,0.216008582527947,-2.93052720892562,0.00338387358292395,0.0121481253783334
"YLR105C",68.0362597281592,-0.543059749618084,0.171704226716355,-3.1627628509995,0.00156279582184351,0.00612143443971169
"YLR106C",350.470877161025,0.278572690390865,0.0734235680852681,3.79405002583576,0.0001482097931483,0.000724097613820366
"YLR107W",41.7403469458339,-0.0588197148353194,0.220265433509017,-0.267040151957894,0.789438246446253,0.869036368399967
"YLR108C",74.2956557593817,-2.0590240420626,0.202049745605752,-10.190678715727,2.18235222776665e-24,3.36508067900994e-23
"YLR109W",3981.10917442886,0.284550603848629,0.02479220551126,11.4774219550331,1.71312639592188e-30,3.04224299860059e-29
"YLR110C",10558.3626010594,0.632597237547917,0.0144709136871862,43.7150860838921,0,0
"YLR111W",6.30826745340539,-4.00813442093419,1.0817444325378,-3.70525079711386,0.000211181670633263,0.00100156828337846
"YLR112W",17.5569569279069,-1.79939709174052,0.392981627309834,-4.57883261377469,4.67578177877213e-06,2.98287511658904e-05
"YLR113W",456.188960794199,0.217239009306146,0.0643772106348916,3.37447067314229,0.000739577957920913,0.00310671883719336
"YLR114C",186.772549072757,0.247265198597211,0.100706345196328,2.45530902859362,0.0140763522388677,0.0406725012295628
"YLR115W",56.1945655037766,-0.0402462844348034,0.19270616921726,-0.208847929457977,0.834566953958316,0.899903169524897
"YLR116W",68.7375428251109,0.202571147661102,0.170895923649591,1.18534803718583,0.2358798677762,0.380416460224779
"YLR117C",66.0365102765733,-1.12436637410813,0.200417997616653,-5.61010681415326,2.0220177358538e-08,1.63677287145554e-07
"YLR118C",66.8020578846235,-0.143167777556331,0.171562656490877,-0.834492659910191,0.404003421863209,0.55608979970524
"YLR119W",19.6454546615573,-0.802178014467205,0.337195842436404,-2.37896769032227,0.0173611976139591,0.0483087549803915
"YLR120C",349.610943011823,0.694635874026298,0.0746539099847599,9.30474872874179,1.34309529822233e-20,1.88271584819546e-19
"YLR120W-A",5.68555365983569,0.807462702781779,0.630928644704697,1.27980035390485,0.200615359386337,0.337128181741023
"YLR121C",238.684190191841,0.74536157242536,0.0919854691648761,8.10303604680607,5.36043471142224e-16,6.52960852516597e-15
"YLR122C",7.61360029771568,-0.0799488777601932,0.535518381768198,-0.149292499533283,0.88132283345435,0.929698254054718
"YLR123C",4.38764599493236,-0.19106986546682,0.662413192342938,-0.288445139190256,0.773006019174887,0.85796068350134
"YLR124W",1.97560003348132,0.931761329159479,1.0631420667418,0.876422218918528,0.380800543736358,0.533383255181248
"YLR125W",5.70452025930667,-0.250242421085112,0.59955895404034,-0.417377506246492,0.676402305116296,0.789698129814446
"YLR126C",42.497206102843,-0.719631622257759,0.225390081961828,-3.19282736841826,0.0014088714610026,0.00556332628136066
"YLR127C",43.4355707268326,-0.67946390043985,0.229016758953591,-2.96687414294226,0.00300844080112853,0.0109558541156305
"YLR128W",27.3626367888692,0.0500668856859747,0.269457589156886,0.185806181383239,0.852596756905713,0.912496478272883
"YLR129W",52.3972450167934,0.35672778025067,0.194038186696611,1.83844111472982,0.0659974313704084,0.145226509266871
"YLR130C",145.025036020134,0.297324975039249,0.120331368868914,2.47088500558112,0.0134779151063821,0.039175806575884
"YLR131C",83.1009143481279,0.455360095355627,0.151965470270755,2.99647080711374,0.00273124387826991,0.0100564495040317
"YLR132C",27.6143347067432,-0.0522487924024317,0.287172285031274,-0.181942322173401,0.855627990475474,0.914683276131917
"YLR133W",108.056894027199,0.133666845901329,0.142351592036108,0.938990874562353,0.34773542958451,0.500998948457902
"YLR134W",37.9639058570442,0.172774331745795,0.228753114501292,0.755287341649808,0.450076592178929,0.59953312594926
"YLR135W",30.1990679531378,-0.641530734585393,0.277456735736867,-2.31218295307058,0.0207676032973042,0.0561320171208026
"YLR136C",34.0146483225098,1.07106293267294,0.246474063473899,4.34554012530556,1.38933371064259e-05,8.26281064786685e-05
"YLR137W",57.2887520059766,-0.892154688424161,0.196401376327584,-4.54250731388007,5.55890672702333e-06,3.50382934478978e-05
"YLR138W",291.077439281414,0.0882161639419658,0.0831778034765227,1.06057337720952,0.288883826790064,0.440742682872394
"YLR139C",39.8395333946309,-0.358195713621684,0.230095504838765,-1.55672625535506,0.119535492283152,0.228639678407757
"YLR140W",7.68194777694367,0.136033362079658,0.507202491102525,0.268203260957882,0.788542865042103,0.868647498309143
"YLR141W",43.5789481447447,-0.50519812814877,0.224146440831749,-2.25387530702746,0.024204013518819,0.0636513200773601
"YLR142W",27.7454967908921,0.468093149071797,0.275092854529589,1.70158236160747,0.0888336863108549,0.182162362911847
"YLR143W",45.6926091618961,-0.0544984246424095,0.211049856897268,-0.258225357001486,0.79623298931812,0.873466069489702
"YLR144C",57.2478439042637,-0.0543041422307594,0.193167959431386,-0.281123962745222,0.778615322383183,0.861162713104703
"YLR145W",23.72174218448,-1.15699752930983,0.321209904952712,-3.60199829292363,0.000315780438637224,0.00144947359671514
"YLR146C",56.4630454882773,-0.0606123586342631,0.185421294310913,-0.32688995543645,0.743751118516571,0.837822819233656
"YLR146W-A",19.4164359415059,-0.478856745095952,0.344921296066939,-1.38830727634463,0.16504349746852,0.29223818919408
"YLR147C",37.1008318665076,-0.0923001425525841,0.231979648803959,-0.397880344368419,0.690718389396559,0.801233331700009
"YLR148W",44.6178036089183,-0.312813189605255,0.216849601605399,-1.44253522851511,0.149151440841075,0.269025794293089
"YLR149C",119.470572083482,-0.579685188159787,0.132636405436372,-4.37048324894385,1.23971865213351e-05,7.41485460623281e-05
"YLR149C-A",2.29290101389311,0.751892754759957,0.981081470850582,0.766391759603897,0.44344323448303,0.59317986697566
"YLR150W",2279.45648398171,0.944585289875445,0.0295492969781395,31.9664217586715,3.1948725197411e-224,3.06030061663685e-222
"YLR151C",55.2708650452095,-1.25675494030887,0.215001756138237,-5.84532407028725,5.0558302140286e-09,4.2503934325916e-08
"YLR152C",68.9395927982851,0.344977005231065,0.17272816918626,1.99722492779427,0.0458007542834356,0.10716223855658
"YLR153C",635.288249586676,0.139703138753418,0.0574991468668017,2.42965585345195,0.0151131655795375,0.0431161700333195
"YLR154C",32.618166155985,-0.960400075877652,0.264444492368978,-3.63176433464007,0.000281490126112335,0.00130467784258225
"YLR154C-G",249.771758952413,1.03001957937978,0.0896010917572245,11.4956141624997,1.38790336889243e-30,2.47164087271492e-29
"YLR154W-A",255.864353476521,0.438615219183272,0.0935951049437708,4.6863051165633,2.78181454448099e-06,1.80746470197418e-05
"YLR154W-B",403.027953201653,1.76019763537161,0.0740327747387588,23.7759241306687,5.92764159858122e-125,3.25865653793308e-123
"YLR154W-C",1410.57010453489,1.3723409269729,0.0389942393380554,35.1934272925693,2.52046007624249e-271,3.00648086830283e-269
"YLR154W-E",250.165195799041,2.01195257932001,0.0973590465812537,20.6652863803559,7.11338708020468e-95,3.01817671953382e-93
"YLR154W-F",55.4186793600496,1.32475380677544,0.192152949911228,6.89426733957222,5.41431189208095e-12,5.54769526446285e-11
"YLR156C-A",27.4485923771433,1.11520353631204,0.26941580496273,4.13933969637123,3.48306882615034e-05,0.000194008468008127
"YLR157W-D",8.4208023412677,-0.831079982116219,0.515628291904029,-1.61178119037522,0.107009562688953,0.210817842106438
"YLR157W-E",2.90857078156988,-0.486680985792703,0.842738584810371,-0.577499351002438,0.563602176918163,0.699468583132436
"YLR160C",1091.10498887788,-0.634480773861792,0.0455981353925503,-13.9146210343823,5.16328765495952e-44,1.1913249837465e-42
"YLR161W",10.6730899541945,-1.192566428928,0.469136482494205,-2.54204580847692,0.0110205728883263,0.0333359147368416
"YLR162W",87.1856632910681,1.13538905875466,0.153768017658033,7.38377899414475,1.53858763289153e-13,1.70648263423513e-12
"YLR162W-A",0.431430391391855,0.0789976859790946,2.06530977203794,0.0382498001261785,0.969488515163999,NA
"YLR163C",82.0307713036539,-0.0487849561352306,0.15659439746228,-0.311537046828139,0.755392383816524,0.844916553942714
"YLR163W-A",0,NA,NA,NA,NA,NA
"YLR164W",27.2231129219747,-0.659589411573127,0.295150463749916,-2.23475648045061,0.0254333403754407,0.0661957916235226
"YLR165C",24.2209615870059,-0.515116303544524,0.29119305591383,-1.76898553410888,0.0768962887051751,0.16335293588512
"YLR166C",60.9718118864364,-0.300186175030716,0.188419682620865,-1.59317843473257,0.111120167620905,0.216888453133487
"YLR167W",5178.12549136293,0.787472768721789,0.0205470080966023,38.3254226123563,0,0
"YLR168C",29.6032796701484,0.304886814929512,0.259612328068043,1.17439266924798,0.240237780203858,0.385869727248168
"YLR169W",27.4157940130789,-0.46171090407165,0.277230608722625,-1.66543985239956,0.0958250341346795,0.193503667788085
"YLR170C",52.5476612511088,-0.172464842331006,0.196221334786599,-0.878930125098631,0.37943916349354,0.532360051399503
"YLR171W",13.756722576406,-0.663756635795819,0.413450847920688,-1.60540639627167,0.108404397694364,0.21316721686587
"YLR172C",148.580968593964,0.291503609286366,0.121168788611729,2.40576482298965,0.0161386502289169,0.0455688015842843
"YLR173W",77.8955885566332,0.302240331167567,0.159464742278453,1.89534267480773,0.0580470179539915,0.130874909951902
"YLR174W",21.5260441253109,-0.316036938548787,0.310722839094104,-1.01710237802337,0.309104729162054,0.462304257809914
"YLR175W",497.936363629259,0.877667218622704,0.0695753568187364,12.6146276318679,1.75384648525541e-36,3.51994205707451e-35
"YLR176C",50.3623770714053,0.358815287745109,0.198158852475428,1.810745688435,0.0701802269632473,0.152341714664642
"YLR177W",298.309434452675,0.121688994589645,0.0811042307670777,1.50040254914843,0.13351015962019,0.248762519634199
"YLR178C",213.970874818315,0.388321019391813,0.0935135625227989,4.15256363799784,3.28771285260157e-05,0.000184263480976481
"YLR179C",422.998073518956,0.694016219438556,0.0683298704336665,10.156849633021,3.08896533088735e-24,4.75144496882478e-23
"YLR180W",662.517876147347,1.54328842363829,0.0579087697468916,26.6503403609456,1.7735044486861e-156,1.1802205394309e-154
"YLR181C",81.6411387231448,-0.458233827277636,0.163210612084611,-2.80762274845266,0.00499086552987108,0.0168278676692506
"YLR182W",92.2620612246733,-0.653783602148179,0.149208080207427,-4.38169032963429,1.17762106808606e-05,7.05679658051189e-05
"YLR183C",34.5532600175646,-0.547548083469071,0.243083946337772,-2.25250614743697,0.0242903046764607,0.0637655452074129
"YLR184W",0,NA,NA,NA,NA,NA
"YLR185W",628.687597707749,0.367429415808103,0.0584441212724991,6.28684986287915,3.23972410430348e-10,2.968338519914e-09
"YLR186W",68.8047301712099,0.236041445018265,0.172246144394296,1.37037288032371,0.17057053327751,0.299374489555918
"YLR187W",40.1101181684286,0.000111826120082366,0.239946670523736,0.000466045725236702,0.999628149324666,0.999628149324666
"YLR188W",113.255828444066,0.00849674504295183,0.132396302091322,0.0641766039439011,0.948829606332072,0.971734023006291
"YLR189C",127.991376776459,-0.165589635349377,0.126762124974933,-1.30630214176452,0.19144982906347,0.325696139131908
"YLR190W",73.5936837599305,0.111818157035664,0.166541946733708,0.671411372502184,0.501958502083144,0.644248051136848
"YLR191W",46.5784894921603,-0.819358381265759,0.218532416118312,-3.74936769482366,0.000177280995582232,0.000851649281208868
"YLR192C",392.123920659359,-0.166682094567668,0.0722676357951735,-2.30645561783828,0.021085187324047,0.056882662419785
"YLR193C",36.2554147415199,-1.04160962979451,0.251374058482502,-4.14366397265697,3.41800473720237e-05,0.000190888921807362
"YLR194C",559.95538915275,1.50438044056185,0.0616581180861697,24.3987407864026,1.76363230521724e-131,1.03237809570216e-129
"YLR195C",85.7192264082415,0.0592022941382213,0.153640024670363,0.385331193907581,0.699992053105775,0.807987905739403
"YLR196W",147.842167071924,0.466607331846652,0.121273401030127,3.84756531838944,0.000119297476686816,0.00059506146733101
"YLR197W",305.085470103248,0.449118892587107,0.079633272072037,5.63983974161993,1.70208504155136e-08,1.38488824101515e-07
"YLR198C",20.1318139826047,-1.22158143397918,0.358163727209141,-3.41067880742113,0.000648013788480233,0.00277369205874884
"YLR199C",38.5991939406606,-0.462455683232687,0.231803322461295,-1.99503474895147,0.0460390900732554,0.107560653157103
"YLR200W",49.4344290151326,-0.0653903201996875,0.205823721404153,-0.317700602018015,0.750712054514741,0.841937486010678
"YLR201C",56.1316499276519,-0.418251474380746,0.19379528401938,-2.1582128610463,0.0309112859276295,0.077857031726882
"YLR202C",3.22711382799237,-1.70262892988661,0.949306470626447,-1.79355032602174,0.0728849711551715,0.156588015955948
"YLR203C",147.926837997825,0.323761147344119,0.11469520283629,2.82279589152685,0.00476068692231638,0.0161551598083114
"YLR204W",108.287519048244,0.433966149177781,0.131975737430149,3.28822674249096,0.00100820604249552,0.00410423605966301
"YLR205C",31.95158755736,-0.331406634429781,0.252985569830225,-1.30998236244139,0.190201802331226,0.323763003322027
"YLR206W",338.989896827134,0.170236979082321,0.0765780598471092,2.22305160802199,0.0262123202108169,0.067999297649891
"YLR207W",127.761171088721,-0.22531618668228,0.124707223053364,-1.806761317954,0.0707995023966808,0.1532857719698
"YLR208W",265.235855556531,0.167471430347319,0.0897513701283722,1.8659484541326,0.0620485775281216,0.137832433989032
"YLR209C",83.5283025456989,-0.263329156808605,0.158370343002954,-1.66274285838791,0.0963639191760101,0.194264252879699
"YLR210W",20.803900732941,-0.689898143127736,0.339944674013364,-2.02944242362395,0.0424132477835845,0.100730462036417
"YLR211C",21.1194008437217,-0.509969814463389,0.317023156399328,-1.60862007764828,0.107699441290967,0.212044804684365
"YLR212C",53.7132560624811,-0.213535213576157,0.193994769324513,-1.1007266552582,0.271015641562224,0.420973190652674
"YLR213C",34.3458668127522,-1.94681847792961,0.290505190097192,-6.70149293125635,2.06300837987267e-11,2.04425375823747e-10
"YLR214W",159.324444165953,0.722796385056909,0.113566210663295,6.36453731118917,1.95879303589377e-10,1.82378344225632e-09
"YLR215C",22.5016460850042,0.043707622066582,0.294734340077282,0.148294976605446,0.882109979616931,0.929949725645668
"YLR216C",272.720789908536,0.694326647168899,0.0847299196012645,8.19458640390988,2.51456286882696e-16,3.09884336388382e-15
"YLR217W",12.0771337417703,0.577082723049853,0.434130042021624,1.32928539191284,0.183753831870318,0.316106591859633
"YLR218C",93.5975885111214,0.180983659481965,0.147169223849553,1.22976567211484,0.218784866456577,0.359721923264208
"YLR219W",202.473285880337,-0.172547985376641,0.101870220470965,-1.69380202162045,0.0903029098303679,0.184636156516037
"YLR220W",177.928403598392,-0.246038810040446,0.105270638944063,-2.33720259046953,0.0194286525477665,0.0530116277112557
"YLR221C",75.6462536904112,0.196152165328049,0.161958664945483,1.21112485950705,0.225847555150013,0.3678174396953
"YLR222C",46.7637749020888,0.598802684843363,0.223314678960561,2.68143002345635,0.00733082446630469,0.0233949885290148
"YLR222C-A",2.4942147936773,0.401408912287393,0.871005263355722,0.46085704550267,0.644901171203004,0.768098192227843
"YLR223C",44.1694794246933,0.0155681883086035,0.212933150914113,0.0731130321500897,0.941716171258388,0.967699612626946
"YLR224W",164.597107205407,-0.503170038653622,0.115846711543729,-4.34341235887123,1.40286457578002e-05,8.31980285936332e-05
"YLR225C",153.728612344727,0.0105210143761783,0.115292564613919,0.0912549253406767,0.927290032856448,0.958283614868919
"YLR226W",14.5423039881277,-0.413099481491358,0.378510069463393,-1.09138306961556,0.275104358972852,0.424922980069966
"YLR227C",31.5981358164395,0.0692696405315216,0.249833496468208,0.277263223349782,0.781577996451189,0.863382158581935
"YLR228C",156.24764176544,0.116258740385568,0.11257257269028,1.03274481169964,0.301723336686909,0.454349060775135
"YLR229C",237.099397900488,0.178329692490258,0.0931835102548968,1.91374731433116,0.0556524503102645,0.125970207970459
"YLR230W",67.1955363269788,0.0423562601918985,0.170474317686144,0.24846123901126,0.803777556707997,0.87945339451505
"YLR231C",73.6861609959557,-0.17710141238724,0.16494394676493,-1.07370664920269,0.282954180297041,0.4334471354102
"YLR232W",3.99229923950237,0.60944719302102,0.781937097313563,0.779406930704333,0.435740042459584,0.586366229976477
"YLR233C",20.9001886162301,-0.469417384165779,0.313015093784355,-1.49966373343381,0.133701529381923,0.248925583462711
"YLR234W",16.3143439614767,0.515656188613701,0.341712644196116,1.50903455687685,0.131289951956866,0.245493959263919
"YLR235C",0.723860297876265,-1.2917353434503,1.56543207602643,-0.825162179332072,0.409279522278232,0.561394756922874
"YLR236C",2.45598756691568,-0.450929111933498,0.898500229271168,-0.501868666521405,0.615759907337886,0.744433323686738
"YLR237W",52.7551243264948,0.0539166178536077,0.194079535265756,0.277806816570222,0.781160658218354,0.863071947091303
"YLR238W",46.7355925218288,-0.609403288477714,0.213053355893953,-2.86033179773542,0.00423197981427339,0.0146841802337192
"YLR239C",47.3752977687224,0.0203758406201026,0.211224698887883,0.0964652369130279,0.923151082057559,0.95539260904418
"YLR240W",62.904511495428,-0.0595680561948596,0.176372160474308,-0.337740695780256,0.735558604130089,0.832027463823657
"YLR241W",158.343883513806,0.117173417400158,0.116130912134607,1.00897698335774,0.312985672775859,0.466343488873198
"YLR242C",18.7768955496526,-0.489000502939416,0.338465515153511,-1.44475723831903,0.148526086128325,0.268215219353384
"YLR243W",33.716974944548,-0.320182339860022,0.257198766773616,-1.24488287357086,0.21317480715687,0.352706393835574
"YLR244C",248.914478680775,0.583357731020502,0.0897185492331481,6.50208609040872,7.92137424198940e-11,7.63398292040503e-10
"YLR245C",21.5138692115803,-0.0884183789309936,0.304823590964221,-0.290064094617177,0.771767203808044,0.85731220060932
"YLR246W",39.6110634112785,-0.375320336288366,0.231381836019939,-1.62208210784542,0.104785768630941,0.207211645068755
"YLR247C",82.6777419261709,0.0218642098671382,0.15394256672158,0.142028357281334,0.887057606862186,0.933418473798725
"YLR248W",299.258285788594,-0.0610575720798874,0.0821114217106586,-0.743594140837556,0.457122048978436,0.606362902568542
"YLR249W",3832.23982764923,0.952770722094837,0.0240682627969678,39.5861857638879,0,0
"YLR250W",163.314880691074,-0.646231005384465,0.114067397748815,-5.66534363138112,1.46730180943238e-08,1.1984860515803e-07
"YLR251W",33.741971102576,-0.386692591272252,0.248470858585087,-1.55628951207504,0.119639264245833,0.228645534631849
"YLR252W",17.1565626796254,-0.22793178762463,0.34450043358059,-0.661629900594333,0.50820843997818,0.650515034934613
"YLR253W",108.98314350941,0.173834141874286,0.135563152632159,1.28231114797081,0.199733518851387,0.336186183753587
"YLR254C",47.3466817683077,-0.220914931905828,0.216957058840814,-1.0182426563402,0.308562652398094,0.461821280412109
"YLR255C",1.54796073942029,-0.126522994904507,1.12851109440427,-0.112114976566798,0.910732242711425,0.948152081361249
"YLR256W",582.575781463787,1.09715648607493,0.0643696639910083,17.044620370058,3.83224308592092e-65,1.15368765662819e-63
"YLR257W",584.44189845904,0.302306630495027,0.0585205448348904,5.16582050539608,2.39386438291119e-07,1.75162160055145e-06
"YLR258W",604.882971081714,2.30830602536,0.0644654312968049,35.8068809736546,8.63081321284514e-281,1.09128002263214e-278
"YLR259C",806.220427800028,0.973095240679912,0.0486481179515925,20.0027314858962,5.2137311281093e-89,2.0861524172093e-87
"YLR260W",65.1982846020576,-0.993077989772947,0.183386779942234,-5.41521035532529,6.12166937082756e-08,4.73698822060855e-07
"YLR261C",19.6425253191271,-1.29468499025941,0.363912395735184,-3.55768312767654,0.000374140258348893,0.00169313866376643
"YLR262C",62.6801903399878,-0.303192362980465,0.179975612937617,-1.68463025646457,0.0920599300580483,0.187242583504142
"YLR262C-A",133.973249671997,-0.00105132416694111,0.131450045618622,-0.00799789883672864,0.993618668031174,0.995981801061215
"YLR263W",15.6409772371111,-0.138768572938323,0.36294481157919,-0.382340698946859,0.702208670250774,0.809053630959188
"YLR264C-A",26.1187864486317,1.15655865505288,0.272689640290139,4.24130030690683,2.22228558682401e-05,0.000127142891220827
"YLR264W",167.593783570763,2.04373065261308,0.119792842107342,17.0605406521849,2.91841632565757e-65,8.82786029225223e-64
"YLR265C",20.6355815940678,-0.164639062087597,0.331655649047738,-0.496415672581831,0.619601169762221,0.746686731840785
"YLR266C",67.5101564988976,-0.429630934247861,0.189010462478197,-2.27305371678788,0.0230229430636007,0.0610532911275518
"YLR267W",42.5594073937779,0.392336262431292,0.212723741461508,1.84434637965544,0.0651326763553394,0.143573493695417
"YLR268W",93.2488669988839,-0.36069531769974,0.150927138790791,-2.38986388127136,0.016854618221346,0.047179890827691
"YLR269C",13.383553360698,-0.235095548258013,0.403321746197729,-0.582898270361939,0.559961785069237,0.696452894210582
"YLR270W",122.918206438989,0.171026245855371,0.12830463461468,1.33297013291056,0.182541605357782,0.314534758536902
"YLR271W",29.8055711671403,-0.0185451014437351,0.256185988626134,-0.0723892104450685,0.942292171085815,0.968016104258129
"YLR272C",35.7379669136875,0.0672259757692752,0.23838048145391,0.282011242528147,0.77793488975188,0.861100020286351
"YLR273C",20.7108931722226,-1.40470663942898,0.361964184184737,-3.88078904158113,0.000104118124402377,0.000527854677202747
"YLR274W",79.304350327971,-0.322082768776866,0.162589345040345,-1.98095864582605,0.0475959113980504,0.110544214496133
"YLR275W",12.6670662026944,-0.592713511494853,0.41025760834645,-1.44473496514493,0.14853234466248,0.268215219353384
"YLR276C",110.452600037117,0.709182146980908,0.131913256109891,5.37612494676136,7.6105987675174e-08,5.84619749796416e-07
"YLR277C",53.2839292017066,0.0873457965640535,0.200669309810093,0.435272322642235,0.66336477216789,0.78037251598948
"YLR278C",132.782130400524,0.133809847249412,0.121698872112851,1.09951591930392,0.271543094116712,0.421378360580721
"YLR279W",9.01451313482601,-1.04093997199145,0.494798492151218,-2.10376544897255,0.035398912100833,0.086909484388919
"YLR280C",0,NA,NA,NA,NA,NA
"YLR281C",17.208402120099,-0.813943554173554,0.355928904450664,-2.28681499028516,0.0222066241519837,0.0594118823058997
"YLR282C",0.556666547308444,-0.523240178421467,2.08638566091169,-0.2507878520373,0.801978134168342,0.877832106269237
"YLR283W",22.4942062080732,-0.625897639022826,0.317875632594387,-1.96900163096641,0.048952903792472,0.113362731786083
"YLR284C",41.8151213161046,-0.304761490387721,0.219888490284035,-1.38598200385138,0.165752398722547,0.293115150971732
"YLR285C-A",9.17505042797095,-0.184834454457159,0.475020595165414,-0.389108296226177,0.697196036649965,0.805643089691295
"YLR285W",82.5558170219222,-0.192915675395942,0.158852836604287,-1.21443015762135,0.224583505102777,0.366593575848118
"YLR286C",1442.98562143701,0.649736632261475,0.037742695951235,17.2148972373611,2.05311849894525e-66,6.33161714650336e-65
"YLR286W-A",61.8186813010012,0.97535267391595,0.202664046639532,4.81265764741566,1.48936302338832e-06,9.95322730852111e-06
"YLR287C",18.5728165995326,0.30687906551612,0.320969442202263,0.956100566491737,0.339021428628392,0.492032477453786
"YLR287C-A",524.31985264432,0.311014399057927,0.0611038699479092,5.08992964476826,3.58196389044624e-07,2.57039451934179e-06
"YLR288C",52.3873125314422,-0.173459562810336,0.209656259788145,-0.827352176298548,0.408037478438402,0.560298205622845
"YLR289W",28.8128692574314,-0.715290538217292,0.27581742185852,-2.59334792341072,0.00950465637396363,0.0293543906185628
"YLR290C",39.8877131702715,-1.20470703003399,0.242547182332733,-4.96689765037691,6.80324702514051e-07,4.74901637477041e-06
"YLR291C",64.9501913690271,0.0103702979603678,0.176320049796891,0.0588151941444759,0.953099306233899,0.97404211445712
"YLR292C",64.9388215245078,-0.14624133617066,0.173975821619204,-0.840584253659978,0.400580883115963,0.553263680232033
"YLR293C",836.174318532539,0.56594996769549,0.0505019427083158,11.2064989452831,3.7888520575342e-29,6.49136116740684e-28
"YLR294C",45.8199599343477,-0.444899841715475,0.222387272993064,-2.00056341231969,0.0454394598124087,0.106435074077083
"YLR295C",80.2280047464822,-0.069360774651458,0.166043046863133,-0.417727667383935,0.676146241221345,0.789676970252209
"YLR296W",0.226151994082363,-0.609681762641903,2.45427168780828,-0.248416573303815,0.803812111759161,NA
"YLR297W",14.4610725570022,-0.325007543295097,0.379666802366417,-0.856033609652897,0.39197918915212,0.544875205325352
"YLR298C",47.213199279306,-0.76914941695555,0.216354212588521,-3.55504710425204,0.000377911379642556,0.0017077596441031
"YLR299C-A",4.38277629590587,-0.487388226369818,0.70500030686474,-0.691330516631005,0.48935785845477,0.634407905362696
"YLR299W",173.698200174248,-0.114634274743667,0.10755226562252,-1.0658471402732,0.286492747301304,0.438124612588013
"YLR300W",624.531401230369,1.38757699689293,0.0584124796192088,23.7548038696277,9.80059108167901e-125,5.34132213951506e-123
"YLR301W",183.186105921052,0.368530370588628,0.104865712628656,3.51430759731395,0.000440901941910647,0.00196018430151836
"YLR302C",0,NA,NA,NA,NA,NA
"YLR303W",0,NA,NA,NA,NA,NA
"YLR304C",569.664122595619,0.897031663426145,0.0581719408508834,15.4203495758475,1.19455997957407e-53,3.14667007952803e-52
"YLR305C",159.405557453508,0.0263458801281784,0.111645167362865,0.235978688110611,0.813449207637111,0.885823688895488
"YLR306W",16.7047169364323,-1.08459018896853,0.384977307034981,-2.81728343242315,0.0048431764793252,0.016382323008183
"YLR307C-A",0.22591390638428,-0.607097208009431,2.68074832106175,-0.226465574272553,0.820839331472011,NA
"YLR307W",5.92131922664739,-2.80125515009589,0.83147905252353,-3.36900267251966,0.000754406973605605,0.00316270615857735
"YLR308W",0.240567709542115,-0.678556767812605,2.62798487064338,-0.25820421395595,0.796249305905886,NA
"YLR309C",101.167417115912,-0.259099475710251,0.14934968118238,-1.73485121400326,0.0827671622190956,0.172406589637273
"YLR310C",164.184513060612,-0.152990268219791,0.109953615532326,-1.39140734462536,0.16410193870121,0.291173858116489
"YLR311C",2.09043239043114,-2.04375708177089,1.22607302869153,-1.66691300921284,0.095531703702661,0.193017395592273
"YLR312C",31.7706910317669,-1.59618423098243,0.286260699772433,-5.57598102796278,2.46138753047983e-08,1.96973316046753e-07
"YLR312W-A",39.3955442370204,-0.25643129370718,0.229071116955013,-1.1194396618651,0.262952618552361,0.411582420185234
"YLR313C",15.3165689079499,-1.27686239330629,0.393359624741628,-3.24604334810664,0.001170210196141,0.00471399398206178
"YLR314C",314.825536992003,-0.252490091755627,0.0803647146046539,-3.1418028795066,0.00167911039696514,0.0065405643435697
"YLR315W",13.0547029259955,-0.0634439425736869,0.381645546322533,-0.166237869628039,0.867969758395183,0.921771344292684
"YLR316C",76.4511149011345,-0.165925344434807,0.170312862981005,-0.974238478119608,0.329938143564053,0.482058919253974
"YLR317W",1.61364945613577,0.525899303403636,2.95353936404339,0.17805731990776,0.858677960120304,0.915671619104684
"YLR318W",13.0370673046419,-0.343731085968812,0.397695437652062,-0.864307340305817,0.387419078921923,0.540437647163371
"YLR319C",54.2865176207884,-0.218468486112646,0.188612173914364,-1.15829472498333,0.246743783318354,0.393321784704647
"YLR320W",39.3229960656913,-0.537031441860153,0.229425935531735,-2.3407616955576,0.0192444461811394,0.0526681336611098
"YLR321C",44.2081619620188,-0.181990410719298,0.222525329498482,-0.817841326780462,0.413447796715435,0.565516436788183
"YLR322W",3.07175778016062,0.125546137172032,0.804408683593454,0.156072578196437,0.875975812890121,0.926228313947374
"YLR323C",20.656655612764,-0.819110785803458,0.322601099515994,-2.5390824365831,0.0111143631157265,0.0335393812017292
"YLR324W",133.479177202306,-0.279981441025584,0.121395685291483,-2.30635413732638,0.0210908524192433,0.056882662419785
"YLR325C",734.992042512009,0.225955976438285,0.0513709397600385,4.39851747882674,1.08992850063739e-05,6.57493127960835e-05
"YLR326W",29.5706450661079,-1.27312562521739,0.286061798519228,-4.45052653590102,8.56600078852284e-06,5.26280437172414e-05
"YLR327C",415.659472905705,2.55707197328126,0.0780499232809582,32.7620049551683,2.04832461477736e-235,2.08863035719717e-233
"YLR328W",116.343676747286,0.035925310532553,0.132029022939802,0.27210161624034,0.785543886837901,0.866249512051144
"YLR329W",7.61218423861901,-0.89875905294465,0.552415545109675,-1.62696191463297,0.10374518679174,0.205475272837524
"YLR330W",512.439028840255,-0.0589904479141933,0.0668569685995487,-0.88233805914125,0.377594020843295,0.530359786663255
"YLR331C",21.5842256025918,-2.17363503820551,1.03311167090827,-2.10396910558037,0.0353811420380795,0.0868996037159047
"YLR332W",276.304597067466,-0.476156956420322,0.0869934751325938,-5.47347896718199,4.41285279997937e-08,3.43149512933205e-07
"YLR333C",369.597210458581,0.36062989692276,0.0725073124239692,4.97370382195471,6.56856415082351e-07,4.59872232131852e-06
"YLR334C",0.67537124537802,-0.905877884666931,1.612401778349,-0.561818956559634,0.574239375114125,0.709781993973127
"YLR335W",167.740795789447,-0.0456365291142082,0.107301916189021,-0.425309544647978,0.670611036571371,0.785070661243856
"YLR336C",20.4918491583655,-0.227474911612982,0.314115505763862,-0.724176003536698,0.468957688644903,0.615881577855226
"YLR337C",322.222759948434,0.832564140698783,0.0796399664001088,10.4540995976317,1.40325267572348e-25,2.22898578289543e-24
"YLR338W",11.4551181500931,1.40502317287802,0.454251442139959,3.09305165055506,0.0019810965192696,0.007601915011258
"YLR339C",374.227706517704,0.771745936863695,0.0777235123268738,9.92937547158242,3.10192222159684e-23,4.63601708863717e-22
"YLR340W",3594.365356728,0.873861048841907,0.0244485400541292,35.7428724540269,8.53723304031895e-280,1.05828210354699e-277
"YLR341W",7.25480976344198,-1.89927196787526,0.63809868136678,-2.97645493296916,0.00291601937208578,0.0106581637142124
"YLR342W",1249.12157885332,0.295771460707335,0.0395423870503325,7.47985852070222,7.44026661593566e-14,8.47520099926942e-13
"YLR342W-A",2.79818345039398,-1.2990765621106,0.942724045499947,-1.37800299919334,0.168202362152789,0.296452560225796
"YLR343W",34.7889936807539,-0.117081072164525,0.242106319246301,-0.483593623367656,0.628674301122395,0.753923363598849
"YLR344W",661.19253717672,0.464615273431312,0.0558662375267256,8.31656639144612,9.05482792711454e-17,1.13131664338376e-15
"YLR345W",152.107158866761,-0.342249246662984,0.116555199818026,-2.93637046821873,0.00332077473945844,0.0119555455027655
"YLR346C",8.89516073464219,1.99947712585767,0.498804686206365,4.00853717126155,6.10960232087364e-05,0.000326223867166918
"YLR347C",103.880418827623,0.409741434003707,0.150915819639101,2.71503302293663,0.00662691620783642,0.0213533966696951
"YLR347W-A",0.800369271825026,3.8196984063986,3.4602974459143,1.10386418107168,0.269652058727582,0.419473502774551
"YLR348C",266.320967527702,-0.668543090880739,0.0895828381792866,-7.46284784528429,8.46721067629965e-14,9.61036012487727e-13
"YLR349W",49.3038876790923,-0.536845433980803,0.212412439529604,-2.52737285617391,0.0114919425868537,0.0344322564142603
"YLR350W",501.975083131436,-0.666981129545447,0.0647077066109151,-10.3075995809275,6.51071787116232e-25,1.02135876877142e-23
"YLR351C",231.901609323548,0.165965007897133,0.0940301213444818,1.76501960780329,0.0775604703826423,0.164432358738788
"YLR352W",62.552313108081,-0.0978279755283093,0.179844907009653,-0.543957441747618,0.586470759328558,0.719656083166759
"YLR353W",61.5521874604653,-0.254376173087297,0.191714161433166,-1.32685124137778,0.184557896159369,0.316886208451801
"YLR354C",730.872142306501,0.368207417469643,0.0528414154535468,6.96815962080607,3.21113781550362e-12,3.33346687514185e-11
"YLR355C",1173.9458616478,1.53343571200007,0.0430230624852049,35.6421794131323,3.11451193260736e-278,3.78652777652764e-276
"YLR356W",69.8602333703438,-0.876521469819995,0.184154005673406,-4.75971981502533,1.93861889179592e-06,1.27932657974257e-05
"YLR357W",82.9014034957902,-0.127859879612009,0.155291531488959,-0.823353845416224,0.410306801629543,0.562315109451977
"YLR358C",24.2939909088711,-0.523262422899462,0.304407315806618,-1.71895482049412,0.0856225988361577,0.177071007472093
"YLR359W",587.562981598704,1.70788708055635,0.0654257883763538,26.1041880111851,3.26774065005084e-150,2.1519433739189e-148
"YLR360W",55.1518820074373,-0.552905635879852,0.203087706991975,-2.72249681711015,0.00647906575567108,0.0209853409708525
"YLR361C",44.3679921848521,0.246487188607777,0.209860021859822,1.17453141586167,0.24018223609555,0.385869727248168
"YLR361C-A",25.4918789510015,-0.6447403664893,0.280537434490895,-2.2982329173265,0.0215485361451502,0.0578962369356734
"YLR362W",71.1509553812548,-0.399019674058195,0.168358836640092,-2.37005483063058,0.0177854474674611,0.0492939933754007
"YLR363C",21.5059064902799,-0.540678523567425,0.31526280941925,-1.71500889865004,0.0863435954480764,0.178078135831538
"YLR363W-A",10.1844682879007,-0.246640858097935,0.448305576753204,-0.550162368900694,0.582208011716246,0.715814673292514
"YLR364C-A",0.0756580883261497,0.671886301116372,3.5338115409304,0.190130767680801,0.849206660687331,NA
"YLR364W",7.38694325467063,-0.602753770311608,0.534714202867897,-1.12724473574628,0.259639020963143,0.407709361780674
"YLR365W",0.437799238215064,0.0524205663097356,2.0583617285787,0.0254671302822619,0.979682366214188,NA
"YLR366W",0,NA,NA,NA,NA,NA
"YLR367W",348.393884300806,0.306651676845461,0.0752801296818913,4.07347434364511,4.6316955942968e-05,0.000253959926688156
"YLR368W",40.7065794999583,-0.327967885491799,0.235819183435133,-1.39075999125412,0.164298219070433,0.291358580915365
"YLR369W",59.2111802151387,-0.00425363664239705,0.182614875862609,-0.0232929361439168,0.981416606327248,0.990101576095308
"YLR370C",129.808703785036,0.352640050637828,0.126735194192,2.78249505108729,0.00539426879830851,0.0179648071978552
"YLR371W",131.928709760428,0.132366166268845,0.122903550188547,1.07699221109384,0.281483745401896,0.431717670652786
"YLR372W",298.974736509563,0.509851853862833,0.0810783569336157,6.28838414029878,3.20787341221719e-10,2.95122422094601e-09
"YLR373C",70.8902497498006,-0.17463772330177,0.170329986266874,-1.02529053826228,0.305226118931192,0.458237835165756
"YLR374C",25.6993221721326,0.885365479744461,0.274023771835989,3.23098055987047,0.00123366330110201,0.00493621480352336
"YLR375W",198.22422343129,0.128906045584863,0.102185008653218,1.26149664499543,0.207129967993858,0.345325859086806
"YLR376C",27.9128529893889,-0.500345430025486,0.27391127428636,-1.82666971751736,0.0677494440156207,0.148153574910672
"YLR377C",18.1134351414161,-0.781744296752317,0.346991880183774,-2.25291812689763,0.0242643117046881,0.0637646110675113
"YLR378C",345.487200166692,-0.0670247567155947,0.0782018235338463,-0.857074089667307,0.391403939672311,0.54437040478784
"YLR379W",23.1593536944659,-0.00739596355977635,0.298109258344856,-0.0248095735128784,0.980206854850882,0.989440800952782
"YLR380W",100.935664936689,0.509030420092475,0.138119996837332,3.68542160257919,0.000228324359191334,0.00107400788601757
"YLR381W",39.4349736559067,-0.478085667797457,0.238327787963895,-2.00600052508306,0.0448561919753193,0.105310479208315
"YLR382C",86.0288638311286,-0.142128140916584,0.156441558167059,-0.908506298338002,0.363610787643343,0.516224432850037
"YLR383W",65.452268474936,-0.507762852898462,0.180899750642001,-2.80687425547269,0.0050024764791597,0.0168580257469337
"YLR384C",203.694195340955,0.133918230632294,0.102736763355974,1.30350836699302,0.192401261749891,0.326923266299981
"YLR385C",1.06374561723759,0.16403014341411,1.48760436064257,0.110264629328767,0.912199507879311,0.948647540028783
"YLR386W",56.3760744203189,0.234703286812269,0.183177806079225,1.28128670080675,0.200092982418255,0.33661198372757
"YLR387C",140.108339969474,0.163933833199821,0.124345386756575,1.31837487080036,0.18737818865862,0.320076981545473
"YLR388W",316.685068600328,0.73319062014963,0.0820281177436117,8.93828409474543,3.95259837764132e-19,5.29413706428992e-18
"YLR389C",171.428255266393,-0.0868895662149408,0.108242444213649,-0.80273100673372,0.422130227217624,0.573053041511859
"YLR390W",42.1048564186341,0.443238906649469,0.217773607069513,2.03531967263594,0.0418187179681824,0.0995773766458942
"YLR390W-A",729.398108423682,0.0684537514997366,0.0539258105147736,1.26940607561166,0.204296270372944,0.341510368581944
"YLR392C",66.5215031670922,-0.887929451092151,0.183960431580767,-4.82674150882447,1.38785067314874e-06,9.30433929548919e-06
"YLR393W",15.5296029422359,0.284487621148737,0.351482718261734,0.809392912845553,0.418289177455796,0.569658042721511
"YLR394W",55.0683096615908,-0.259720612380679,0.20078966740665,-1.29349590412279,0.195839599764202,0.331126238866272
"YLR395C",59.1821913721609,0.175795344825574,0.184764274814368,0.951457444910253,0.341372211160347,0.494536003427066
"YLR396C",45.4579808046705,-0.187097975742606,0.209007406310775,-0.895173903380286,0.370694132728064,0.523576476118592
"YLR397C",52.2639777107518,0.637764942774802,0.194661921610654,3.27626963454314,0.00105188085089662,0.00426554890273793
"YLR398C",119.018063193105,0.142979802668513,0.127741645784086,1.11928887240254,0.263016921472373,0.411582420185234
"YLR399C",185.165734845119,0.637241852158462,0.102734524622427,6.202801390287,5.54668218489467e-10,5.00944639612916e-09
"YLR399W-A",0.395892013179449,2.82948703524813,2.45924472236776,1.15055122798999,0.249916907559985,NA
"YLR400W",3.54626322887913,0.792581336393727,0.799905854869021,0.990843274329459,0.321762114854963,0.474610380334361
"YLR401C",72.7772594939564,0.172776164119518,0.165765017582462,1.04229569446743,0.297274607912169,0.449395043333508
"YLR402W",1.56093576843607,0.0651390229185114,1.17335616620576,0.0555151323993543,0.955728074630037,0.975478348048288
"YLR403W",73.9102033372887,0.476766438985828,0.162961496704787,2.92563856264475,0.00343750055790426,0.0123196590289517
"YLR404W",23.2163894203803,-0.267172935634252,0.320316778230669,-0.834089731765014,0.404230420949384,0.556157719530361
"YLR405W",43.499015534852,-0.203692020047636,0.219660111593483,-0.927305456461761,0.353767962114592,0.507147631856791
"YLR406C",406.004084920417,0.330469620206484,0.0687464516677662,4.80707894283123,1.53151527054281e-06,1.02241177828634e-05
"YLR406C-A",0.0826001337085383,0.671886301116372,3.5338115409304,0.190130767680801,0.849206660687331,NA
"YLR407W",20.2523833342331,-1.11411245089051,0.334708652985651,-3.3286036705429,0.000872825138372152,0.0035994784897513
"YLR408C",11.6100802434796,-1.23124020100083,0.45865332895359,-2.68446803560739,0.00726453294758312,0.0231951400477881
"YLR409C",54.4966443540718,0.671466721420013,0.190387340934018,3.52684542010974,0.0004205422109104,0.00187721584088838
"YLR410W",172.244276684298,0.116359325027622,0.107574175215289,1.08166597414994,0.279400977579046,0.429147954386475
"YLR411W",9.57870360160797,-1.13293816346089,0.49496447777719,-2.28892822480665,0.0220835230247478,0.0591325847363216
"YLR412C-A",0.158042259255334,-0.0581850882123787,3.06522450182155,-0.0189823251699187,0.984855205341527,NA
"YLR412W",49.5217484450097,-0.38550598050885,0.206904860130558,-1.86320408455168,0.0624335584421731,0.138541578263046
"YLR413W",300.664173103879,2.17917436211423,0.0896871736171273,24.2975029118108,2.08316117233352e-130,1.20823347995344e-128
"YLR414C",344.540798592361,-0.0149649433928012,0.0773207460364289,-0.193543701528056,0.846533184135593,0.907389418464771
"YLR415C",2.15520630984389,-3.08217498510026,1.25531192611742,-2.45530606455178,0.0140764683154514,0.0406725012295628
"YLR416C",3.99185575513012,-0.76429299938114,0.740030301674495,-1.03278608680178,0.301704016203008,0.454349060775135
"YLR417W",93.7233630182696,-0.934154176430732,0.157561709552938,-5.92881467890441,3.05129213668442e-09,2.61385757291584e-08
"YLR418C",64.8193244613882,0.323724882501355,0.171690218479866,1.88551733096733,0.0593600268301596,0.133312287609332
"YLR419W",38.2145670026447,0.23832885047113,0.230070808229897,1.03589348124939,0.300251839133157,0.452960872118909
"YLR420W",144.165635094255,0.712088909608273,0.117976880631227,6.03583435837842,1.58143409801780e-09,1.38666107734653e-08
"YLR421C",125.092152225933,-0.276845401626504,0.127042872172942,-2.17914942327214,0.0293205697335398,0.0743540480767904
"YLR422W",87.0146345456647,0.128361816067109,0.149839448181498,0.856662365117804,0.391631508247531,0.544511632975784
"YLR423C",17.4184549669428,-0.598429217978896,0.348048914018306,-1.71938251744529,0.0855447434491734,0.17696788877149
"YLR424W",20.3675272003114,-0.52264809715456,0.331320012851071,-1.57747216250861,0.114686922508401,0.22186374666405
"YLR425W",62.2347263323916,-0.00985785757000451,0.184130489198352,-0.0535373452431622,0.957303776100724,0.976456029769083
"YLR426W",55.1430608237553,-0.196640474453777,0.189800007341932,-1.03604039434794,0.300183297856349,0.452960872118909
"YLR427W",118.389585042314,0.0337713945312386,0.132157248191981,0.255539480378556,0.798306454568731,0.874981519726684
"YLR428C",9.95381805459137,0.695601386209413,0.439877254605346,1.58135338648846,0.113797259213424,0.220593329565203
"YLR429W",304.341598364941,0.0789029312993585,0.0797898389133591,0.988884454135022,0.322719677398598,0.475025331900801
"YLR430W",172.517292452036,-0.172739540128665,0.110230882812295,-1.56707027759917,0.117098265668259,0.224996996376041
"YLR431C",43.6988466761904,-0.310538286490249,0.212919048676315,-1.45848052779128,0.144708138547888,0.263264705582662
"YLR432W",477.122210790862,0.929167215676763,0.0647675437712564,14.3461857833973,1.12559797147058e-46,2.73693475986038e-45
"YLR433C",43.6303037256224,-0.393217461608516,0.22276490322112,-1.76516792332499,0.0775355478440978,0.164432358738788
"YLR434C",1.48647868741822,0.214771507021844,1.13155060964822,0.189802829136042,0.849463638867205,0.909605204085107
"YLR435W",27.0055807077994,0.423078796290924,0.265120210652799,1.59579986470736,0.110533483526984,0.216143731165354
"YLR436C",147.076893455219,-0.31626418739207,0.118267860772879,-2.67413467467228,0.00749223571495823,0.0238019669296311
"YLR437C",100.556330591623,-0.00942239174194205,0.14043954502726,-0.0670921551341763,0.946508339120813,0.970297668221466
"YLR437C-A",6.20809502000776,2.50228107328422,0.634399663281813,3.94432913211156,8.00236878466125e-05,0.000415361046441941
"YLR438C-A",135.275097183309,-0.192449005763807,0.121291506204196,-1.58666514899911,0.112588503560555,0.218875928508557
"YLR438W",98.6975058218007,2.50418917970585,0.166173587942213,15.0697184234638,2.56202617194041e-51,6.55754229109607e-50
"YLR439W",69.2664484453875,0.59897653893821,0.174735161114457,3.42791076002077,0.000608245367163432,0.00262121827621487
"YLR440C",54.4385581276482,0.464343350285704,0.188575393366383,2.46237508508617,0.0138020241383026,0.0400075179286333
"YLR441C",1448.70926588206,0.409239006188319,0.0375384948702491,10.9018490912554,1.12938478139874e-27,1.88888110793727e-26
"YLR442C",72.1222660222511,-0.570775866052284,0.173696014904639,-3.28606195349759,0.00101598661368163,0.00413058994964326
"YLR443W",84.5494576495593,-0.0108629817340226,0.15354069239517,-0.0707498550681561,0.943596841612139,0.9684716981543
"YLR444C",18.3254646394689,-0.287637823356015,0.346238671910028,-0.830750134782053,0.406114797771557,0.557900424057319
"YLR445W",0.349189714031604,0.607262550076207,2.23423845970357,0.271798449909763,0.785776997161712,NA
"YLR446W",19.411497375965,0.63874845180283,0.318735585576518,2.00400733619838,0.0450692745693817,0.105724658192071
"YLR447C",397.453011855383,0.39840626138985,0.0727018377410253,5.48000262124091,4.25319534728558e-08,3.3154995049987e-07
"YLR448W",335.033025494218,1.05866483359181,0.0793583938796774,13.3403006517111,1.34914324309865e-40,2.92098752838002e-39
"YLR449W",256.17920609545,0.696576171962526,0.0862342357196865,8.07772187170326,6.59878963497273e-16,8.02260539851877e-15
"YLR450W",221.884425368162,-0.120584423792451,0.0945847640226234,-1.27488211276405,0.202350971137574,0.338967366065644
"YLR451W",60.7481803935546,-0.0547860080153932,0.182455579275736,-0.300270390375938,0.763970916799869,0.851220327107644
"YLR452C",42.8372852742611,0.798652074397276,0.215998773081778,3.69748430975995,0.000217746673511177,0.00102884489531963
"YLR453C",12.2466341382244,0.455579863272368,0.402458727638612,1.13199151114312,0.257638003309871,0.406149910812334
"YLR454W",113.626833413708,0.196744364316311,0.131202832930775,1.49954356869806,0.133732674785984,0.248925583462711
"YLR455W",30.2164636011517,-0.7716859200084,0.270216795127023,-2.8558029475764,0.0042928147106882,0.014838258393095
"YLR456W",10.9881408384041,-0.769826662469484,0.449311476261496,-1.71334742854743,0.0866486417502366,0.178434108516285
"YLR457C",20.3012709528867,-0.937371151034622,0.336317571868556,-2.78716079515755,0.00531720881711481,0.0177483601593452
"YLR458W",1.85441152496436,-1.17151397629914,1.1469135638846,-1.02144922964484,0.307041651427483,0.460214652853956
"YLR459W",59.601339911876,-0.568488998326187,0.188709538680725,-3.01250801788036,0.00259098591479969,0.00960716302250068
"YLR460C",14.1476138967462,-0.191362320553759,0.382497945732973,-0.500296335414444,0.616866434063479,0.745417563172691
"YLR461W",3.25478758443555,-3.63106726884444,1.20033565934273,-3.02504323734971,0.00248597585664892,0.00928861664641517
"YLR462W",0.448265188840248,1.99679218486822,2.22714173105553,0.896571671674375,0.369947519881095,0.522638708533695
"YLR463C",0.532177972977025,1.29495710889019,2.15398812533794,0.601190458599681,0.547713138777597,0.68594343568779
"YLR464W",0,NA,NA,NA,NA,NA
"YLR465C",0.452652753280776,-1.60714530392279,2.37725287318169,-0.676051471870472,0.499007965859895,0.642198113676114
"YLR466C-B",2.58325761124087,0.276771875881207,0.909125755894429,0.304437393932272,0.760794682674127,0.84932791521558
"YLR466W",238.128459773529,-0.216361010522295,0.108648368012662,-1.99138757884591,0.046438293750303,0.10841318060909
"YML001W",162.455269305302,-0.689942939676329,0.114385645318581,-6.03172660131202,1.62217054078566e-09,1.42041027130844e-08
"YML002W",56.4620833995414,-0.139474780262143,0.192731248282601,-0.723674969705127,0.469265303402842,0.616008149525076
"YML003W",4.34124711341253,0.209845975361695,0.671074423900721,0.312701494629961,0.754507459927187,0.844396558976753
"YML004C",213.89771155858,-0.121128316098037,0.100940227644479,-1.20000042524832,0.23013917528887,0.373137120285236
"YML005W",24.7410758627165,-0.299481296826738,0.288055436707556,-1.03966549026041,0.298495338916342,0.450701584100576
"YML006C",72.2394669722339,-0.0991482202570414,0.172025646503036,-0.576357201804159,0.564373766301148,0.70001392006197
"YML007C-A",0.976735247208356,-1.63734907376205,1.46038629854226,-1.12117531874712,0.26221324337838,0.41103697610665
"YML007W",219.116280206687,-0.305498800915953,0.0972215994880005,-3.14229350807646,0.00167629905292542,0.00653363909531103
"YML008C",491.039807895456,0.858881044044845,0.062919320890558,13.6505135765655,2.00460791184067e-42,4.47813823980803e-41
"YML009C",46.0888603611786,0.286987631303758,0.209419203990287,1.37039787104276,0.17056273630806,0.299374489555918
"YML009C-A",27.9258359305607,0.313387691565392,0.270002713576397,1.16068348874842,0.245770638904135,0.392166072476512
"YML009W-B",48.8376127835751,0.625983260863853,0.213032522053093,2.93843989091883,0.00329868616741692,0.0118963456648088
"YML010W",426.167142607149,0.815495666949033,0.0668645702344968,12.1962298432347,3.25551464848794e-34,6.27480597796975e-33
"YML011C",23.3754879869655,-0.0404335218782471,0.295160938096259,-0.136988051803321,0.891040239354292,0.935401139749479
"YML012C-A",26.8190544271888,0.0269248362491943,0.27509271643523,0.0978754966619905,0.922031157379038,0.954804418828874
"YML012W",460.285913559641,0.11297514744444,0.0699431234088728,1.61524309951117,0.106258060429043,0.209729459267064
"YML013W",105.501730314939,0.371717254870448,0.141875411537067,2.62002591459148,0.00879230853056309,0.0274358215845113
"YML014W",66.9848312307938,0.223806988142098,0.167575511928154,1.33555902987814,0.181693448950434,0.313424287738834
"YML015C",53.5150458751482,-0.252373395558506,0.198228224835798,-1.27314561671305,0.202966374335845,0.339815727758491
"YML016C",132.931557214518,-0.458897322577153,0.129397379646851,-3.54641897563589,0.000390504806579521,0.00175838417891434
"YML017W",70.3358980090333,-0.0686273649965282,0.16715693459933,-0.410556493878197,0.681397770633252,0.793375434663728
"YML018C",79.6105553464153,0.879887782924563,0.158871207940954,5.53837157989999,3.05296985414937e-08,2.41865606741006e-07
"YML019W",73.0230325053099,0.453116245324711,0.169716163831638,2.66984732093174,0.00758857444136102,0.0240717348812265
"YML020W",60.2096990499044,-0.551341166552061,0.198036557428409,-2.78403731973261,0.00536868565310219,0.0178918453868804
"YML021C",47.8816892021239,0.171622206422514,0.208877405572616,0.82164083737075,0.411281339972568,0.563406420651479
"YML022W",141.017580531225,0.573220970244952,0.118672811360169,4.83026367771165,1.36352361939944e-06,9.1606762187495e-06
"YML023C",40.8857983955196,-0.176038191118628,0.225852553598717,-0.779438568719502,0.435721411621949,0.586366229976477
"YML024W",980.987835396284,0.48782427328404,0.0469343277623845,10.3937628712562,2.64699524264564e-25,4.18357598100144e-24
"YML025C",68.5135415131149,0.273768019955005,0.167979470058442,1.62977070864527,0.103149966687094,0.20461690912953
"YML026C",988.006502282624,0.836396912215357,0.0441680548987773,18.936693366556,5.6857742706413e-80,2.08985261273223e-78
"YML027W",23.53394074966,-0.0942140353307345,0.297885714744398,-0.316275775129315,0.751793196785311,0.842701523063251
"YML028W",2849.34999488831,0.647770294244342,0.0288220525066662,22.474814869431,7.32081732255966e-112,3.61579743072048e-110
"YML029W",102.86436360845,0.126236988569636,0.134760961437597,0.936747461749828,0.348888476138923,0.502202401218185
"YML030W",76.2374291976492,-0.260280561246434,0.163481969365943,-1.59210561419049,0.111360975851217,0.217090375988712
"YML031C-A",6.97467329310899,0.715984265956134,0.545610557556988,1.31226248473271,0.189431585437495,0.322712606611652
"YML031W",170.11749337067,0.143996608971532,0.105644907721183,1.36302460835658,0.172874755180181,0.302243971860924
"YML032C",123.876992337776,-0.157578677168421,0.133171374980991,-1.18327739118797,0.236699230056407,0.381445967987919
"YML034C-A",5.98499421820826,1.27404744780696,0.594199453543855,2.14414106274995,0.0320215857504684,0.0798896863119421
"YML034W",91.2518488557508,-0.464654828454119,0.160603275445904,-2.89318400987798,0.00381357804682182,0.0134820251654883
"YML035C",115.955306025853,0.851524098587367,0.132570554867275,6.42317669591023,1.33459423081887e-10,1.25742246307555e-09
"YML036W",21.1876279930341,-0.478264930058093,0.325537950088107,-1.46915261317045,0.141791399920147,0.259517908383329
"YML037C",7.2864404667255,0.0224296067990499,0.518857323420218,0.0432288526857398,0.965519105463441,0.980249202624036
"YML038C",112.997485350991,-0.539560239351857,0.139834722304585,-3.85855694822776,0.000114058492422227,0.000572283959597872
"YML041C",26.944327215323,0.0536152833163626,0.275363794024027,0.194707091055276,0.84562226030053,0.90702815229385
"YML042W",40.2908399943765,-0.598766224613808,0.227870484670347,-2.6276602934339,0.00859743252676392,0.026947431053149
"YML043C",4.99805507386018,-0.271586917198743,0.660166308158397,-0.411391665770346,0.68078536409597,0.793057872086738
"YML046W",33.5432622010855,-0.10960236769249,0.245867891394217,-0.445777474524953,0.655757994558125,0.775912790865893
"YML047C",0.233101881431679,-0.64203302311771,2.43281346870551,-0.263905569159535,0.791852684170306,NA
"YML047W-A",0,NA,NA,NA,NA,NA
"YML048W",405.322089595008,-0.304224048812548,0.070192751117218,-4.33412345249883,1.46342039369251e-05,8.64648946628414e-05
"YML049C",122.692357139757,0.212608662342936,0.141400708181866,1.50358979864149,0.132687019434007,0.247447591994629
"YML050W",20.1336049823257,-0.640729202605751,0.321136376051601,-1.99519347662688,0.0460217822520961,0.107559965766267
"YML051W",111.07201955141,-0.172683403006848,0.134697944084083,-1.28200474165406,0.199840982883419,0.336277533614314
"YML052W",181.440765429468,-0.0761546359565414,0.10600873525738,-0.718380761468803,0.472522545753198,0.61907133820435
"YML053C",64.8025640755552,-0.408105500180258,0.182513234692839,-2.23603236700659,0.0253496510565422,0.0660868016410142
"YML054C",27.1007894151581,-0.559780111920539,0.285805473048323,-1.95860529173944,0.0501590293950358,0.115647477693441
"YML054C-A",3.20143806885009,-0.717130257077491,0.847124092871463,-0.846546879155169,0.397247733488249,0.549660794728104
"YML055W",48.6642693525431,-1.42326107398109,0.228398691092324,-6.23147649040499,4.62059344391368e-10,4.19703904488826e-09
"YML056C",533.410790673761,0.953111680439051,0.0647141847472659,14.7280180405783,4.26017689910348e-49,1.06453906545977e-47
"YML057C-A",7.22685552122762,-0.18332795323976,0.528622891493775,-0.346802902768199,0.728739396230109,0.827534883502958
"YML057W",218.753194037509,0.189527054400397,0.0987458737413759,1.91934150987194,0.0549411279479939,0.124941658592524
"YML058W",173.458499924924,0.829188024819198,0.107036466643531,7.746780614318,9.42515886644301e-15,1.10140211374589e-13
"YML058W-A",10.0907920049424,1.36103510667914,0.475080091723108,2.86485401175766,0.00417201531613515,0.014536714209896
"YML059C",87.116703389407,-0.067552924619777,0.151187789531139,-0.446814685427117,0.655008867144487,0.775316618252658
"YML060W",14.4693334433525,-0.121275033139697,0.390128443503895,-0.310859244331122,0.755907628772539,0.844916553942714
"YML061C",57.6442779904464,-0.177590457926976,0.18729772336819,-0.948172005154961,0.343041896364324,0.496158972504062
"YML062C",63.4738931966967,-0.175250688082104,0.178838624287965,-0.979937576571358,0.327116932987133,0.4793455756437
"YML063W",1737.43889863438,0.595020544786287,0.0339281193192434,17.5376813311548,7.38809385309425e-69,2.34711202709859e-67
"YML064C",45.2798141325271,0.132031899171473,0.224692454285329,0.587611629377684,0.556793003404085,0.693468354515489
"YML065W",58.5917094275263,0.124968304142754,0.182969171716634,0.683001966781013,0.494605599744073,0.63840273613353
"YML066C",19.8646130244267,-0.757686794245299,0.334726710174549,-2.26359824661196,0.0235988357975025,0.0623451065239492
"YML067C",128.898423632989,-0.0141681745122331,0.130344536126987,-0.108697878202044,0.913442124834033,0.949331105244247
"YML068W",47.318181865924,0.0306746374880797,0.20571209414779,0.149114409705256,0.881463355710848,0.929698254054718
"YML069W",277.926318174593,-0.06324664726234,0.0946322050336497,-0.668341683889227,0.503915511062737,0.646059020230944
"YML070W",258.691626365717,0.127413801297686,0.0884126854879665,1.44112579088018,0.149549148492275,0.26951246202057
"YML071C",87.3079330286814,-0.516859655347705,0.15268270310176,-3.38518800654996,0.000711295181787644,0.00300387985254608
"YML072C",361.296950005004,0.163747813361866,0.0736865450660161,2.22222134604307,0.0262683505656376,0.0681166990467436
"YML073C",1038.32661823624,0.797157053509887,0.0442721657682072,18.0058291632605,1.75354047913157e-72,5.83467521529988e-71
"YML074C",670.108467472889,0.534142945234061,0.0545680256701329,9.78857011362273,1.26066007791526e-22,1.84062194285919e-21
"YML075C",163.965999128639,0.617340622092162,0.112125686914167,5.50579121593021,3.67513882689558e-08,2.88970293835464e-07
"YML076C",58.2401598024558,-0.187600474908782,0.187398233438185,-1.00107920692146,0.316788516721772,0.470040128907251
"YML077W",30.5202280556368,-0.347231429696101,0.27110698080204,-1.28079117944088,0.200267023042307,0.336725563742942
"YML078W",209.467446625463,0.477507720383961,0.102226135420632,4.67109236223348,2.99602176469926e-06,1.93076958169508e-05
"YML079W",78.2951327707897,-0.231774880144217,0.162795359034846,-1.42371921115151,0.154527770240303,0.277141720130268
"YML080W",13.1851677757097,0.901386351074928,0.386681131390258,2.33108439461248,0.0197489099968436,0.0536538929952924
"YML081C-A",38.9806499036093,0.0239758503123736,0.231237364028013,0.103685018263177,0.91741931626109,0.951587353142348
"YML081W",92.9202956046448,-0.0744926679015256,0.149895433581045,-0.496964224472182,0.619214279897682,0.746468781078507
"YML082W",53.4746596441673,0.343303726916789,0.191416457789114,1.79349117041446,0.0728944212208723,0.156588015955948
"YML083C",16.3481065210954,-0.451933017975794,0.356968500536941,-1.26603052453091,0.205502154104828,0.343226885588888
"YML084W",0.151104077279265,-0.0462503737296791,3.11298185246569,-0.0148572577424586,0.988146059535759,NA
"YML085C",352.519757070899,-0.0953051327056363,0.0760193435031363,-1.25369581364123,0.209952590150728,0.348862477578522
"YML086C",190.822068825212,0.146101472166577,0.106456011438508,1.37241166743289,0.169935320026321,0.298562640937911
"YML087C",17.5211979389038,-1.12582163444268,0.359783821443269,-3.12916136675199,0.00175306006637624,0.00679512307763983
"YML088W",140.16011549361,0.0505103095659809,0.123076048114067,0.410399182781428,0.6815131456654,0.793375434663728
"YML089C",0.751420668522739,-1.2094085880486,1.57169695477014,-0.769492225825094,0.441601157877767,0.591608925641713
"YML090W",0.962844491473856,-0.427162442032065,1.47514298615634,-0.289573584419154,0.772142478109141,0.85731220060932
"YML091C",136.093307963259,-0.22965861962982,0.124255536770293,-1.84827674966615,0.0645623174325959,0.142515003774047
"YML092C",234.72022275711,0.0908010560787603,0.0920521409605602,0.986408954004276,0.3239324729692,0.476034656929634
"YML093W",91.3803752018063,0.739016104286486,0.152234550188355,4.85445717396033,1.20716953383384e-06,8.17101262622863e-06
"YML094C-A",9.86102407666411,0.385921345963814,0.470864548336836,0.819601618611861,0.412443250624715,0.564753352923857
"YML094W",39.3594743341308,0.0866048579381299,0.22622112539341,0.382832760589974,0.701843769159016,0.808949252279864
"YML095C",10.8661637564521,0.451201735700628,0.430604851728157,1.04783244752076,0.294715810092986,0.447023356863689
"YML096W",39.7288089203051,0.183322334050222,0.23594923091888,0.776956692489703,0.437184321601014,0.587811674269568
"YML097C",26.9998389750446,-0.513509192937279,0.283155394528726,-1.81352431512719,0.0697509918412425,0.151586720667011
"YML098W",66.1941614631691,0.0114421272192889,0.179914835879438,0.0635974635630181,0.949290751439033,0.971734023006291
"YML099C",62.6202694970421,-0.00232482669694851,0.184205988631398,-0.0126207986733838,0.989930326918122,0.994453134326664
"YML099W-A",8.92324855252935,-0.234439342346246,0.48375078751323,-0.484628342521994,0.627940005126338,0.753493901059669
"YML100W",982.097369191629,0.897840969445597,0.0483972210259759,18.5514984210293,7.93099563739192e-77,2.78554191219954e-75
"YML100W-A",1.11823017482019,1.39518894780925,1.40851224871852,0.990540869686159,0.321909823136142,0.474653476713743
"YML101C",49.6818918048169,-0.881560221857808,0.215956552305931,-4.08211842819644,4.46270445119425e-05,0.00024575973467291
"YML101C-A",7.81335174142321,-0.941271608902103,0.535493520624107,-1.75776470237225,0.0787875535537097,0.166419951074692
"YML102W",88.7060256667792,-0.0246718400852834,0.146683669377733,-0.168197592751443,0.866427834673646,0.920907325286952
"YML103C",108.068532718884,-0.047603894466712,0.139209323005607,-0.341959097558392,0.732381674052325,0.829770061533835
"YML104C",39.1905138608667,-0.633441900869104,0.232860522857634,-2.72026315622583,0.00652299817960721,0.0210722506343775
"YML105C",94.4922703086814,0.0324904902449189,0.149847905363922,0.216823119188835,0.828346194018304,0.89502728398286
"YML106W",331.670033819942,0.878985151663415,0.0772371643049457,11.3803394981337,5.23953632192292e-30,9.20120795199908e-29
"YML107C",30.068016086133,-0.0903978090888174,0.259711141094453,-0.348070586066776,0.727787173676696,0.827209001827657
"YML108W",10.8103654385558,0.0391896374687251,0.449400347872813,0.0872042882348108,0.930509130825959,0.959967154876259
"YML109W",41.2441892801366,-0.317390986610575,0.226338406265927,-1.4022851527799,0.160830112238122,0.28689841127805
"YML110C",181.853323914319,0.145495139408356,0.104338745662356,1.39444976537464,0.163181829088726,0.290111227080687
"YML111W",112.936776597027,-0.154747078754819,0.134612574328836,-1.1495737268704,0.250319484505036,0.396820406479648
"YML112W",34.8658986656593,0.101668348378735,0.264000268205191,0.385106988981216,0.70015815015557,0.808032096619846
"YML113W",21.8569718690158,0.102756920793168,0.298421581714941,0.344334750196866,0.73059455343842,0.829082528601273
"YML114C",83.2210447360428,-0.0732148906148039,0.1523321765309,-0.480626564145183,0.630781932181687,0.755843251766134
"YML115C",173.6411793285,-0.321914859875261,0.112297750095053,-2.86661896255964,0.0041488219830277,0.0144830770716185
"YML116W",61.574517987236,0.947924212341891,0.175679823068624,5.39574890152078,6.82383228599195e-08,5.25460020853119e-07
"YML116W-A",77.6448737608514,-0.217355212498361,0.159747082713379,-1.36062085645935,0.173633537063257,0.303235144009367
"YML117W",373.629948304167,0.123752505572422,0.072084864447416,1.71676129963033,0.0860227947106346,0.17760813460504
"YML118W",23.6014988708068,-0.580589333363168,0.297842659671282,-1.94931556817261,0.0512577505263487,0.1177512713763
"YML119W",61.4333115428499,-0.362812771285338,0.183704873337171,-1.97497630136046,0.0482708374607435,0.111898006137933
"YML120C",193.261483149875,0.342548684222446,0.10115847575049,3.38625786599782,0.000708527716597479,0.00299594400728115
"YML121W",53.4987528481632,0.153819268926898,0.19561028632131,0.786355727092154,0.431659113111163,0.58261078417779
"YML122C",7.91374327117925,-2.66409310380064,0.690875578984264,-3.85611126639825,0.00011520506615051,0.000576663838640956
"YML123C",870.700099203805,5.28765681596371,0.0953246718028204,55.4699713721675,0,0
"YML124C",355.516652945912,0.272988558244,0.0731674584240507,3.73101053561083,0.000190713246946068,0.000912709422553401
"YML125C",204.929162742744,0.539115723820884,0.100531951073227,5.36263066682345,8.20185968718316e-08,6.27750084048086e-07
"YML126C",313.100538339767,0.744285225228406,0.0808810059633036,9.20222512521784,3.50612838484506e-20,4.87159201076713e-19
"YML127W",121.201342869642,-0.0597567930365377,0.126624907189401,-0.471919738090357,0.636984078856197,0.761394090854392
"YML128C",240.296078950603,0.103318644327556,0.0970365878965919,1.06473904912711,0.286994033950318,0.438678985162938
"YML129C",89.5816692636722,0.456817586126627,0.147199297021083,3.1033951613315,0.00191314004152161,0.00737492155030466
"YML130C",109.239540780327,0.129245511882123,0.138159071061641,0.935483359065575,0.349539255340938,0.502681340369748
"YML131W",73.7121790105895,-0.241095538486604,0.166404110141802,-1.44885566997807,0.147377893207865,0.266740063229351
"YML133C",16.7513399322538,3.05980740202199,0.807479038871506,3.78933353650669,0.000151051991385971,0.00073627655323216
"YMR001C",67.4822569293187,0.15739530117595,0.171876905420797,0.915744327550041,0.359801009534196,0.51313163287496
"YMR001C-A",0.546408988698746,1.38773810257386,2.13837414132041,0.648968800996141,0.516358542330348,0.658148932381545
"YMR002W",248.919176593406,0.373826494826896,0.0909549988043338,4.11001593910289,3.95631807672522e-05,0.000219017888625717
"YMR003W",10.7175954128498,-0.286931625046177,0.455554789783768,-0.629850967393782,0.528792095768918,0.669623759940132
"YMR004W",86.9500906828312,-0.417760531940125,0.15592227422336,-2.67928706158865,0.00737791128358163,0.0235096548058483
"YMR005W",66.285603051906,-0.23818275663135,0.180275924954791,-1.32121222892675,0.186430609905644,0.31923464675609
"YMR006C",165.226212787958,1.53149849031536,0.113734132473309,13.4656013723477,2.49280335773731e-41,5.4531151652648e-40
"YMR007W",4.86305777129927,0.34392663545342,0.623561004134415,0.551552507570347,0.581254982637415,0.715060128475138
"YMR008C",357.237291633059,2.47733634460016,0.0823309190474088,30.0899877380651,6.55132415008886e-199,5.7524265662308e-197
"YMR009W",74.7317813675931,0.338374412126969,0.170967284585326,1.9791763842286,0.0477961508177409,0.110887069897159
"YMR010W",107.547360425876,-0.0628748274617765,0.140581280956402,-0.447248929829253,0.654695336395953,0.775235796346734
"YMR011W",4231.30317729525,0.988405278238281,0.0222035756250406,44.515590413446,0,0
"YMR012W",313.905336073308,0.682982166939124,0.0777489376736686,8.78445657747463,1.57122259820156e-18,2.06512874549486e-17
"YMR013C",22.0188712264288,-0.0783920277751183,0.322675350419091,-0.242943961084423,0.808048809513183,0.882599269824178
"YMR013C-A",0,NA,NA,NA,NA,NA
"YMR013W-A",0.365781907106217,0.677319648476522,2.20695994840906,0.306901649467986,0.75891823353015,NA
"YMR014W",46.7786380561716,0.708853263003832,0.219374198041413,3.23125175764752,0.00123249330406082,0.00493621480352336
"YMR015C",59.538952102819,1.18887896884278,0.19641209342021,6.05298252332793,1.42188298985984e-09,1.25196995291002e-08
"YMR016C",133.416623587149,0.200834584755551,0.119119198089197,1.68599678286253,0.0917964190129765,0.186878923788828
"YMR017W",6.97280260199143,-1.49018456452749,0.602957406015688,-2.47145909422452,0.013456294499488,0.0391309539216943
"YMR018W",7.45472724909674,-1.42139909087588,0.582734662054458,-2.43918747833648,0.01472032913383,0.0421667062909257
"YMR019W",70.6178876870791,-0.10308263705319,0.168685486075899,-0.611093695439862,0.541137553361231,0.679593089461601
"YMR020W",111.927417446317,0.204996775619416,0.133759218918656,1.53258053745126,0.125379239911611,0.237106657110741
"YMR021C",33.0127851833995,-0.560756047923998,0.251737335428415,-2.22754422568939,0.0259109235004048,0.0672450157510506
"YMR022W",119.098256454079,-0.218159650879539,0.135459209252334,-1.61051915247158,0.107284567720231,0.211293781036542
"YMR023C",38.6714962534707,-0.450071121223195,0.230240283995844,-1.95478876855155,0.0506080073808273,0.116470266713356
"YMR024W",77.565300393672,0.028846441162467,0.15880296326177,0.181649262519847,0.855857986028227,0.914683276131917
"YMR025W",8.3439698580358,-0.830836714416125,0.52116665544055,-1.5941862468423,0.110894325981507,0.216514493160929
"YMR026C",57.9472120537185,-0.301831106346113,0.193766052622653,-1.55770890855639,0.11930226774616,0.228326360892763
"YMR027W",200.537685245631,-0.0274728459109916,0.103964250544796,-0.264252815434419,0.791585116104152,0.87048201496094
"YMR028W",41.9557055718882,-0.516661231421807,0.22383503357655,-2.30822326231212,0.0209867219752001,0.0567000240714594
"YMR029C",94.3838981251996,-0.504242042195461,0.146317128865868,-3.4462270145945,0.000568472589459441,0.00246494081657242
"YMR030W",39.4006630879603,-1.04493762061947,0.241947670875832,-4.31885794493031,1.56838688209152e-05,9.23216188881062e-05
"YMR030W-A",1.51214958733764,-0.609949902420394,1.19120828689444,-0.512043031542849,0.608620893493113,0.739678247408905
"YMR031C",407.166359841297,-0.345296561429735,0.0714277666098254,-4.83420632925456,1.33677883190444e-06,9.00012329637897e-06
"YMR031W-A",5.04242772323555,-0.498997796262159,0.689232359444556,-0.723990667913933,0.469071464310806,0.615881577855226
"YMR032W",69.9781440392361,0.299716807080699,0.17469864215605,1.71562184675125,0.0862312772909708,0.17798045544679
"YMR033W",94.0140966691922,-0.364854705503811,0.149959353854311,-2.43302399034257,0.0149733087742215,0.0428137756990629
"YMR034C",22.5874447469133,-0.403333286187933,0.305129290356222,-1.32184388367653,0.186220141948095,0.319047083305111
"YMR035W",41.0508383422941,0.0436359136791436,0.219390480878579,0.198896112102939,0.842344010850128,0.904562188258629
"YMR036C",33.7641172030896,-1.02422811261959,0.259428307764931,-3.94801986507829,7.8800267272764e-05,0.000409683626396722
"YMR037C",120.082300825511,-0.140809663042277,0.129327448293966,-1.08878405087072,0.276249126500941,0.425967895429029
"YMR038C",199.758867671284,0.437405970550452,0.0969330747014572,4.51245327663042,6.40820544314033e-06,4.0032287363175e-05
"YMR039C",237.750815256061,0.052794398596872,0.0893502969679192,0.590869872719366,0.554607613572736,0.691700401066647
"YMR040W",9.11374973907703,-1.07493542193504,0.526327248777398,-2.04233283462332,0.0411185272048728,0.0981689308871622
"YMR041C",46.4265240134448,-0.2262581962821,0.212923769396011,-1.06262535612588,0.287951883473649,0.439717827855171
"YMR042W",42.2073017150044,-0.792352772262374,0.227193411670904,-3.48756932005633,0.000487432548915992,0.00215342318256248
"YMR043W",181.336891197636,0.482930268557819,0.10358002368215,4.66238808787838,3.12561062746913e-06,2.01223120029123e-05
"YMR044W",86.7991442334261,-0.680562309930705,0.155297535756059,-4.3823123568408,1.17426290181319e-05,7.04334920802938e-05
"YMR046W-A",91.0331941402244,0.942525157785077,0.148728538413291,6.33721791285249,2.33950999741048e-10,2.1718622912818e-09
"YMR047C",202.028470626217,-0.0149871378641493,0.0997513119695756,-0.150245020022598,0.880571308144632,0.929400201603806
"YMR048W",31.1701128746077,-0.611336424810716,0.2680276617325,-2.28087064170581,0.0225561026644383,0.0600672624450628
"YMR049C",55.5797054376833,0.629128312138365,0.184877630075161,3.40294448756508,0.000666638236197515,0.00284378335306389
"YMR052C-A",7.11754301087187,-0.427339365647568,0.54327869161577,-0.786593275684372,0.431519996880275,0.582599925438413
"YMR052W",12.3223383764835,-0.821590287037655,0.421230902800625,-1.95045112211657,0.0511223737082566,0.117525689666763
"YMR053C",61.225936973721,-0.165233273306202,0.178730252501371,-0.924484081422842,0.355234335704177,0.50862304054648
"YMR054W",274.329353959543,0.0915625975605438,0.0840894500262213,1.08887140458157,0.276210597884268,0.425967895429029
"YMR055C",20.049577245527,-0.671332110265275,0.321145906308089,-2.09042711452544,0.0365794493207982,0.0893912943974047
"YMR056C",68.4775082257273,-2.03576285481967,0.20724798177169,-9.82283560697023,8.9781875022856e-23,1.31693970741182e-21
"YMR057C",3.09603975369427,-0.682204881356693,0.83700719834019,-0.815052585819483,0.415042210202022,0.566838810303993
"YMR058W",611.898931782664,0.14633381011316,0.0567914630231085,2.57668674697844,0.00997523054306016,0.0306430551473403
"YMR059W",11.8598122070809,-0.714210261207016,0.435344135176503,-1.64056479345346,0.100887788232407,0.200982999389941
"YMR060C",44.9610655256634,-0.39091530725941,0.218890556697077,-1.78589388760337,0.0741164408573353,0.158566544534712
"YMR061W",80.4473556634612,-0.485821178580402,0.159095770780712,-3.05363980573707,0.00226083350774437,0.00856380433550622
"YMR062C",135.870313242065,0.263750064784702,0.122624221451852,2.1508806470854,0.031485621437979,0.0787701221728939
"YMR063W",11.8999448442298,0.372895689501588,0.41011665250659,0.909242985434727,0.363221878666068,0.515904002904264
"YMR064W",55.3303156959702,-0.455181586417161,0.193984461529598,-2.34648477938894,0.0189514402330821,0.0519562034490656
"YMR065W",18.7891816789719,-1.11318224283172,0.353122739649065,-3.15239467143352,0.0016193723242409,0.00632736207283745
"YMR066W",36.9161970992469,-0.725415167081859,0.245364855301231,-2.9564754340685,0.00311177018795579,0.0112931177544526
"YMR067C",66.2130927652763,-0.357304363963958,0.173460521873996,-2.05985984651602,0.0394119413069904,0.0946305708100241
"YMR068W",57.2189928181454,-0.499069824974847,0.194254590760019,-2.5691533107261,0.0101947343898378,0.0312111916767818
"YMR069W",4.99111612343337,0.39170484983509,0.639254847213449,0.612752256072138,0.540040164222009,0.678902859054745
"YMR070W",135.201582611047,-0.440929529814731,0.128053165326972,-3.44333174965926,0.000574593995697257,0.00248807071287538
"YMR071C",157.990836743282,-0.507479917807682,0.115257650573763,-4.40300418481029,1.06762105814451e-05,6.44651416388692e-05
"YMR072W",176.79512425418,-0.211936754326146,0.108313855075771,-1.95669108239095,0.0503837989801067,0.116081041236237
"YMR073C",34.8237316196233,-0.123390737426375,0.242564267449864,-0.508692969181371,0.610967451354806,0.741041972529448
"YMR074C",112.609564584637,-0.311733945358509,0.134580352757876,-2.31634067655737,0.020539675049753,0.0555872541372168
"YMR075C-A",7.00142229812332,-2.24310984329739,0.71096582547173,-3.15501781229649,0.00160488306890255,0.00627462632133699
"YMR075W",34.9557988652248,-0.764535635833607,0.251689281772877,-3.03761697934963,0.0023845683186061,0.00895204329585971
"YMR076C",40.2350016027097,-0.202912429898188,0.231594412382514,-0.876154255237585,0.380946181076791,0.533409026969539
"YMR077C",26.1648819482681,-0.660272958202987,0.28772494535262,-2.29480609473673,0.0217442392167968,0.0582981680782822
"YMR078C",40.4640479536454,-0.546195306715317,0.226616363143588,-2.41022007033639,0.0159429005560253,0.0450966520425916
"YMR079W",103.516841826338,0.19939984261771,0.140078450980426,1.42348691909489,0.154595051467177,0.277183753651587
"YMR080C",172.353577386075,0.57773262854397,0.11156756333236,5.17832075280612,2.23892048785998e-07,1.64204818146761e-06
"YMR081C",65.6302219143371,1.2594935983405,0.183973799598462,6.84604873677364,7.59176244707618e-12,7.75365463496214e-11
"YMR082C",0.460501065555038,-1.62879683052823,1.93784898987518,-0.840517934595693,0.400618050179415,0.553263680232033
"YMR083W",570.96512304033,0.78931752323433,0.0623231947321136,12.6649079307806,9.25288612190734e-37,1.87489570713776e-35
"YMR084W",10.9238140524118,0.398243786511065,0.442861990857604,0.899250318908301,0.368519343438788,0.521283579895832
"YMR085W",49.9662574666419,-0.103462786467894,0.201287362897827,-0.514005375093574,0.607248232673001,0.738557777406447
"YMR086C-A",9.30314181251567,-0.540703870916005,0.478251789415975,-1.13058410419393,0.258230181073189,0.406506774089816
"YMR086W",119.111023741758,-0.515655289385451,0.131943737443485,-3.90814523960504,9.30073913221745e-05,0.000475337694372504
"YMR087W",34.6255546589165,-0.133502144626522,0.236546147508759,-0.564380971884478,0.572494885791947,0.708280365553168
"YMR088C",116.757489588231,0.0727495646976559,0.133146404509542,0.546387752381568,0.584799427223454,0.717883879399354
"YMR089C",182.206683427778,0.0481791149161929,0.103152076193942,0.46706878517509,0.640450666129075,0.763948888918492
"YMR090W",62.7788722656277,-0.51990372674482,0.191414394598475,-2.71611614077096,0.00660527421914,0.0212945148462025
"YMR091C",115.183736823393,-0.455447393378054,0.133282427831645,-3.41716009220173,0.000632780572130385,0.00271768938655455
"YMR092C",219.917376448343,0.292149884218431,0.0937488719278871,3.11630292941718,0.0018313403979744,0.00707253145754073
"YMR093W",37.508647423046,1.08328447688959,0.240852788122037,4.49770370248196,6.86913361319173e-06,4.27427782505887e-05
"YMR094W",5.65060005091023,-0.73666835761585,0.624949253428955,-1.17876508144288,0.238491732332009,0.38394314535344
"YMR095C",3.71878253222334,-0.320143581363489,0.781609358922949,-0.409595378699973,0.682102787504121,0.793861160272653
"YMR096W",47.9797770164749,0.724577899206187,0.203272982094617,3.56455585852978,0.000364472829100492,0.00165469261350864
"YMR097C",33.3941698487791,-0.324182563494593,0.260648480520433,-1.24375389738433,0.21359015279047,0.353116356156211
"YMR098C",39.6179225094013,-0.534369028910749,0.23478301533912,-2.2760122921963,0.0228452739113141,0.0606839586837512
"YMR099C",146.630195994895,0.0495294914657343,0.119342049501026,0.415021291094122,0.67812631700641,0.7912725315826
"YMR100W",63.7301650348157,-0.172088928882308,0.186468151252052,-0.922886443217279,0.35606638617081,0.509287713432548
"YMR101C",1.05180859550347,0.292864749172071,1.43129133383413,0.204615749602527,0.83787234934418,0.901986902426976
"YMR102C",129.427035215906,0.383330107258442,0.122611778300258,3.12637262563571,0.00176977151218387,0.00685149755053671
"YMR103C",78.5565212424995,-0.337155688050131,0.165907688427741,-2.03218844916265,0.0421345818072265,0.100179401013665
"YMR104C",211.825131517977,0.227827857214184,0.0998788298465213,2.28104251485801,0.0225459312232068,0.0600654771146705
"YMR105C",670.911916379648,1.71816519542451,0.0576841017881292,29.7857666525735,5.97270304866316e-195,5.17252447584226e-193
"YMR105W-A",3.26731635174225,0.0165819489834216,0.799374519553812,0.020743654667248,0.983450145113132,0.991070081186596
"YMR106C",27.8694799133376,0.157191269092274,0.266018896763164,0.590902642650313,0.554585655239405,0.691700401066647
"YMR107W",6.55255816096161,-1.04203286827719,0.630517988742229,-1.65266160027545,0.0983997536105837,0.197361434748132
"YMR108W",450.144969017538,0.593158888194957,0.0700476227227851,8.4679374565272,2.49776358480876e-17,3.203014479343e-16
"YMR109W",291.599419721483,0.231450191330523,0.0832723365701808,2.77943673569746,0.00544532592508361,0.0180995533640266
"YMR110C",171.980790647816,-0.126880485925339,0.113328367648389,-1.11958275371085,0.262891608253878,0.411582420185234
"YMR111C",42.2261070313588,-0.426086553069194,0.221762265676402,-1.92136634142684,0.0546855387909707,0.12444995544871
"YMR112C",25.1339203136206,-0.546828167692444,0.287041844786985,-1.9050468690314,0.0567739789074578,0.12823333142299
"YMR113W",51.9232930003703,-0.00403806402102625,0.201552902949911,-0.0200347599162577,0.984015643721649,0.991070081186596
"YMR114C",60.3917600840627,-0.56544649467357,0.188109921768134,-3.00593657877623,0.0026476421388786,0.00979426190871298
"YMR115W",61.7331592206293,-0.397458406990502,0.189086678772552,-2.10199052397867,0.0355541058960384,0.0872566216905103
"YMR116C",3390.71170952791,1.03144132168486,0.025450595243478,40.5271983549844,0,0
"YMR117C",5.60173103996381,-0.69834354941766,0.660843337694087,-1.05674599346711,0.290627528076639,0.44272222134675
"YMR118C",10.2842334417955,-0.141840995259358,0.434224265339937,-0.32665377451515,0.743929766419579,0.837822819233656
"YMR119W",116.143528847176,-0.293155258849616,0.133054952057624,-2.2032645483398,0.0275761081397626,0.0706386368150645
"YMR119W-A",26.7618776044609,-1.04024134909943,0.287900169015947,-3.61320159225684,0.000302439379876207,0.00139258686058076
"YMR120C",472.255447695345,3.79056420193405,0.0904951209071067,41.8869455495293,0,0
"YMR121C",92.5370463056651,0.120366996982146,0.149129195445717,0.807132343350967,0.419590239783394,0.570830534949562
"YMR122C",24.8931523541595,-2.79740665295337,0.40452348481607,-6.91531334509616,4.66830340530338e-12,4.83028054473453e-11
"YMR122W-A",1070.7321203979,1.24455046258731,0.0453373452128163,27.4508896969003,6.77975017691807e-166,4.76239784649734e-164
"YMR123W",63.7888353788993,-0.00886282047589099,0.176786976332565,-0.050132768033877,0.960016587444571,0.977938279653659
"YMR124W",184.501871650887,-0.269959979980068,0.103399398463931,-2.6108467166203,0.00903183662247985,0.0280586098905738
"YMR125W",114.200597163132,0.0373652428650063,0.144994083073036,0.257701845986259,0.796637021324461,0.873757676754553
"YMR126C",26.638038782807,-0.723201079937145,0.288101045350841,-2.51023414044352,0.0120651134052632,0.03588437661477
"YMR127C",15.9616129870966,-0.154876056275732,0.353371156292112,-0.438281544823383,0.661182202496658,0.779506350062554
"YMR128W",63.9600169882855,0.701545224142622,0.176567767773507,3.97323493970049,7.09030515305596e-05,0.000373229884909407
"YMR129W",106.122981582584,0.397901917475269,0.13687378775968,2.90707171904891,0.00364829542293319,0.0129721730392484
"YMR130W",38.0961520025029,0.00157309392342462,0.230244342758199,0.00683228045727349,0.994548671319488,0.99654861386364
"YMR131C",148.818880328293,0.899452622777458,0.114886980210779,7.82902136627896,4.91682088286905e-15,5.77772149098478e-14
"YMR132C",8.05284564561724,0.110526576533308,0.552152200480168,0.200174112205277,0.84134441288174,0.903819775401591
"YMR133W",14.4656178996845,-1.31479543435593,0.411866386065106,-3.19228633081043,0.0014115133334663,0.00557027920984642
"YMR134W",34.5880324204854,-0.391961814890331,0.246141561596061,-1.59242434454679,0.111289389800049,0.217017742848831
"YMR135C",277.117955457083,-0.32263582540675,0.0899644827487315,-3.58625777139033,0.000335457374384912,0.00153234213935073
"YMR135W-A",15.6433782131516,-0.827576089834596,0.388891131192623,-2.12804053231208,0.0333337231363748,0.0826739104229743
"YMR136W",214.229419136569,0.346425118839327,0.0954785126339768,3.62830451881221,0.000285288641826708,0.00132131486712707
"YMR137C",24.55310930337,-0.234034359152333,0.296088681848126,-0.790419808320731,0.429282637752662,0.580686691300957
"YMR138W",22.9753843704189,-0.164682285305449,0.298002399067279,-0.552620669568065,0.580523185379936,0.71443791667743
"YMR139W",115.979984365565,-0.294515338218304,0.141646013513787,-2.07923492452994,0.0375957630978589,0.0911700860393801
"YMR140W",72.8811355468307,-0.0766670713117267,0.167340537005776,-0.45815002559171,0.646844660613984,0.769398296218553
"YMR141C",14.9968594661968,-0.973029806378172,0.388136727779152,-2.5069253609306,0.0121786425461893,0.0361323819507848
"YMR141W-A",1.6364001791806,-0.0709883749119825,1.09550297457228,-0.0647998011504247,0.948333399778257,0.971695908168256
"YMR142C",1430.19611465418,0.325006214533187,0.037009912400328,8.78159912992139,1.61166609455256e-18,2.11389067422433e-17
"YMR143W",969.765730196585,0.392990139538184,0.0448576395826258,8.76082966457283,1.93818493085248e-18,2.53689547263962e-17
"YMR144W",30.8119819369544,-0.561145637049121,0.280803071739437,-1.99836003777701,0.0456776408403146,0.106953350145359
"YMR145C",365.23344942987,0.776741824525966,0.0723590018956086,10.7345569200438,7.00542121168615e-27,1.15034475065662e-25
"YMR146C",685.282168871919,0.44519308329803,0.0558635693300036,7.96929176988559,1.59586279736701e-15,1.91080390245345e-14
"YMR147W",9.33817769383059,-1.0524354854606,0.4985705288609,-2.11090592912728,0.0347803983614165,0.0857238512440058
"YMR148W",42.1982954626739,-0.963783102924668,0.22848435251057,-4.21815801535066,2.46306190210756e-05,0.000139779868448151
"YMR149W",230.6863620671,0.179256538271417,0.0967371627751654,1.85302662522821,0.0638785425174796,0.141351118584356
"YMR150C",68.2227104360292,0.357748682843491,0.178146571889772,2.00817045789042,0.0446251811347857,0.104993476109404
"YMR151W",4.92322238637263,-0.311661575073057,0.655843071693653,-0.47520754357932,0.634639050826975,0.759440886664249
"YMR152W",116.22094159182,0.208123586122933,0.13265179178139,1.56894666350169,0.116660367499091,0.22426909145168
"YMR153C-A",8.03800346488704,-0.413433754640858,0.528735675422665,-0.781928993746004,0.434256304511727,0.584915327599474
"YMR153W",44.515853136103,-0.071153576080217,0.208892855570771,-0.34062235343473,0.73338789914897,0.830463603514201
"YMR154C",24.2554246844614,0.00373098808779683,0.291785137163475,0.0127867653714881,0.989797915337373,0.994453134326664
"YMR155W",54.2120124387587,-0.4825424041115,0.197633223268268,-2.44160569833188,0.0146221072431318,0.0419804550368209
"YMR156C",23.3763742768903,-0.500801162251356,0.302033648210935,-1.65809725246773,0.0972978383859465,0.19540772971351
"YMR157C",48.8314734040515,0.130310722031398,0.201533231817468,0.646596697012347,0.517892996279853,0.659041771835996
"YMR158C-A",5.45347846802296,-0.2531134738414,0.663302387953563,-0.381595903223434,0.702761123448681,0.809263355636167
"YMR158W",32.5145756142239,0.329632534683853,0.25236416879371,1.30617803731601,0.191492019796473,0.325696139131908
"YMR158W-B",2.64694937899907,-1.18699947910738,0.975320653332915,-1.21703511050556,0.223590857488657,0.365539539964647
"YMR159C",5.33543766439529,1.03617454194062,0.602069355991095,1.72102189163062,0.0852468514779322,0.176524924678509
"YMR160W",55.7383290163011,-0.196467546437744,0.186473800305674,-1.05359329898188,0.292069158458128,0.443953802004853
"YMR161W",64.6313022960803,-0.243936431205111,0.175189246013513,-1.39241669654937,0.163796251336687,0.290818465560564
"YMR162C",111.702350341519,-0.259966716523428,0.135783528490528,-1.91456739571739,0.0555476964805196,0.125823194965906
"YMR163C",34.8702704136971,-0.509004950405504,0.250471757359205,-2.03218500868955,0.0421349299739536,0.100179401013665
"YMR164C",50.7292330685463,-0.263255215365177,0.198467090297673,-1.32644266094863,0.184693115927924,0.317032277734547
"YMR165C",93.3184163257556,-0.0668996153387706,0.148443616082427,-0.450673576299995,0.652224829378079,0.773239235165059
"YMR166C",36.9981066573984,-0.00776268440442299,0.232368038851097,-0.0334068507992934,0.973350146565641,0.985509229114027
"YMR167W",42.6843715040435,0.192057194029787,0.213073911512114,0.901364191734323,0.367394713809833,0.520311241197528
"YMR168C",29.7228577424344,-0.224992822037213,0.269551320584886,-0.834693822122673,0.403890120939845,0.55608979970524
"YMR169C",33.939842271059,-0.760405661241228,0.248947451454457,-3.05448260987857,0.00225449084571237,0.00855002467102196
"YMR170C",56.0934569458225,-0.030412584161959,0.18829009277075,-0.161519832055038,0.871683992710189,0.923842143839255
"YMR171C",126.285538519192,-0.440443423702473,0.127791742879908,-3.4465718502359,0.000567747570824337,0.00246417169603326
"YMR172C-A",11.1498925982211,-0.539295770894057,0.440631248644884,-1.22391630768949,0.220983801056584,0.362684213468256
"YMR172W",65.8838169957172,-0.378199619146544,0.175733695411937,-2.15211782953751,0.0313880752245376,0.0786505792982665
"YMR173W",202.923246801136,2.10517517448367,0.114125304925936,18.446173491934,5.5970679833308e-76,1.93358818527963e-74
"YMR173W-A",465.081321458032,1.94667940732935,0.0701831345789713,27.7371396847331,2.49069681490466e-169,1.76923429930644e-167
"YMR174C",13.0494557802266,-0.399307144207527,0.408616769773521,-0.977216731532693,0.328461866419415,0.480433057267602
"YMR175W",2.6540242182523,-0.263375044249597,0.891894878217491,-0.295298303288801,0.767766012542024,0.854516434199513
"YMR175W-A",0.509666716643244,-0.331197778719249,1.96577118455648,-0.168482365252482,0.866203815848458,0.920824032923146
"YMR176W",51.3353574363789,-0.239484325590625,0.19734248829179,-1.21354670078207,0.224920870682353,0.366954772762281
"YMR177W",42.324870113142,0.348877294296654,0.210306664783697,1.6588979462704,0.0971363585700753,0.195261068006364
"YMR178W",111.221470564292,-0.0421806638866199,0.131753528763083,-0.320148266863263,0.748855937885663,0.841198869813995
"YMR179W",32.5054153678744,-0.589129153726664,0.264034616136177,-2.231257258415,0.0256640931249616,0.0667139789210555
"YMR180C",40.7098726136794,-0.178369382346969,0.230041752209255,-0.775378298217436,0.438116154906155,0.588686574137452
"YMR181C",85.3896309929886,-0.347109951913352,0.152843114537836,-2.27102119034238,0.0231456951938929,0.061301669466188
"YMR182C",42.1514425407757,0.736278923344286,0.217014975084028,3.39275629739008,0.000691931677189954,0.002945718561074
"YMR182W-A",0.365781907106217,0.677319648476522,2.20695994840906,0.306901649467986,0.75891823353015,NA
"YMR183C",194.012108012407,0.216819512891512,0.103449295359096,2.09590130255487,0.0360909471545654,0.0883633385467653
"YMR184W",41.491268189948,-0.223835102291264,0.233675020367057,-0.957890586420677,0.338117933785855,0.490833886887297
"YMR185W",20.4651394903785,-0.078132403652797,0.343392681292925,-0.227530777180855,0.820011040009055,0.890281606549416
"YMR186W",1576.25485017228,0.503573628986224,0.0366592883788596,13.7365904046468,6.12951376007127e-43,1.3790315299349e-41
"YMR187C",16.7399187992156,0.02223107709633,0.344284057727611,0.0645719039187074,0.94851485543433,0.971724342255037
"YMR188C",39.4803484078935,-0.208567326315168,0.242573864633272,-0.85980955380533,0.389894031993236,0.542967548828538
"YMR189W",119.292032956553,2.1645148948793,0.13750333143165,15.7415451127105,7.85031404953459e-56,2.1209267273999e-54
"YMR190C",65.5078906654475,-0.165748263300457,0.181080240332966,-0.915330479988779,0.360018162490687,0.513314123424926
"YMR191W",83.9792815274599,-1.09513917574693,0.16947318792154,-6.46202027104098,1.03314254758677e-10,9.85147388513354e-10
"YMR192W",55.6809734578844,-0.188422191079891,0.192377222262684,-0.979441270976495,0.327361993413677,0.479402947037588
"YMR193C-A",5.83707540459383,-1.11381111145374,0.667183870582082,-1.66942152016055,0.0950338716823752,0.192195821105559
"YMR193W",29.3646110064291,-0.557926402869645,0.268960953804693,-2.0743769494318,0.0380443163637171,0.0921164948492606
"YMR194C-A",3.9163446345599,-0.390809458764178,0.715070428008567,-0.546532821742554,0.584699732654286,0.717883879399354
"YMR194C-B",18.9999573738369,-0.761779552590518,0.338563551186039,-2.25003415140788,0.0244467774857878,0.0640765038412731
"YMR194W",238.723241716035,-0.0429836577593069,0.0935164161125969,-0.459637564676913,0.645776391219427,0.768501642359341
"YMR195W",123.292699062228,1.6605603864067,0.132684427832255,12.5151113324772,6.172127692794e-36,1.22705004005798e-34
"YMR196W",277.039976024049,0.00519462501216345,0.0839437695325107,0.0618821985371007,0.950656643834766,0.972185587564444
"YMR197C",118.020194786212,-0.168917308539254,0.129601545746141,-1.30335874905477,0.192452312696865,0.326923266299981
"YMR198W",42.0347290050528,-0.361975254062242,0.219949158551727,-1.64572238623552,0.0998209279082069,0.199515620055543
"YMR199W",96.0838672502805,0.469752838703557,0.141906911163695,3.3102886593147,0.000931998030661805,0.00382107104399736
"YMR200W",199.52882316207,-0.214761954479921,0.105127845536675,-2.0428646034128,0.0410658431571535,0.0980801890591328
"YMR201C",42.1588427262994,-1.03868482949532,0.24136877351369,-4.30331071569374,1.68264608795488e-05,9.8315051460728e-05
"YMR202W",547.851032126444,0.353781893933817,0.0620837095603785,5.69846577208393,1.20890397634283e-08,9.97740331388952e-08
"YMR203W",281.678473303804,0.359003613140103,0.0882917185638602,4.06610743317269,4.7804904846183e-05,0.000260536731411698
"YMR204C",26.4616941779098,-0.321849280161314,0.281940699795697,-1.14154955419539,0.253641302823656,0.400779884141753
"YMR205C",1124.27178823394,0.777866497320188,0.0420115014507155,18.5155605122259,1.54678367431285e-76,5.37294856538781e-75
"YMR206W",48.895962439515,-0.358581202429902,0.204827500452767,-1.75064970102777,0.0800062685185618,0.168157006353586
"YMR207C",61.8674047011763,-0.222361247192008,0.178479307844316,-1.24586569657682,0.212813705627521,0.352385606856256
"YMR208W",134.686631786112,-0.108004158370788,0.128251734493218,-0.842126297921525,0.399717262538359,0.552473225572258
"YMR209C",52.0603444370517,-0.181475089459071,0.199657102946706,-0.908933800905203,0.363385070446285,0.516019859694837
"YMR210W",85.2946717307457,-0.00101374901629832,0.151385629829401,-0.00669646793715315,0.994657031553237,0.99654861386364
"YMR211W",30.7487968270643,0.26759255717296,0.270291385062526,0.990015116874918,0.32216673024022,0.474653476713743
"YMR212C",92.8796436351494,0.0232422766779803,0.14745107963435,0.157627036272753,0.874750698034798,0.925707049376631
"YMR213W",52.6546642456698,0.145156513973248,0.192951274394084,0.752296217939354,0.451872941773023,0.601165980195507
"YMR214W",122.006822807234,-0.0265897686898693,0.127779594550191,-0.20809088323899,0.835158005476526,0.90038692200249
"YMR215W",139.569051614353,0.455167853638223,0.120146271920059,3.78844758446668,0.000151591566142645,0.000737768961627253
"YMR216C",110.834362753359,0.205909850340253,0.13889298845322,1.48250716348871,0.138205398947443,0.254796768768851
"YMR217W",445.419427605799,0.741811685961383,0.0662443514013179,11.1981122959055,4.16514074413189e-29,7.05952273040262e-28
"YMR218C",60.4239078443502,-0.0178554592379809,0.179582610006311,-0.0994275516841714,0.920798808063921,0.954309846652477
"YMR219W",127.855101417857,0.0380724426980972,0.128991271424034,0.295155185911311,0.767875334180233,0.854516434199513
"YMR220W",113.461561658498,0.216454632269934,0.130440489772827,1.65941290658221,0.097032617287165,0.195176648580801
"YMR221C",81.048466947431,-0.171453180208821,0.15559385141005,-1.10192773464406,0.270493089936236,0.420368071429913
"YMR222C",56.0161900484032,-0.164928584454147,0.187870938229168,-0.877882369720025,0.380007557748873,0.532802789995204
"YMR223W",27.5631246307486,0.103606978517607,0.269178228238963,0.384901034513201,0.700310739412569,0.808060685264877
"YMR224C",48.8520703090686,-0.192564563344116,0.201960749773841,-0.953475185449413,0.340349363121571,0.493506576526278
"YMR225C",51.8454357351539,0.647109294411987,0.196020797002504,3.30122774882769,0.000962627078870352,0.00393134909083874
"YMR226C",309.990802365859,0.121594018475458,0.0796238204819431,1.52710605619624,0.126734641232222,0.2393834484225
"YMR227C",66.9075637937306,0.32263633872147,0.174391128579156,1.85007311639149,0.0643030120568047,0.142141133644447
"YMR228W",16.1121203307828,-0.233525624324914,0.354024277356078,-0.659631667265671,0.509490227354675,0.651759857817939
"YMR229C",140.134710438012,0.572442490421945,0.120979620226992,4.7317266275748,2.22618089875666e-06,1.46146579874762e-05
"YMR230W",533.070549109591,0.610187156489568,0.062000285745045,9.84168297221652,7.44547675313671e-23,1.09720988422681e-21
"YMR230W-A",1.53958727764603,-1.50442704989327,1.36943893727207,-1.09857183766813,0.271954867259194,0.42181312282167
"YMR231W",58.6913339513017,-0.0943406178419982,0.181396337704929,-0.520080058040967,0.603007776999716,0.734784164889886
"YMR232W",5.14514369353463,-1.21065553676022,0.689444418642074,-1.75598714562767,0.0790906034605186,0.166725840305902
"YMR233W",20.9967965209682,-0.327443862261696,0.309504701181895,-1.05796086783592,0.290073283276736,0.441996456224518
"YMR234W",45.0775466344526,-0.139047034181115,0.223892269308958,-0.621044373752976,0.534570427446561,0.674482935566029
"YMR235C",206.71724467654,0.347709024629683,0.0979336765582671,3.55045411189897,0.000384567171560577,0.00173411815877744
"YMR236W",158.353107848139,-0.155601229542196,0.116828152481954,-1.33188128234957,0.182899202638886,0.314893452909325
"YMR237W",161.778573568489,0.209466207660451,0.121259816040751,1.72741650531662,0.0840928884711321,0.174686320305033
"YMR238W",318.782785960986,0.0756296154840591,0.0800771933400968,0.944458869366858,0.344935210642085,0.498327331279539
"YMR239C",13.7218166586426,0.466991060245614,0.393160046078688,1.18778870056433,0.234916667212907,0.379443834982116
"YMR240C",35.8513435856247,-0.149442442914215,0.253572679858989,-0.589347570871276,0.555628139384036,0.692563307804786
"YMR241W",139.500482512074,0.117390409214481,0.119126799137076,0.985424019320815,0.324415836157945,0.47659080233281
"YMR242C",813.537634450194,0.49968911729828,0.0489431708595898,10.2095779354347,1.79644553088429e-24,2.77680406998789e-23
"YMR242W-A",0,NA,NA,NA,NA,NA
"YMR243C",251.392618771137,-0.0765651734771658,0.0920102656428578,-0.832137294053222,0.405331453295896,0.557429942949022
"YMR244C-A",43.913127375909,-1.4882755969178,0.245797493319384,-6.05488516916633,1.40517866234888e-09,1.2389873784337e-08
"YMR244W",11.4436608720743,-2.03818270670965,0.515655670150106,-3.95260408193774,7.73052860347057e-05,0.000402241990379761
"YMR245W",30.7734687625213,-0.360067605975421,0.265240282936137,-1.35751478617641,0.174617698502597,0.30419759987143
"YMR246W",676.454914044628,0.345625012103081,0.0560828572677587,6.16275683767232,7.14892441056941e-10,6.41981535846872e-09
"YMR247C",56.5138447121585,-0.0925263632521396,0.189017947798123,-0.489510992633147,0.624479973992807,0.750705912831817
"YMR247W-A",3.91648011089095,0.13454830336542,0.725813456770538,0.185375873249973,0.852934230803101,0.912548689649213
"YMR250W",177.915807357218,1.2409423351281,0.106073998156625,11.6988362529314,1.29213336537124e-31,2.34737561375776e-30
"YMR251W",26.9888436879269,0.492834904985096,0.277773259719832,1.77423451588602,0.0760243671574337,0.161826952582254
"YMR251W-A",366.290368487017,1.39240465518608,0.0802988755579366,17.3402758819636,2.336129816846e-67,7.27537571532039e-66
"YMR252C",39.55819898213,-0.654030774518932,0.232627752049237,-2.81149075618674,0.00493125076783253,0.0166446168468966
"YMR253C",47.2720630439243,-0.799739088948777,0.218034135465415,-3.66795358553218,0.000244499553449576,0.00114413484597204
"YMR254C",2.15127115304974,-3.04663790262915,1.23500720203819,-2.46689889548916,0.013628883335139,0.0395419001582141
"YMR255W",64.761051344403,-0.559657132308824,0.179279552458042,-3.12170085565002,0.00179809544488065,0.0069483859428701
"YMR256C",32.9024266381722,-0.400089372719357,0.254214424640956,-1.57382639983719,0.115527588983608,0.222876233614394
"YMR257C",27.3087555111239,-0.422492484393853,0.273418614606606,-1.54522209470534,0.122292551795301,0.232591309401291
"YMR258C",98.0609703153968,0.333300930543616,0.144484436322165,2.30682929613565,0.0210643383608529,0.056861121740953
"YMR259C",43.8219872365358,-0.114391588031534,0.216499038106795,-0.528369959662855,0.59724258335503,0.729335061226676
"YMR260C",315.795090750005,0.464041884696156,0.0810459781753416,5.72566208889736,1.03031119379254e-08,8.54806741096645e-08
"YMR261C",297.665194332997,0.406354495922911,0.0811313387313143,5.00860089673424,5.4827131182034e-07,3.87281702047843e-06
"YMR262W",104.567117303523,0.12380479507514,0.134899311890128,0.917757054061002,0.358746070495658,0.511846684196242
"YMR263W",60.5666804027589,-0.149152958288143,0.182515389672376,-0.817207571130741,0.413809816548971,0.565738624157176
"YMR264W",133.473923109111,-0.349943479462883,0.125771493337047,-2.78237516449845,0.00539626207983662,0.0179648071978552
"YMR265C",94.3318884951519,-0.798306818182172,0.165066013051723,-4.836288242644,1.32286056061055e-06,8.92542632249723e-06
"YMR266W",193.17613063253,0.386742524385367,0.102753269747073,3.76379773935499,0.000167352258515911,0.000809488124206265
"YMR267W",53.2996784504751,0.156861115333428,0.200196444807019,0.783535968806216,0.433312440233067,0.584272105139524
"YMR268C",11.7061571570423,-0.280571870906715,0.455604366826557,-0.615823489272054,0.538011022752626,0.677415990010377
"YMR269W",24.3981642163558,-0.363775888704859,0.297979865748163,-1.2208069420781,0.222159124754611,0.364017012465419
"YMR270C",56.0956201502858,-0.541265648126303,0.191967086031118,-2.81957526843202,0.00480872518075073,0.0163006759210221
"YMR271C",25.6907242198964,-0.383435224270858,0.28701434089746,-1.33594447954029,0.181567421104311,0.313424287738834
"YMR272C",195.560867601171,1.40353282974681,0.102082574090584,13.7489952839686,5.16417007661918e-43,1.16599582944237e-41
"YMR272W-A",0,NA,NA,NA,NA,NA
"YMR272W-B",0.470544977387712,2.10865141344911,2.07375018904231,1.01683000420746,0.309234305990685,0.46233914848504
"YMR273C",116.138232163861,-0.0843159478072047,0.128298770967071,-0.657184376527231,0.511062370164738,0.653091953393494
"YMR274C",23.0093237735674,-0.00857182456528712,0.291909424351112,-0.0293646722244118,0.976573748127741,0.987192074778315
"YMR275C",133.611196970445,-0.257770128293514,0.121456031041275,-2.12233288115527,0.0338097941413336,0.0835269709111023
"YMR276W",651.341463772249,0.220546453098743,0.0570601743072078,3.86515561469085,0.00011101839434244,0.000559249632695541
"YMR277W",99.470749027483,-0.074455565788945,0.14773751905532,-0.503971951505868,0.614281087309182,0.743108502481563
"YMR278W",88.2359039460617,0.267884633033654,0.15322090150537,1.7483556773373,0.0804024577262245,0.168535921003048
"YMR279C",19.6717191350924,0.960091911240318,0.338904409352149,2.8329283560389,0.00461237222665466,0.0157703716695028
"YMR280C",85.8030318772489,-1.05368339203095,0.163759204952576,-6.43434604079867,1.24006058632491e-10,1.17360224951289e-09
"YMR281W",81.2109841320657,-0.172142757699617,0.156920388127489,-1.09700695845692,0.27263835027411,0.422455796674736
"YMR282C",36.9305908626331,-0.588786298535377,0.249111020230778,-2.36354978591441,0.0181007944116143,0.050080184800974
"YMR283C",28.0006945312102,-0.0970027452158501,0.262602941462063,-0.369389408495501,0.711837491442976,0.815438359759417
"YMR284W",40.7780494632687,-0.453797282366424,0.231589578569575,-1.95948921868301,0.0500555212731591,0.115493067696683
"YMR285C",62.7234899894784,-0.515475817032123,0.181972239819438,-2.83271677890872,0.00461542593415034,0.0157722825706478
"YMR286W",35.3338927712885,0.0976151175004895,0.247572122261683,0.394289617945394,0.693367227431727,0.803325089518357
"YMR287C",38.2074800247555,0.123003649730218,0.22936872211863,0.536270371104043,0.591771704653561,0.724613735583927
"YMR288W",44.1299323902927,0.0748629109149749,0.207356757507647,0.361034343972195,0.718073773334939,0.819650688579249
"YMR289W",62.9139336871663,0.20841173971789,0.180470215547098,1.15482623593088,0.248161591027299,0.394686183264047
"YMR290C",119.64414118564,0.202863245145243,0.127836367961369,1.58689775359188,0.112535803798052,0.21884077256576
"YMR290W-A",2.78758905670614,1.39339556205887,0.842293329771532,1.65428777933789,0.0980690548169558,0.196760572692096
"YMR291W",227.23271127209,0.583568010558886,0.092803686297347,6.28819860333035,3.21170873775839e-10,2.95122422094601e-09
"YMR292W",30.2547826886281,-1.55954523844635,0.30171215087849,-5.16898386062825,2.35370220917129e-07,1.72423005404182e-06
"YMR293C",25.0315892099789,-0.322938422724177,0.310576192318633,-1.03980417917179,0.298430887109646,0.450701584100576
"YMR294W",29.4216509432659,-0.789256867442318,0.267466803933468,-2.950859156483,0.00316891381809957,0.0114797792279934
"YMR294W-A",122.223151442635,0.0311435077397281,0.127811007048273,0.243668432468931,0.807487623773119,0.882138717382696
"YMR295C",354.297380662332,0.199121441790784,0.0767745819134392,2.59358549181403,0.00949809218162396,0.0293484549228869
"YMR296C",401.661584946316,0.461470893428677,0.0713464675255114,6.46802721191023,9.92906208843418e-11,9.48210430862249e-10
"YMR297W",1027.5959126335,0.236133215104403,0.0476126848126327,4.95946019498046,7.0689329911001e-07,4.91976541740455e-06
"YMR298W",88.4188740499641,-0.181805096571471,0.1564524576136,-1.16204692048039,0.245216406424016,0.391479323589048
"YMR299C",35.4021510660692,0.0160619026863249,0.23630288542114,0.067971673971307,0.945808183015706,0.969840965843933
"YMR300C",210.932815886408,2.26559030019862,0.107992637551526,20.9791181284709,1.01763066623609e-97,4.4676812999615e-96
"YMR301C",93.4415372395074,-0.162726936951123,0.148165024461748,-1.09828171353041,0.272081494397571,0.421903165950807
"YMR302C",138.219272547008,-0.291064893506866,0.122370682950215,-2.37855086275265,0.017380838893831,0.0483421308784863
"YMR303C",38.6462899071965,-1.023274303642,0.251068465419234,-4.07567832914952,4.58804056807467e-05,0.000251784656869514
"YMR304C-A",42.795999905514,-0.515716091330529,0.228702749995479,-2.25496235327614,0.024135691906359,0.0635039998651894
"YMR304W",149.859844076544,-0.0974488007992905,0.114644434335586,-0.850008998378753,0.395320083437931,0.547526342974618
"YMR305C",589.362251871363,0.635487822254321,0.0579652432629296,10.963256366781,5.73962116767664e-28,9.62490318887313e-27
"YMR306C-A",1.63350071541987,-2.68376976883855,1.28467003567082,-2.08907322060886,0.0367011325426076,0.089515648122826
"YMR306W",25.3525158125095,-0.142002729597859,0.280683669245124,-0.505917319592423,0.612914693252888,0.742165617840405
"YMR307C-A",0,NA,NA,NA,NA,NA
"YMR307W",1559.95947621914,0.850293778906946,0.0352956052401348,24.0906416853301,3.13319415370003e-128,1.80073213088105e-126
"YMR308C",211.185328644991,0.49637153163308,0.0972178236667202,5.10576675049556,3.29455872444934e-07,2.37223237539507e-06
"YMR309C",114.675660083893,0.382370152082658,0.129034318809885,2.96332135209727,0.00304338663105848,0.0110639967116456
"YMR310C",27.630732106969,0.0283191949630619,0.263314348099462,0.107549000529075,0.91435345391472,0.94949778837859
"YMR311C",270.586948030096,-0.190754776203891,0.0874211173087343,-2.18202171370364,0.0291079302263018,0.0739334410970992
"YMR312W",38.5138935325816,0.140757397599479,0.226670827385635,0.620977120094984,0.534614677336503,0.674482935566029
"YMR313C",90.6334075317933,-0.0247770640791845,0.145179572890698,-0.170664946767948,0.864487226818379,0.919772508910433
"YMR314W",340.786502827138,0.111882133399548,0.0760187524856284,1.47177018487247,0.141082947464059,0.258604347308723
"YMR315W",292.403292254473,0.288740919982603,0.0887558183989716,3.25320553842077,0.00114110924984313,0.00460670030492228
"YMR315W-A",1.5781208359113,0.0728312712282558,1.1593140118065,0.0628227300684192,0.949907665640443,0.971734023006291
"YMR316C-A",17.0121458289887,1.20388239542989,0.351801873653403,3.42204657106506,0.000621516670481883,0.00267294448352821
"YMR316C-B",8.78065270481845,-1.00809732559199,0.501500483139842,-2.01016222213864,0.0444140223172155,0.104614548841072
"YMR316W",92.0673856702365,0.954614198879528,0.146205342268391,6.52927029935151,6.60908843606972e-11,6.40838298969828e-10
"YMR317W",68.9832316804145,-0.488006621235987,0.172457074615235,-2.82972804870294,0.00465875852278042,0.0158774508792549
"YMR318C",519.148693585694,0.739696170922307,0.0623886522601039,11.8562614213631,1.99694098527931e-32,3.69142131840227e-31
"YMR319C",307.121385706052,0.578222168680931,0.0786926231825674,7.34785733777678,2.01409293962869e-13,2.22218072675961e-12
"YMR320W",7.45227729019655,-1.19362582892323,0.595540952256574,-2.00427161960977,0.0450409722661396,0.1056974857708
"YMR321C",19.732953233121,0.414886331073709,0.309260805515796,1.34154190791086,0.179744572791211,0.310901556548848
"YMR322C",0.150884251093592,-0.0446939756370062,3.46801041743425,-0.0128874975150946,0.989717549337354,NA
"YMR323W",1.46036839962247,0.0119428905632077,1.23762630074378,0.00964983578324927,0.992300664507276,0.995351319325123
"YMR324C",0.421324565420392,0.0649736535894451,2.07773073426502,0.0312714503943789,0.975053058553346,NA
"YMR325W",0,NA,NA,NA,NA,NA
"YMR326C",0,NA,NA,NA,NA,NA
"YNL001W",43.4469440760805,0.134039505530536,0.209603641608155,0.639490347124393,0.522503991250065,0.663695319138346
"YNL002C",79.994207526909,-0.0338523145127713,0.158866399645002,-0.21308668534326,0.831259349718994,0.897408061633108
"YNL003C",90.4951692633316,-0.07337318064477,0.150051472572583,-0.488986741594806,0.624851083453748,0.750779620011208
"YNL004W",187.196099407695,0.0587730122660795,0.104296361291285,0.56351929768609,0.573081323227472,0.708867173829794
"YNL005C",93.0616256512376,-0.414950008570221,0.151043856327665,-2.74721540259178,0.0060103646274821,0.0197111769601895
"YNL006W",87.8985671320387,-0.00140153459306511,0.152657495661204,-0.0091809091128782,0.992674797270626,0.995351319325123
"YNL007C",243.280614130146,0.405276431192861,0.095767582673005,4.23187491926849,2.31751286228225e-05,0.000132112861274557
"YNL008C",58.3026515389305,-0.531382165941841,0.194903521516749,-2.72638565894858,0.00640321335701032,0.0207808597756772
"YNL009W",21.7178845326259,-0.699545869733619,0.338338910432592,-2.06758917807945,0.0386786705664473,0.093259555805141
"YNL010W",228.820697805581,0.087695260100811,0.0924104486073277,0.948975591206654,0.342633026553317,0.495794459572
"YNL011C",61.5946078672808,-0.0798866798254862,0.178051359693115,-0.448672113277748,0.653668204354255,0.774454720376236
"YNL012W",13.03929881213,-0.0438247237791379,0.395624016328706,-0.110773668863232,0.911795826024386,0.948399672939481
"YNL013C",3.0285527158863,-0.321905872453415,0.829952107730203,-0.387860780706709,0.698119062962746,0.806540485272392
"YNL014W",27.2232061697138,-0.371901079549756,0.280990136653427,-1.32353784363776,0.18565657991326,0.318254039645236
"YNL015W",60.473569557407,0.849365036662483,0.181497078676231,4.67977249472787,2.8719342244209e-06,1.86219160685015e-05
"YNL016W",355.50681615905,0.564589795010395,0.0761392656029208,7.41522512122491,1.21418384932436e-13,1.36342278782036e-12
"YNL017C",0.762268431692791,-0.0979701649887783,1.79976648260863,-0.0544349313844193,0.956588648880541,0.975887183281374
"YNL018C",3.63337411726411,1.42448674659075,0.780594389235652,1.82487443701151,0.0680199796110977,0.148642347425288
"YNL019C",6.60593177398956,-0.132916515065131,2.50641072566881,-0.0530306201229904,0.957707510701195,0.976566221137248
"YNL020C",82.0675832138795,0.0515211713729598,0.1584314131395,0.325195429063018,0.745033167925072,0.838394390819207
"YNL021W",61.0124069707249,-0.161139937339306,0.180396581048228,-0.893253832212189,0.371721255684802,0.524207400945643
"YNL022C",39.3486950923548,-0.344757864294123,0.229210452990668,-1.50411056649393,0.13255290004882,0.247270414313556
"YNL023C",61.0244153861399,0.532713940704199,0.175800562652433,3.03021749570508,0.00244377686888307,0.00915258137741633
"YNL024C",30.4429438058742,1.22555733866163,0.257160436168807,4.76573051796016,1.88170621863029e-06,1.24436681110677e-05
"YNL024C-A",45.0465914729151,0.0791981457180069,0.217091967614001,0.364813800291427,0.715250402908681,0.817983546886519
"YNL025C",45.20191110643,0.0169385680426061,0.210043548887716,0.080643124401126,0.935725769555465,0.964247484128712
"YNL026W",82.9213992642224,-0.122102097543493,0.157747882551152,-0.774033195050337,0.438911161265291,0.589128739176045
"YNL027W",101.799503245289,-0.139258850213813,0.13977716584845,-0.996291843295786,0.319108365784558,0.471907155202333
"YNL028W",0.790725631379028,-0.0101377436459745,1.60519695536503,-0.0063155761740584,0.994960932776628,0.99669513817364
"YNL029C",44.6485703679639,0.129265655294461,0.206468232149001,0.62608011871373,0.531262391856784,0.671996967050538
"YNL030W",952.639804166033,0.033680200185605,0.0465538785418376,0.723467114675244,0.469392950829603,0.616047796376324
"YNL031C",851.844395923291,-0.406463608044759,0.0535674409593219,-7.58788549099107,3.25168071927555e-14,3.73765918313819e-13
"YNL032W",65.2923780147262,-0.142806458428349,0.175131982305696,-0.815421926642032,0.414830837568912,0.566672548641025
"YNL033W",17.3556117552637,-0.11646626183117,0.851143607429606,-0.136835030909637,0.891161193405744,0.935401139749479
"YNL034W",2.93307015125792,0.794335060679928,0.897511710927278,0.885041444037816,0.376134279226399,0.528779389208205
"YNL035C",49.9896991012255,0.237345569667338,0.193022688956849,1.22962523706422,0.218837474988001,0.359721923264208
"YNL036W",156.662593063353,0.33238059977319,0.112490282244245,2.95474945161492,0.00312923064727573,0.0113499691061831
"YNL037C",428.900348515772,0.470754500259535,0.0699415233386072,6.73068697661153,1.68863897053746e-11,1.67854961819777e-10
"YNL038W",42.4750745751857,-0.426815226619341,0.224882305162374,-1.89794935760359,0.0577027535219707,0.130191580216238
"YNL039W",102.953141630525,-0.360969907462619,0.139821772091757,-2.5816430593208,0.00983312274689697,0.0302603327855213
"YNL040W",29.5224586665008,0.922909268192504,0.287659131499765,3.20834337286894,0.00133502003432184,0.00529153395422109
"YNL041C",72.4384034779618,-0.264473465493989,0.166040685089584,-1.59282326106578,0.11119984531528,0.216956448724839
"YNL042W",68.2140245822174,-0.474973483968701,0.184802950934594,-2.57016179431466,0.0101651027708475,0.0311506445551614
"YNL042W-B",3.08592151422713,-1.18375968723219,0.894274084321833,-1.32371015551668,0.185599324368663,0.318242182983099
"YNL043C",55.7602565756427,0.139543375375223,0.196206545638026,0.71120652433615,0.476956266173335,0.622228129333022
"YNL044W",71.200978168285,0.030298848334656,0.168413184723593,0.179907816507263,0.857224938644764,0.91512598144414
"YNL045W",163.994804954054,0.219761836718762,0.113968865612038,1.92826203488639,0.053822541513395,0.122839749981113
"YNL046W",63.4498103391444,0.0461132123893352,0.17928596522833,0.257204808701047,0.797020672051506,0.874026832386751
"YNL047C",46.8540977127589,-0.590962624999684,0.209792968475544,-2.81688480454755,0.00484919147461938,0.0163938975949432
"YNL048W",63.6240466983685,-0.326248757244318,0.178480767002607,-1.8279210848503,0.0675613961269831,0.147844633546136
"YNL049C",84.499312597064,0.367037642621813,0.149850747310599,2.44935476938961,0.0143112410499036,0.0412002121664348
"YNL050C",26.8517377331427,-0.728353430656504,0.291550531281089,-2.49820649427761,0.0124823459996969,0.0368409857189932
"YNL051W",38.7002314863543,-0.515589615113029,0.233224109749193,-2.21070461226109,0.0270562989374819,0.0695324885702278
"YNL052W",139.152313011876,0.0137716489194814,0.119642969490136,0.115106211239741,0.908360936773385,0.946383376109866
"YNL053W",60.5115621742256,0.0581734697794938,0.179655428311423,0.32380580050525,0.746085064437934,0.838831544971834
"YNL054W",90.3586727855258,0.0392604029454827,0.147041011052032,0.267003080736368,0.789466789092946,0.869036368399967
"YNL055C",894.816689466732,0.398454077974521,0.0467757301128845,8.51839355607974,1.61781632649042e-17,2.08731322776989e-16
"YNL056W",104.422616655106,0.00635929569634536,0.140284638207343,0.045331376105103,0.963843178621223,0.979964068067444
"YNL057W",18.8857484089977,1.03203486028746,0.360763056466098,2.86069995746487,0.00422706894957306,0.0146751948924771
"YNL058C",82.4164355680164,0.447520609218985,0.157098715804839,2.84865860886432,0.00439039633004238,0.0150608144601627
"YNL059C",147.039743766372,-0.135515141797114,0.118832051059849,-1.14039218029539,0.254122949227375,0.401340316016853
"YNL061W",151.926683615985,0.230856483223302,0.115084686938042,2.0059704671881,0.0448593990047442,0.105310479208315
"YNL062C",23.7795170522929,0.601890539747243,0.289584071454037,2.07846563081,0.0376664932765805,0.0913065837785821
"YNL063W",35.0739524130394,-0.30300668743564,0.249221450747517,-1.21581303104849,0.224056153635127,0.366110882212788
"YNL064C",415.168418880826,0.856076338958903,0.0699827831692061,12.2326706682851,2.07986091470732e-34,4.02106443510083e-33
"YNL065W",27.3786624440616,-0.0393207113672579,0.265560892856104,-0.148066648460036,0.882290169949813,0.929949725645668
"YNL066W",333.10015728145,0.558359284079718,0.0777484459850236,7.18161343298453,6.88934886709001e-13,7.40722169009235e-12
"YNL067W",463.708780223345,1.00311790603258,0.0658476239094635,15.2339271560019,2.10554988104291e-52,5.47789561644167e-51
"YNL067W-A",0,NA,NA,NA,NA,NA
"YNL067W-B",0,NA,NA,NA,NA,NA
"YNL068C",82.7148061100076,-0.270617739739753,0.157759966671446,-1.71537650171635,0.0862762207605906,0.178015100407459
"YNL069C",1008.77708031188,0.486112200515719,0.0464254628548566,10.4708099957019,1.17632109412016e-25,1.87322467431426e-24
"YNL070W",34.6735055883898,0.301598964005296,0.245792456503232,1.22704727515236,0.219804822902576,0.361030420989889
"YNL071W",734.024236964917,0.380495258427925,0.0519695587808821,7.32150257484765,2.45209618092736e-13,2.69134584302479e-12
"YNL072W",42.6579469433579,-0.0809486871364397,0.218812616109798,-0.369945246191017,0.711423287691168,0.815228933257851
"YNL073W",148.328733135574,0.313323443940698,0.11584392566619,2.70470326466278,0.00683654290844797,0.0219728643961404
"YNL074C",176.501643496963,0.00888730384713489,0.105804404150635,0.0839974849674679,0.933058431408481,0.962126146365099
"YNL075W",37.4214615405766,0.332420750518522,0.235906101322593,1.40912315813295,0.158798754234733,0.283514748452974
"YNL076W",109.777450058191,-0.371974471272198,0.136659762985452,-2.72190192011232,0.00649074031803907,0.0210002355632769
"YNL077W",61.5321676598896,-0.817801231501352,0.189159710583232,-4.32333729513458,1.53686491856475e-05,9.06348882011789e-05
"YNL078W",110.429169640711,-0.328565682033346,0.13948811823227,-2.35551017676096,0.0184972903628218,0.0509541915789801
"YNL079C",537.287533315286,-0.0132604787524036,0.0617998649065225,-0.214571322647082,0.830101554363904,0.896464302474992
"YNL080C",126.927294629448,-0.118069791054425,0.128607034353076,-0.918066353433501,0.358584128640877,0.51173987695729
"YNL081C",79.4618867428694,0.0185780128130575,0.15856412786251,0.1171640336531,0.90673006755946,0.945463877141828
"YNL082W",26.9517189167445,-0.566541994720493,0.288067733384067,-1.96669716550707,0.0492181338734955,0.113935204082109
"YNL083W",46.0928928810029,-0.576744194079746,0.211478485698977,-2.72720032098535,0.00638742485161442,0.0207402670323094
"YNL084C",136.486720594758,-0.358564658151077,0.126624915045731,-2.83170699874965,0.00463002539756926,0.0157985605920931
"YNL085W",135.15961183017,0.304593653958194,0.120096796014574,2.53623463794348,0.0112051628743516,0.0337168204148744
"YNL086W",12.4993401729699,-0.220924383969667,0.418613808463773,-0.527752261160268,0.597671295132715,0.729576738333467
"YNL087W",205.070137953776,-0.0998532799703224,0.0980474783443845,-1.01841762436353,0.308479530037734,0.461806201491488
"YNL088W",99.4578869659358,-0.208676316064816,0.143761434951274,-1.45154586232075,0.14662792124588,0.265610807483225
"YNL089C",21.6792031890941,-0.327400874662246,0.344605081030898,-0.95007558705407,0.342073846844655,0.495325437414547
"YNL090W",31.1726370398771,-0.347343067001006,0.260105891658252,-1.3353910008981,0.181748408549599,0.313424287738834
"YNL091W",261.125161340535,0.0237796172319012,0.0868866001646872,0.273685668294405,0.784326192436469,0.865057604428359
"YNL092W",22.1753149278779,0.287995386448577,0.294576234108797,0.977659950470444,0.328242535934501,0.480433057267602
"YNL093W",10.8570697796706,-0.250448665197762,0.445817455536365,-0.561774022276553,0.574269993542003,0.709781993973127
"YNL094W",155.550538452558,0.524634661265131,0.110580232903332,4.74438014363525,2.09145767526111e-06,1.378748219291e-05
"YNL095C",35.6116371672388,0.145700881272911,0.23552586818404,0.618619442510918,0.536167090515539,0.676036766302201
"YNL096C",266.784119967242,0.701656864783152,0.0907963214150882,7.72781158804252,1.09411116181033e-14,1.27619386807471e-13
"YNL097C",102.894979440977,-0.200756021232607,0.147811694487505,-1.3581876720152,0.174404141376158,0.304056114480285
"YNL097C-B",3.48755750404344,-1.29045033171043,0.852419050881999,-1.51386847862585,0.130059200224511,0.243872864208741
"YNL097W-A",19.5480056617449,1.4081194516342,0.359021401774636,3.92210448924184,8.7778907955122e-05,0.000452272417353123
"YNL098C",572.911780430318,0.781429436999461,0.0609879928688242,12.8128406960399,1.38952878845019e-37,2.8429129451722e-36
"YNL099C",63.420391878783,0.167387688464421,0.179250662483874,0.933819078517933,0.350397226416868,0.503472239974377
"YNL100W",99.8180565795722,-0.64320452050456,0.148579309105351,-4.32903157497181,1.49766462257583e-05,8.84055625016285e-05
"YNL101W",81.4101575459386,-0.561304344441933,0.157472212227714,-3.56446598737214,0.000364597723919256,0.00165469261350864
"YNL102W",48.0867599018623,0.246718959152991,0.213994339478033,1.15292282849527,0.248942061123407,0.395430077995523
"YNL103W",132.25044037372,-0.510333287700998,0.134788578478572,-3.78617605038492,0.000152983308983578,0.000743969599533986
"YNL103W-A",2.80199561482565,0.862175947116444,0.856536817066423,1.00658363999966,0.314134899561326,0.467614983524064
"YNL104C",688.177905703156,0.310636138805621,0.0553792056916939,5.60925594590483,2.03198324190848e-08,1.64273632421297e-07
"YNL105W",2.27262992245507,1.52885743021258,0.951125082183785,1.60741994807068,0.107962277056883,0.212496113186057
"YNL106C",66.3781224777433,-0.110408426120603,0.171071245745343,-0.645394412366397,0.518671623489346,0.659767002756468
"YNL107W",18.5609484774585,-0.468468033479727,0.335880802363003,-1.39474489218777,0.163092782212073,0.290034477959135
"YNL108C",21.4132733701363,0.490851623940285,0.323327239838532,1.51812641639911,0.128982532910379,0.24239820840054
"YNL109W",21.3056519530898,0.028103658043573,0.307727634416369,0.0913264032880047,0.927233238859785,0.958283614868919
"YNL110C",38.7329232894322,0.391980685951048,0.238545938591629,1.64320838269264,0.100339826096131,0.200046792992665
"YNL111C",26.060734209725,0.289523893463834,0.281543930686931,1.0283435794813,0.3037882382978,0.456404287670792
"YNL112W",404.604824043215,1.10506356080174,0.0746761453458527,14.7980798377285,1.50724241421618e-49,3.78126450106139e-48
"YNL113W",22.9011812467148,0.477555730834517,0.306825824470048,1.55643916759404,0.119603697546698,0.228645534631849
"YNL114C",12.4970871420344,-0.431087417442182,0.435398576359128,-0.99009836239476,0.322126043722191,0.474653476713743
"YNL115C",138.682406136049,-0.00596009594894888,0.118952542345678,-0.0501048219013994,0.960038857244953,0.977938279653659
"YNL116W",40.6959209792061,-0.0215500812792347,0.217490996623819,-0.0990849350720874,0.921070833292624,0.954435307011305
"YNL117W",12.2627014935275,0.767481194629326,0.418140330698474,1.83546321242752,0.0664370850412571,0.145939976244207
"YNL118C",194.29008324947,-0.286356914859793,0.10134121020526,-2.82567096129792,0.00471817026024598,0.0160367055834812
"YNL119W",20.9762698564293,0.782938015454285,0.322505759694465,2.4276714195617,0.0151961037072089,0.0433136914503944
"YNL120C",0,NA,NA,NA,NA,NA
"YNL121C",173.542770352455,0.0920328217568122,0.114376174141728,0.80465029056463,0.421021512563206,0.572162081346643
"YNL122C",18.5797056527114,-0.535865490560708,0.334113783164047,-1.60384131862529,0.108749034340419,0.213711966148626
"YNL123W",96.5625361775181,0.230358586509518,0.145204996182407,1.5864370549629,0.112640200285617,0.218909113496978
"YNL124W",47.1219530378173,0.258109189857535,0.209798035290689,1.23027458050266,0.218594299823555,0.359509147628647
"YNL125C",111.715536058239,-0.412296880053075,0.141649861428555,-2.91067619759747,0.00360647556794626,0.0128493324260613
"YNL126W",16.6612103661421,-0.59198031049499,0.360248059532215,-1.6432574578297,0.100329676296491,0.200046792992665
"YNL127W",53.1796859503563,-0.054332229637563,0.197071658164793,-0.275697835718874,0.782780158078338,0.864061401226135
"YNL128W",6.65089010412479,-0.795188377319108,0.566223545793313,-1.40437179489772,0.160208165268537,0.285869607910723
"YNL129W",19.7180355723611,-0.497175868051131,0.343893321113584,-1.44572702500064,0.148253781223554,0.267865220032954
"YNL130C",92.3426958052109,0.026787018963904,0.153172115967351,0.174881823592577,0.861172492840768,0.917412774796081
"YNL130C-A",0.459463565457162,-1.62665613447629,1.80886284969779,-0.899270021907999,0.3685088511025,0.521283579895832
"YNL131W",125.385733629983,0.381944190659633,0.133344003520484,2.86435220614145,0.00417863101911858,0.0145388275286565
"YNL132W",62.9137091796864,0.835304566666803,0.183426225277139,4.55389934239088,5.26605607641528e-06,3.33587239630235e-05
"YNL133C",11.1400916440751,-1.3033445099253,0.477761183880987,-2.72802511777509,0.00637147562568542,0.0207097526506855
"YNL134C",220.187035720292,1.65356376375418,0.0973802796604659,16.9804786915752,1.14547950351991e-64,3.41590633077965e-63
"YNL135C",656.074805952557,0.36166480946374,0.0550575162882885,6.56885442434443,5.0703823839078e-11,4.94675268997918e-10
"YNL136W",89.1993447972914,-0.884394941525295,0.157111851019567,-5.62907849271759,1.81174941950282e-08,1.47033117202783e-07
"YNL137C",77.1935641320576,0.0525547414547479,0.159462132675059,0.329575056931168,0.741721072181113,0.83644546677776
"YNL138W",344.029868719639,0.113257197035853,0.076406399274468,1.48229988733023,0.138260518281585,0.254796768768851
"YNL138W-A",24.1065580269287,-0.0670964543363776,0.284076891775424,-0.236191173161034,0.813284328577469,0.885823688895488
"YNL139C",81.3946795810577,0.0930782884823023,0.152124080866358,0.611857688488334,0.540631917857444,0.679227938134889
"YNL140C",28.3944871443715,-0.633102211426459,0.283231697227254,-2.23528022330948,0.0253989575901017,0.0661802224919506
"YNL141W",77.9311494247233,1.23629933359481,0.160195873652937,7.71742308589822,1.18705114849756e-14,1.379510544265e-13
"YNL142W",37.4329733678856,-0.387609888892515,0.234261709768932,-1.65460198030161,0.0980052615585371,0.196695004308912
"YNL143C",2.21427052708494,-0.552805681573341,1.0065502930051,-0.549208206897358,0.582862572947268,0.716340821573217
"YNL144C",164.360896644395,0.44681711690595,0.11231738182993,3.97816535273693,6.94490697310356e-05,0.000367304809453155
"YNL144W-A",0,NA,NA,NA,NA,NA
"YNL145W",36.2061600709285,0.366723639671857,0.234556864087147,1.56347434597184,0.11794106518243,0.226358049205624
"YNL146C-A",2.70973187550308,-0.75049690630385,0.925736108791853,-0.810702854924064,0.417536333455044,0.569015887066779
"YNL146W",9.08655886567601,-1.45809567163005,0.572455534895843,-2.54708983099508,0.010862546676334,0.0330000096529475
"YNL147W",68.6507956205805,-0.629917748560171,0.183066887233035,-3.44091582088418,0.000579748867698497,0.00250867374509918
"YNL148C",63.312479608054,-0.440925688541587,0.178581545036138,-2.46904397905372,0.0135474567430135,0.0393417645977637
"YNL149C",87.9268334396706,0.272696860552413,0.153376423476309,1.77795813966503,0.0754107302381597,0.160737234175875
"YNL150W",47.3000775926805,-0.63596312049779,0.215788009358167,-2.94716616733886,0.00320700819396869,0.0116054412148083
"YNL151C",92.9023410264462,0.0230652455701746,0.150629381305702,0.15312580699886,0.878299064825863,0.928063962532025
"YNL152W",58.6867982718945,-0.0310134319423836,0.192376005083893,-0.161212579130433,0.871925973994213,0.923842143839255
"YNL153C",123.398484576016,0.144295978881977,0.137491004367832,1.04949396177177,0.293950832865499,0.446291346151702
"YNL154C",282.0925998509,0.457292210259104,0.0830437536891784,5.50664185979221,3.65743256665771e-08,2.87948800577959e-07
"YNL155W",117.835175711759,-0.310109217662882,0.145798749582695,-2.12696760809318,0.0334227746624454,0.0827772555585873
"YNL156C",144.378305397489,-0.541476168009237,0.121376273153594,-4.46113687577171,8.1525995945096e-06,5.02836435477948e-05
"YNL157W",165.378947295171,-0.0815345786701678,0.112260371232353,-0.726298851278606,0.467655583421751,0.615248866986722
"YNL158W",38.4436605868948,-0.106042547787331,0.225915009032631,-0.469391335446926,0.638789940530859,0.76283150812922
"YNL159C",73.0540063321023,-0.170727122581334,0.162763253964213,-1.04892915583312,0.294210725448118,0.446578680980312
"YNL160W",198.959945173567,3.02582488315867,0.12267139752821,24.6660993852527,2.47271057837833e-134,1.4747619128781e-132
"YNL161W",119.722317886564,-0.150676785534386,0.133665656505865,-1.12726626624375,0.259629920488399,0.407709361780674
"YNL162W",783.176430614405,0.743200668800529,0.0500543074779087,14.8478863508108,7.17968549097806e-50,1.81559886695853e-48
"YNL162W-A",0.971276480755081,2.39147637018161,1.57991382436144,1.51367519753692,0.130108238523713,0.243872864208741
"YNL163C",84.8989053053197,0.354428320702194,0.157007793199216,2.25739317444253,0.0239835178442454,0.0632292743166468
"YNL164C",19.0961565030325,-0.558695131629525,0.330084066410186,-1.69258437011391,0.0905346082130809,0.184751385772465
"YNL165W",42.8230339476458,0.482341326519991,0.222656385869321,2.16630358315024,0.0302879960976959,0.0765922845318533
"YNL166C",72.5249899104819,-0.0679641256374876,0.163353791253848,-0.416054779725759,0.677369918728346,0.790681799520052
"YNL167C",108.259396299355,-0.356476758965702,0.143620917380395,-2.48206713525954,0.0130622662766235,0.0382667504174301
"YNL168C",68.2753373748495,0.350966416937336,0.170447456019885,2.05908861964118,0.0394857498334865,0.0947267494416197
"YNL169C",107.845414561909,0.0555300869761503,0.138517081112825,0.400889814671449,0.688501249138303,0.799541678371115
"YNL170W",20.6147840486925,-0.0845159110131161,0.318230622693045,-0.265580698356102,0.790562152385415,0.869659635876213
"YNL171C",5.95479063401641,-1.15494311662919,0.643252914007948,-1.79547280933875,0.0725784011504824,0.156068249004541
"YNL172W",49.6876862762653,0.162657913009822,0.202117329227116,0.804769752459208,0.420952559434167,0.572162081346643
"YNL173C",286.68314160837,-0.177099050357201,0.0825316322816032,-2.14583239736406,0.0318863528812946,0.0796151354326796
"YNL174W",1.99705353686262,-0.151713348347578,1.07938454597195,-0.140555420136172,0.888221168088744,0.933710379889764
"YNL175C",71.4624467597177,0.965399959187895,0.169364501144215,5.70013168441864,1.19714916118897e-08,9.89330326410023e-08
"YNL176C",156.128079582195,0.0163562903041826,0.115838418956483,0.141199184618768,0.887712590202578,0.93348668950356
"YNL177C",93.2729322437433,-0.13609333338241,0.151545880862832,-0.898033866757433,0.369167494415517,0.521886605477392
"YNL178W",2332.332860671,0.695643664874908,0.0294573611604998,23.6152743310802,2.68560311985024e-123,1.43884601048247e-121
"YNL179C",7.71976941782501,-0.217064862792065,0.519824829991367,-0.417573094374252,0.676259271898997,0.789676970252209
"YNL180C",123.821865045523,-0.367477296652491,0.12881929653304,-2.85265722250113,0.00433553596673178,0.0149206632453339
"YNL181W",65.8666511797302,0.259632554381821,0.174055300493749,1.49166703711585,0.135786454556468,0.251816358376648
"YNL182C",30.9548178997063,0.564517791449126,0.25769321944483,2.19065830550495,0.0284765284475287,0.0726507719311044
"YNL183C",87.1370119077154,0.208712939792228,0.155851936571832,1.33917450359067,0.180513870616732,0.312061441082576
"YNL184C",8.86620092130862,-0.507074039132622,0.499416989652309,-1.01533197636236,0.309947606720947,0.46310481827832
"YNL185C",49.5664901604676,0.104435883019151,0.210110228618725,0.497052826536422,0.619151799362844,0.746468781078507
"YNL186W",66.1650261406465,0.238598242391464,0.167799608672754,1.42192371173394,0.15504839878356,0.277760265545387
"YNL187W",18.9824131158804,0.795544695530753,0.316103501380535,2.51672218768957,0.0118452187457516,0.0354166630762561
"YNL188W",46.540739434936,-1.18907112867698,0.234054630940535,-5.08031447144953,3.76810579049531e-07,2.69479239903974e-06
"YNL189W",171.713556059752,0.201137293817626,0.10823164006612,1.85839643282453,0.0631127384876244,0.139888909833448
"YNL190W",271.887427646567,0.619132286251354,0.0895889288479633,6.91081246547831,4.81885754321957e-12,4.96162748760935e-11
"YNL191W",38.3990720628924,-0.399355503288561,0.237009499485796,-1.68497678006571,0.0919930515180586,0.187183801640543
"YNL192W",461.199540189652,-0.105196494798304,0.0685381384007178,-1.5348606958546,0.124818049832539,0.236186683939333
"YNL193W",67.362981390732,-0.57302191468742,0.180276598319401,-3.17857070761996,0.00148003114660523,0.0058152622180474
"YNL194C",17.5730041878617,1.28067626572053,0.357655242713256,3.58075630600301,0.000342601082619326,0.0015615890730493
"YNL195C",22.5692929018584,0.433840976970155,0.292613003887886,1.48264421336647,0.138168963641677,0.254796768768851
"YNL196C",17.0301446349839,0.0822801755197171,0.343850428827137,0.239290600277488,0.8108802536155,0.884469455375637
"YNL197C",136.228832600346,0.109760243382281,0.118668568149563,0.924931050351475,0.355001773976249,0.50862304054648
"YNL198C",2.16555247399535,0.882710023624625,0.957297034397533,0.922085822798094,0.356483811327023,0.509707363562691
"YNL199C",91.4266826521273,0.145746653677981,0.14627319313313,0.996400301081351,0.319055686783002,0.471907155202333
"YNL200C",90.5801940957747,-0.165057219142292,0.151689638642007,-1.08812454574985,0.27654012904449,0.425995783581693
"YNL201C",44.0406810223012,-0.128521756562665,0.215362179726195,-0.596770318382104,0.550660737337893,0.68867995676561
"YNL202W",10.5164927255244,-0.447629401215484,0.448202945521487,-0.998720346861317,0.317930181287009,0.471046310310867
"YNL203C",4.90079499894202,0.446007412321415,0.628520005676249,0.709615299900499,0.477942729201759,0.622999472863979
"YNL204C",12.8903426933095,-1.04721949255273,0.425938763505073,-2.45861513973302,0.0139474044616017,0.0403733933178782
"YNL205C",1.42928966927081,-0.554660618497557,1.22522952810009,-0.45269935614239,0.650765243262362,0.772506991139086
"YNL206C",80.2924798841585,-0.284426040843743,0.15907709577308,-1.78797607198883,0.0737798683706614,0.158036843041901
"YNL207W",49.7304702764094,-0.111817809496735,0.211306456317755,-0.529173653494939,0.596684991525152,0.728794922028983
"YNL208W",1405.83471537883,1.038450688133,0.0382595566728997,27.1422561691251,3.12524953258119e-162,2.12449758548154e-160
"YNL209W",2578.65559912061,0.91125370898442,0.0293020769378078,31.0986047480017,2.51543420814242e-212,2.27179643769663e-210
"YNL210W",2.55258646789174,-1.23205460183462,0.963820759269038,-1.27830262005252,0.20114274438694,0.337390403293774
"YNL211C",4.34064553646063,-1.33076900912056,0.810534977179761,-1.64184032347492,0.100623099929695,0.200548309506788
"YNL212W",107.94538693864,-0.289656664101132,0.138636620975952,-2.0893228792079,0.0366786682109665,0.0894953841874682
"YNL213C",30.7975176984531,-0.594007575800169,0.271455105375844,-2.18823504895122,0.0286524852980075,0.0730701944550235
"YNL214W",15.1726318809081,-0.846978644090211,0.384605577998174,-2.20220062459477,0.0276511399683305,0.0708021494045303
"YNL215W",130.817928305386,-0.321926972688562,0.129228109618982,-2.49115284312165,0.0127329331605183,0.0374407457864171
"YNL216W",75.8615294878336,0.237861724187719,0.160172984013634,1.48503023560747,0.137535814881877,0.254314542756135
"YNL217W",192.309393091607,1.77505187604609,0.109568913184184,16.2003238369468,5.01622209284376e-59,1.39702890180433e-57
"YNL218W",38.9644853125811,0.10272349370625,0.231910922458844,0.44294375019995,0.65780642131796,0.777318167396663
"YNL219C",124.777397644385,-0.589349282995703,0.129852069900599,-4.53862062766382,5.66234012300313e-06,3.56546954757229e-05
"YNL220W",296.793363181723,1.17445414123337,0.0815763358494426,14.3969955135144,5.40422404067559e-47,1.31913144344213e-45
"YNL221C",94.4541080510581,1.21936578981833,0.146730176766379,8.31025912113352,9.54933194930748e-17,1.18840308235279e-15
"YNL222W",19.1977780031535,-0.387068104858479,0.326261087263703,-1.18637532935587,0.235474110005524,0.380247081342253
"YNL223W",65.0405063797784,-0.267725311950022,0.173822200395523,-1.54022507677861,0.123505499324511,0.234354244807537
"YNL224C",71.8628635767345,0.232312672536943,0.171160963118197,1.35727603014548,0.174693520597663,0.304245850473396
"YNL225C",33.8663223747928,-1.65210722085692,0.291143225766044,-5.67455147379771,1.39052502116053e-08,1.14167521867232e-07
"YNL226W",1.15578751867963,-1.00940101031079,1.42819911633236,-0.706764903274098,0.479712588445956,0.62479253896896
"YNL227C",28.6638341277535,-1.21630346876675,0.30266482296884,-4.01864827513163,5.85329699554781e-05,0.000313332291328139
"YNL228W",25.3568066102023,-0.0359066073487351,0.285029583038749,-0.125975019736298,0.899751698384426,0.941136703703895
"YNL229C",128.298573013421,0.145671110121932,0.126136540768348,1.15486844045818,0.248144304974886,0.394686183264047
"YNL230C",25.4102170118775,0.600203610398333,0.294399869593732,2.03873599273874,0.0414763834984549,0.0989485647083893
"YNL231C",115.625618462681,0.448024943391565,0.137431045486873,3.25999807251964,0.00111412970946979,0.00450353454173146
"YNL232W",77.0785982385457,0.145837643836161,0.16000372364147,0.91146406169239,0.362050913048744,0.515282726765907
"YNL233W",65.7950731625762,-0.674344055112607,0.177985598845179,-3.78875627853008,0.000151403355385792,0.000737420656971479
"YNL234W",46.7235593163815,-1.05809303252726,0.231692820469713,-4.56679249008311,4.95243833317954e-06,3.14666483842824e-05
"YNL235C",19.8451758703094,0.358938511798934,0.319932687643166,1.12191884625204,0.261896946746041,0.410642980488213
"YNL236W",55.4236556699413,-0.144146774663662,0.187595584216908,-0.768391085885004,0.442254874673101,0.592233704232862
"YNL237W",53.6074708879314,-0.376580696356527,0.192477751817663,-1.9564894789153,0.0504075206427281,0.11609338634001
"YNL238W",144.384072194383,-0.0857610889984926,0.125790755837568,-0.68177576664882,0.495380749833444,0.639142265397353
"YNL239W",265.103950519296,-0.02349891621064,0.0874886809694204,-0.268593787793571,0.788242293306652,0.868621771371279
"YNL240C",66.3353168437774,0.320078344867857,0.171119066010255,1.87050077078305,0.0614143100643207,0.136915280872339
"YNL241C",684.999788397166,0.339403363072279,0.0529817583195391,6.4060418875738,1.49345949464843e-10,1.3987631000248e-09
"YNL242W",86.8465794875082,-0.0610410771287507,0.153124532479995,-0.398636822853486,0.690160825131516,0.800733480727004
"YNL243W",429.628578739532,0.394782413480545,0.0694484076605206,5.68454233551805,1.31163429245646e-08,1.07830325057344e-07
"YNL244C",305.797146655624,0.192231028328856,0.0796752795220857,2.41268094046122,0.0158356751338146,0.0448334698593713
"YNL245C",42.1130330433953,-0.100541937627488,0.21865724407962,-0.459815260412216,0.645648828623245,0.768501642359341
"YNL246W",97.8556932492589,0.272473633305778,0.143610111031098,1.89731510789499,0.0577863622054951,0.130333707407471
"YNL247W",287.524030081317,0.423203334993069,0.0810746911523308,5.21991917549108,1.79001232315514e-07,1.32666563974054e-06
"YNL248C",72.1950495345103,1.2445171934883,0.169783682169596,7.3300165103332,2.30124379654402e-13,2.53016752726109e-12
"YNL249C",22.7016270262049,0.0844573563630074,0.297832160100501,0.283573662207963,0.776737123381132,0.860440177679256
"YNL250W",49.9864240292455,-0.595489568425905,0.210941458404261,-2.82300868179584,0.00475752832820086,0.0161531117566519
"YNL251C",144.414431329074,0.597848821434906,0.114055254562966,5.24174728929173,1.59063119850582e-07,1.18444881471776e-06
"YNL252C",60.7981588635893,-0.0389446242710988,0.184534030452133,-0.211043048134154,0.832853680209977,0.898515523257248
"YNL253W",39.7958393292563,-0.366916918979232,0.224637866144317,-1.63337074588978,0.102391045832612,0.203175201429307
"YNL254C",15.4813498837409,0.306090724944982,0.354487776354313,0.863473285575415,0.387877301217458,0.540957489145549
"YNL255C",436.060770508614,0.784431656503327,0.0659626812578058,11.8920523172411,1.30168153614935e-32,2.41326412655019e-31
"YNL256W",67.381699525024,-0.29229231912864,0.174366971613315,-1.6763055320869,0.0936783618808615,0.190123468318076
"YNL257C",70.3405551239342,0.00378216095318391,0.187646442086231,0.0201557829241753,0.983919100827129,0.991070081186596
"YNL258C",78.2884777005918,-0.177823739678921,0.159190134602629,-1.11705251159443,0.263971873432563,0.412566176474823
"YNL259C",26.6129004381364,-0.892072503120786,0.296803085092523,-3.00560387653214,0.00265054045314857,0.00979924955836565
"YNL260C",15.951340817178,-0.401170908930761,0.368187756902718,-1.0895824247539,0.275897128462648,0.425835362827359
"YNL261W",43.5618684296503,-0.0934735385759005,0.213631448705598,-0.437545778686895,0.661715583907298,0.779896704224821
"YNL262W",73.021163348284,-0.164426018909917,0.166327361058255,-0.988568674833525,0.322874218809817,0.47514218140495
"YNL263C",128.362573503295,-0.331860359384671,0.128889196075452,-2.57477251382962,0.0100306034439279,0.030798190856004
"YNL264C",70.6179434218587,0.00507550767478179,0.167198166517111,0.0303562400264859,0.975782944157391,0.98670821704463
"YNL265C",43.8545560283967,-0.352314912227219,0.215431736055744,-1.63539002506138,0.101967312133392,0.20246147842566
"YNL266W",13.2988378513591,-0.806391687969311,0.400452900547354,-2.0136992062415,0.0440411234194252,0.104085227012189
"YNL267W",125.184000113658,-0.120055158864552,0.132652912005152,-0.905032215650792,0.365448320410677,0.517902775529321
"YNL268W",292.582654565396,-0.223699151334718,0.0851927883664838,-2.62579915065586,0.0086445809684002,0.0270817843816779
"YNL269W",0.474601843921165,2.00747885554344,2.06936843328136,0.970092528356696,0.332000372946557,0.484176783798878
"YNL270C",8.17211334998321,-1.14869544417558,0.533519518935474,-2.15305233155772,0.0313145659704844,0.0785597960576993
"YNL271C",210.173318016031,-0.110937273541831,0.0980935851101764,-1.13093301072878,0.258083287950031,0.406376723890434
"YNL272C",87.5153576191919,-0.270806881860536,0.149062306198356,-1.81673616065067,0.0692575220104857,0.150825371736235
"YNL273W",34.9649954097621,-0.0962559787693342,0.238681080156338,-0.403282818672874,0.686740179760845,0.7977896759368
"YNL274C",76.0362651804843,0.624268321020767,0.159212698171372,3.92097067753241,8.81929951705714e-05,0.000454035924648495
"YNL275W",44.6156224470381,-0.102882250578132,0.209858161351608,-0.49024660235042,0.623959407454763,0.750222779370295
"YNL276C",9.03021298967385,-2.33841115373441,0.616672177595868,-3.79198419953181,0.000149448424711047,0.000729585282643427
"YNL277W",69.6910448570594,-0.260399973809307,0.167914961800164,-1.55078481999245,0.120953259624834,0.23046006851965
"YNL277W-A",0.0826001337085383,0.671886301116372,3.5338115409304,0.190130767680801,0.849206660687331,NA
"YNL278W",64.9440655422192,-0.46601844619402,0.176549037312917,-2.63959777570492,0.00830044758200171,0.0261201740236012
"YNL279W",23.9922984574206,-1.38591873430352,0.345689146592766,-4.00914737406026,6.09383779461334e-05,0.000325657164307232
"YNL280C",173.798273024224,0.513933625143834,0.10362973162015,4.95932602650786,7.07381645748297e-07,4.91976541740455e-06
"YNL281W",103.908111365183,0.658227842385831,0.140828465035235,4.67396873367287,2.95434327717288e-06,1.91051288983816e-05
"YNL282W",16.5540674666216,0.231762276257717,0.372407635561252,0.622334920465393,0.533721663753655,0.673625146386625
"YNL283C",207.892726866131,-0.330077358979429,0.103646351670858,-3.18465004950325,0.00144929153444393,0.00570156881191943
"YNL284C",60.2975539348411,-0.657472953241451,0.184847639083948,-3.55683716870662,0.000375346645386384,0.00169738304158278
"YNL285W",6.25195294096508,0.0414918944991372,0.551774442282379,0.0751972025516599,0.940057810094936,0.967292557848338
"YNL286W",36.6710320280431,-0.0683341769119993,0.238606763440862,-0.286388264634987,0.774580761931599,0.858829386536857
"YNL287W",298.322240564952,0.0237395825698531,0.0806734715555301,0.294267522050447,0.768553488154306,0.855120582912975
"YNL288W",127.400792812324,0.0905320329739659,0.126777657292846,0.714100851105365,0.475164819715106,0.621044447020654
"YNL289W",58.7446725855394,0.716919326541928,0.185109345196516,3.87295047573547,0.000107525683309299,0.000543387186156184
"YNL290W",143.683098402205,0.0119708988922304,0.117638474277617,0.101760065877598,0.918947123861625,0.953015701616338
"YNL291C",65.0647872727167,-0.0717659342843401,0.183316805007366,-0.391485844854521,0.695438149658317,0.804199740651158
"YNL292W",51.1217452921148,0.154713027608195,0.194428964790137,0.795730346942851,0.426188784140663,0.57732279694392
"YNL293W",101.28950361871,-0.53542926856366,0.144090618839814,-3.715920390063,0.000202465328392059,0.000963119492922947
"YNL294C",196.634384232826,-0.209398165665743,0.104198263986085,-2.00961280596486,0.0444721848271648,0.10467354894912
"YNL295W",42.1569558239742,-0.234358045192907,0.214520071036508,-1.09247607489848,0.274623900940433,0.424492005316728
"YNL296W",0.272936982731327,1.34111799847518,2.55148521706065,0.525622484311383,0.599150531408833,NA
"YNL297C",96.1408058623796,-0.125210740048339,0.146757547380172,-0.853180925162122,0.393558979651164,0.546230487234832
"YNL298W",78.7763492809212,-0.547413867188118,0.165513076288111,-3.30737534136112,0.000941746160578173,0.00385104736557258
"YNL299W",13.4023075044779,-0.940709588873091,0.430822222592009,-2.18352150734794,0.0289974268742866,0.0737162897684304
"YNL300W",97.8480531076697,2.21607037998802,0.156284266928585,14.1797406964878,1.22297613984984e-45,2.91760571929461e-44
"YNL301C",177.619470134025,0.768395968252169,0.105155689741864,7.30722198806762,2.72721805393423e-13,2.98295372611976e-12
"YNL302C",1500.09528082785,1.00259002193224,0.0386697454470378,25.9269878904526,3.30582248834475e-148,2.11105149205207e-146
"YNL303W",5.43830811360375,-1.21490327943546,0.676263354601732,-1.79649432601733,0.0724159342976972,0.155771873640708
"YNL304W",43.8230108426017,-0.372746897953377,0.218243270067854,-1.70794223270888,0.0876470618069868,0.180196658453259
"YNL305C",173.017894361345,-0.154199184295,0.109159852036723,-1.41259979212069,0.157773430218521,0.282082473371462
"YNL306W",139.401569854063,-0.0262893002871156,0.11918411777947,-0.220577210931406,0.825421647057158,0.893394222341269
"YNL307C",167.447524305025,-0.222712116941647,0.107516909812202,-2.07141478796829,0.0383200501110285,0.0926067877683189
"YNL308C",118.360024583647,-0.182086404335373,0.13259825231254,-1.37321873523783,0.169684357013604,0.298399027827539
"YNL309W",56.3496000317916,0.0570976065298776,0.191799060572177,0.297694922798597,0.765936018858642,0.853109145740721
"YNL310C",52.7068759952881,-0.0200502293910298,0.192940859478861,-0.103919042577016,0.917233595134427,0.95155083499177
"YNL311C",44.6283797364005,0.585851976624158,0.217507176327643,2.69348343588286,0.00707096588493242,0.0226801858572008
"YNL312W",92.0991429416287,0.0531939331389426,0.149836144553206,0.35501402747355,0.722579082448818,0.822940904204905
"YNL313C",35.3698432478576,-0.23411867585588,0.238239363401009,-0.982703582286723,0.325753347122134,0.4777111251464
"YNL314W",30.5127067134763,-0.340614598272992,0.264678682610395,-1.28689849486056,0.198129669986431,0.334287636416925
"YNL315C",103.989602496978,0.348893219210052,0.135132464099388,2.58186085434989,0.00982691969469093,0.0302603327855213
"YNL316C",28.4033056859891,-0.132681358883635,0.271213523179024,-0.489213654719032,0.624690443367184,0.750779620011208
"YNL317W",48.2753408708881,-0.365423524242339,0.206108623322423,-1.77296572240306,0.0762343869579505,0.162219385509311
"YNL318C",0.289289021381625,1.3425361950168,2.50499681428112,0.535943274403758,0.591997755334978,NA
"YNL319W",0.966983376849509,-0.469635174557636,1.56375521948139,-0.300325248291345,0.763929076259137,0.851220327107644
"YNL320W",59.5520741689233,-0.245230076937707,0.186167565480521,-1.31725457280778,0.187753306739626,0.320544532867382
"YNL321W",152.294198215752,0.207998910085477,0.115329876159993,1.80351281914955,0.0713077140415532,0.154016866474445
"YNL322C",336.753585972099,0.311647691659755,0.0794326675606603,3.92341968651322,8.73008768930012e-05,0.000450543790789839
"YNL323W",74.8657033650903,0.132463863509865,0.162366000130797,0.815834986408217,0.414594520113722,0.566472132301481
"YNL324W",1.42298655429358,0.404486311970128,1.17921201724535,0.343014068763488,0.731587876205077,0.829457740182455
"YNL325C",38.427185591073,-0.298376205506572,0.243934490927312,-1.22318170084231,0.221261075567592,0.36295083542769
"YNL326C",33.8358384446271,-0.203352734851039,0.244482774227981,-0.831767127533541,0.405540402120298,0.557596003089283
"YNL327W",381.341428615252,1.26187294539454,0.0751125378427541,16.7997644818797,2.4501493509771e-63,7.10543311783358e-62
"YNL328C",4.04776306436622,-0.575777667688093,0.717299412741542,-0.802701992306744,0.422147001131702,0.573053041511859
"YNL329C",75.8246081452358,0.0666840983684077,0.162249064752393,0.410998352872936,0.681073742478446,0.793247641847593
"YNL330C",155.028956333945,0.0361605946482006,0.114791519743292,0.315011028071293,0.752753280646349,0.843179702382392
"YNL331C",32.5830873316441,-0.406466684540331,0.2538427355377,-1.60125395623135,0.109320682601886,0.214435418991351
"YNL332W",7.11991610281531,-4.06251133368721,1.081234836068,-3.75728860943926,0.000171764357059925,0.000827663311991499
"YNL333W",33.3754367048091,-0.436705057613366,0.256887270541936,-1.69998714491411,0.0891333435614419,0.182658346189768
"YNL334C",16.0490688539271,-0.202461405670131,0.40253030885499,-0.502971828993546,0.614984078547112,0.743781299147483
"YNL335W",9.46171689723573,0.346469662447346,1.3294938018206,0.260602691018861,0.794398914241754,0.872366972479833
"YNL336W",71.9222086398729,-0.405695881236748,0.177150354685187,-2.29012175537389,0.022014259556334,0.0589720969979421
"YNL337W",0,NA,NA,NA,NA,NA
"YNL338W",0,NA,NA,NA,NA,NA
"YNL339C",0,NA,NA,NA,NA,NA
"YNL339W-B",0,NA,NA,NA,NA,NA
"YNR001C",513.896679562288,0.0146622153363083,0.0636843112056854,0.230232769401443,0.817910899426793,0.889001654400953
"YNR001W-A",0.290339781559421,1.3932410180774,2.50214916173666,0.556817730686526,0.577651968354956,NA
"YNR002C",49.737361904233,0.442447995271803,0.196658276261344,2.24983155391754,0.0244596401766286,0.0640836490661607
"YNR003C",34.2865600143293,0.629491005314222,0.23432994916515,2.6863446501692,0.00722385318995747,0.0230769074618045
"YNR003W-A",1.13281033093237,0.169527722887358,1.34980184769848,0.125594525727177,0.900052896478857,0.941296015142983
"YNR004W",14.2296101091942,-0.265463783611873,0.380292678521775,-0.698051260528469,0.485145137250543,0.630180307725073
"YNR005C",8.00618760364981,0.722420211080487,0.513067581213011,1.40804104085571,0.159118917725096,0.284006154110124
"YNR006W",151.195866810013,-0.261411011316723,0.116311287368003,-2.24751197611312,0.0246073260691586,0.0644438754802074
"YNR007C",52.6010597162243,-0.353127313627117,0.202404313857863,-1.74466298122034,0.0810435507176803,0.169430333213352
"YNR008W",81.4231338805042,0.2808705091321,0.167625104325907,1.67558737852306,0.0938190427307816,0.190164792607887
"YNR009W",37.7580151259362,-0.171812673546941,0.228472132599115,-0.752007133615764,0.452046768850392,0.601270707484153
"YNR010W",14.6805532388062,-0.160263497191717,0.372233709768277,-0.430545361653258,0.666798976821563,0.782178356763349
"YNR011C",46.9065292378117,-0.141969303073109,0.205637304022509,-0.690386910818325,0.489950905810927,0.634727382487025
"YNR012W",21.3243324671616,-0.154783262860679,0.321459181193907,-0.481502075273788,0.630159705139489,0.755379153563111
"YNR013C",232.142617946044,0.289241066699877,0.0924334331879794,3.12918233937774,0.00175293494006278,0.00679512307763983
"YNR014W",113.185005998029,0.333011998422051,0.133616836264805,2.49229070026834,0.0126922110047855,0.0373557532459284
"YNR015W",77.1004758716679,-0.479353399402986,0.164864889979542,-2.90755296329297,0.00364268654257577,0.0129595184705481
"YNR016C",903.046187954111,0.557506296361271,0.0483120416151643,11.5396964757184,8.32183441646911e-31,1.49462037445789e-29
"YNR017W",268.374816320184,0.104072517451773,0.085648277381595,1.21511512704559,0.224322184877645,0.366356200670749
"YNR018W",144.948520577223,0.609452332870621,0.117370720661555,5.19254145697895,2.07442658567732e-07,1.52849940264009e-06
"YNR019W",186.696503219541,0.642713231727795,0.103016434371624,6.23893882221994,4.40549234511794e-10,4.01318769536536e-09
"YNR020C",49.1307300536834,-0.0948340696891748,0.203509628210583,-0.465993036904596,0.641220484671702,0.764633721045269
"YNR021W",194.086912410951,-0.138065851065447,0.101663001586454,-1.3580737230942,0.174440292189179,0.304056114480285
"YNR022C",43.8343238288655,0.193655223057809,0.21740245952698,0.890768317337164,0.373053475449816,0.525285924557999
"YNR023W",43.149446833614,-0.546466740095735,0.228147145278746,-2.39523812330885,0.0166095744115071,0.0466810635444717
"YNR024W",15.6120948669056,-0.108084404597043,0.35381247830813,-0.305484999042103,0.759996793322702,0.848736924109896
"YNR025C",8.82402480140418,0.716489095025926,0.487733046338895,1.4690189651986,0.141827645280671,0.259517908383329
"YNR026C",62.9188171724056,0.157158358702307,0.17312239112054,0.907787592841658,0.363990454766931,0.516615459947211
"YNR027W",63.9780182704711,-0.0964460706169691,0.177404188654015,-0.543651597793241,0.586681245926974,0.719774662672293
"YNR028W",75.5782850738732,-0.0119657281054878,0.163525289872598,-0.0731735630299772,0.941668003623392,0.967699612626946
"YNR029C",63.1477013895782,0.0247729861885402,0.179144448475502,0.138284978403491,0.890015196946508,0.934974422581559
"YNR030W",79.2072454262294,0.0706330777860276,0.160059401432254,0.441292902222449,0.659000963893905,0.778147944291607
"YNR031C",158.096328372621,-0.076951606740684,0.113759783762358,-0.676439460375859,0.498761670764297,0.642198113676114
"YNR032C-A",21.5653088738704,-0.329730770962156,0.322814000568809,-1.02142648825999,0.307052421027837,0.460214652853956
"YNR032W",81.3086072044907,-0.284253464757274,0.157948337621259,-1.79966100965798,0.0719141812410041,0.154956187391148
"YNR033W",120.851664012038,0.466645864357414,0.126708076168455,3.68284231335832,0.000230647841684458,0.00108413059860903
"YNR034W",62.0160513628308,-0.482502518082115,0.184522883249536,-2.6148654821831,0.00892626029959802,0.0277715637864462
"YNR034W-A",55.2555624913986,2.07196674321357,0.206931501888795,10.0128145028737,1.33888314600011e-23,2.01533791643159e-22
"YNR035C",264.643739298631,0.0382933870803766,0.0876424200145605,0.436927541183992,0.662163897682626,0.780134208190377
"YNR036C",264.505893452533,0.564499706934979,0.0881357060298186,6.40489232302734,1.50475540312371e-10,1.40725793765504e-09
"YNR037C",68.5489678983524,0.645929756652191,0.168416972372624,3.83530084618232,0.000125410691089487,0.000621840305151164
"YNR038W",31.9558800970268,0.149852942978576,0.259298609973902,0.577916491699121,0.563320500491677,0.699393598607302
"YNR039C",52.865786061002,0.036575022285943,0.197209444206825,0.18546283334983,0.852866029213678,0.912548689649213
"YNR040W",25.5612934840711,0.65543098352354,0.270623223346512,2.42193177443723,0.0154382486818083,0.0438851655424425
"YNR041C",110.161024545905,0.156000526945251,0.133685474113689,1.16692204579074,0.243241852023322,0.389310123668719
"YNR042W",12.7142818458226,0.634180793700799,0.909428612432157,0.697339829681364,0.485590147502231,0.63062878235602
"YNR043W",206.911523346781,0.508522631964118,0.0969545022891932,5.24496150212097,1.56314963044671e-07,1.16535754288727e-06
"YNR044W",53.2361822634411,0.512716332489067,0.200094462277887,2.56237142523723,0.010396007253965,0.0317572689353596
"YNR045W",68.6418511940376,-0.1106658406075,0.166894385927487,-0.663089054748569,0.507273520169836,0.649712469144304
"YNR046W",80.9041148885691,1.04401048398333,0.155493644001863,6.71416822652137,1.89141999924623e-11,1.87716754085317e-10
"YNR047W",63.7514111189766,0.0391420054165411,0.180502663797614,0.216850015357272,0.828325232601809,0.89502728398286
"YNR048W",29.1067805487929,-0.260827569151311,0.263126207985689,-0.991264120545138,0.321556627928208,0.474417970072842
"YNR049C",55.3958241474456,-0.0875465625262694,0.193882735755374,-0.451543878753232,0.651597607795888,0.772864518057881
"YNR050C",230.98411849137,1.43834630592206,0.0939197400070343,15.3146325342716,6.10559655158462e-53,1.60164238170614e-51
"YNR051C",191.241039466889,-0.205022499554553,0.102825799679234,-1.99388188756248,0.0461649637849232,0.107814887716396
"YNR052C",137.887189273571,0.426906271017685,0.123857954211019,3.44674085517638,0.000567392551621476,0.00246417169603326
"YNR053C",31.9247158960327,1.2477036114836,0.253233865504622,4.92708038475535,8.34674222179288e-07,5.7607100792767e-06
"YNR054C",24.5379259431307,0.956618107775734,0.285791719309995,3.3472562119202,0.000816157392242856,0.00338344067787497
"YNR055C",153.660428309048,0.301254739336546,0.113275026243011,2.65949829656415,0.00782571257469977,0.0247123650835424
"YNR056C",20.5503806836422,0.658603528082892,0.306145654255968,2.15127511668754,0.0314544911035591,0.0787233938070867
"YNR057C",18.8639212649549,-0.0975519646025259,0.346041455484421,-0.281908317793785,0.778013811432401,0.861100020286351
"YNR058W",23.5159302402756,-0.474929283442733,0.308102491070909,-1.54146525006002,0.123203594076901,0.233972100256585
"YNR059W",66.8049634593994,0.238493421664538,0.172577963445453,1.38194597330451,0.166988290478185,0.294970654485355
"YNR060W",53.1048316593443,-0.463372154095277,0.19711841060057,-2.35072996319064,0.018736625888321,0.0514582564661085
"YNR061C",72.8599450660558,0.242205379109666,0.164369443408678,1.47354261282897,0.140604782408099,0.2579522444527
"YNR062C",9.50412692665392,0.224973045996179,0.456924882649277,0.492363306396825,0.622462534237812,0.749135378155615
"YNR063W",5.87986845278852,0.0583065310009407,0.612066849978764,0.0952617038530411,0.924106960174126,0.956014433353106
"YNR064C",11.5245635375386,0.239601001738042,0.433175834610787,0.553126427177835,0.580176841698106,0.714150699613595
"YNR065C",81.131704838019,-0.136556117491969,0.16266319367925,-0.839502252496278,0.40118752572452,0.55365805230963
"YNR066C",7.31029414056939,0.798464804657837,0.549963087746508,1.45185162867852,0.146542864783314,0.265532814892552
"YNR067C",110.327138699463,1.49688892587991,0.138577940247952,10.8017836258901,3.37581201761455e-27,5.57229336171259e-26
"YNR068C",15.2653596413804,-0.68491743373987,0.384986619737417,-1.77906815101009,0.0752285894827828,0.16041670105838
"YNR069C",11.2555538509231,0.226225581051005,0.42049169113183,0.538002499983002,0.590575322655298,0.723288878308174
"YNR070W",35.6938240426394,-0.0686486672973931,0.243699510832951,-0.281693906823021,0.778178227022701,0.861131235994664
"YNR071C",11.0627926825059,-0.0571479567737701,0.440880367468115,-0.12962236695174,0.896865206274241,0.939516459662925
"YNR072W",10.6644660882303,1.13304306714874,0.441871950040338,2.56418871359748,0.0103417298604895,0.0316305835404039
"YNR073C",22.55317778091,0.414531060093447,0.314127925324393,1.31962498929495,0.186960255334024,0.319690988072277
"YNR074C",53.9009828420626,-0.15060249894076,0.195181292169483,-0.771603145295227,0.440349510827163,0.590432578462212
"YNR075C-A",2.49183243994248,0.401147804807555,0.941376799713005,0.426128841214115,0.670013965391969,0.784703276992966
"YNR075W",17.5864178245572,0.639705278988215,0.333576144582605,1.91771890579484,0.0551466631780231,0.125273878768042
"YNR077C",0.150711033401593,-0.0437909528743382,3.11589221875145,-0.0140540653527115,0.988786847370688,NA
"YOL001W",33.7967664205688,-0.186220380804366,0.250815421034656,-0.742459853689121,0.457808766982527,0.606891806429762
"YOL002C",110.320664265467,0.83019676132738,0.132984695733322,6.24279926911435,4.29808346389609e-10,3.92665948825883e-09
"YOL003C",43.6329269447034,-0.00469007105162547,0.22729350573419,-0.0206344261199891,0.983537278234476,0.991070081186596
"YOL004W",317.038877501117,0.126842979611845,0.0780309128964188,1.62554781052249,0.104045885206289,0.205941792822217
"YOL005C",102.474624733918,-0.0930428576691505,0.138582897158975,-0.671387736701859,0.501973555161194,0.644248051136848
"YOL006C",72.6672213047184,-0.85877019030598,0.172559289181412,-4.97666740735789,6.46883312098873e-07,4.53392050896793e-06
"YOL007C",68.8483194902455,0.660923304149625,0.172441560636398,3.83273789514823,0.000126724952379127,0.000627864536787492
"YOL008W",24.7159686794891,-0.865603711902181,0.312760506489306,-2.7676247286413,0.005646643378502,0.018653742591406
"YOL009C",31.4638250150107,-0.506673322938191,0.264478449457251,-1.9157452109159,0.0553975346709609,0.125753398272824
"YOL010W",17.1584757132796,0.613310753220882,0.337766080206266,1.8157855070774,0.0694032813271653,0.150934827846694
"YOL011W",58.0079803076334,0.273747127484229,0.188461418277123,1.45253670478961,0.146352430976525,0.265339853350615
"YOL012C",112.482404105496,-0.0796589686887079,0.135816328643261,-0.586519820440311,0.557526246071246,0.694108099185194
"YOL013C",122.453530070302,-0.234305864238912,0.132656311434923,-1.76626246956862,0.0773518249076544,0.164100079552413
"YOL013W-A",1.98171940583766,1.42689526647573,1.08211741020736,1.31861409216427,0.187298160053695,0.320026748070124
"YOL013W-B",0.351555904290514,0.691706112945384,2.22959428414743,0.310238556791907,0.756379551906655,NA
"YOL014W",26.943962747309,1.3090623911944,0.26943458002972,4.85855375746499,1.18246305120518e-06,8.03820581690231e-06
"YOL015W",18.3384084239509,-0.309290821021803,0.328518292422076,-0.941472143732043,0.346462957968564,0.49996320937623
"YOL016C",502.63017516326,1.64757769697913,0.0684105554341809,24.0836766566571,3.70657735868598e-128,2.11107946501016e-126
"YOL017W",19.8574391993022,-0.812979549604253,0.340213332775249,-2.38961695878427,0.0168659527476403,0.047179890827691
"YOL018C",115.947033803416,-0.47096271943019,0.135756253703358,-3.46917881557998,0.000522051862442452,0.00228718771612001
"YOL019W",87.5286135284741,-0.0176966946608001,0.149433992605145,-0.118424826589227,0.905731055415636,0.944733828136883
"YOL019W-A",0,NA,NA,NA,NA,NA
"YOL020W",132.908737076768,0.88553710401985,0.123455483030381,7.17292648558935,7.34112792230576e-13,7.8662052075961e-12
"YOL021C",124.825304890983,0.419724541713491,0.128833805936757,3.25787582429668,0.00112249513099109,0.00453444997963302
"YOL022C",77.4379989910392,0.0472306541200366,0.163110082662377,0.289563056735123,0.772150533101782,0.85731220060932
"YOL023W",41.699033780674,-0.450232022134919,0.234320706258273,-1.92143506787942,0.0546768810616592,0.12444995544871
"YOL024W",1.00400375436248,-0.713335271355701,1.55091896222108,-0.459943613258896,0.645556694333425,0.768501642359341
"YOL025W",33.7799873647776,-0.712013916170403,0.252623773185532,-2.81847550288739,0.00482522928726789,0.0163390999218573
"YOL026C",89.5786784553469,-0.314059531088941,0.149582069434637,-2.09958006515062,0.0357657979070707,0.0876400675846903
"YOL027C",126.058525852573,-0.180815180648206,0.139496995226409,-1.29619408901773,0.194908625498971,0.330174793784698
"YOL028C",39.9383891080011,-0.140990180586124,0.228797903188962,-0.61622147153019,0.537748359127456,0.677220144701947
"YOL029C",56.2762865710292,-0.761647643976283,0.19958871579653,-3.81608569871626,0.000135585430121964,0.000667415703154611
"YOL030W",406.163114309243,-0.0772364299480025,0.0699175565660753,-1.10467862066962,0.269298870457813,0.419336812570024
"YOL031C",75.7890255339613,-0.524121597768433,0.169628285004777,-3.08982430467698,0.00200274928827994,0.00767356424273078
"YOL032W",46.6049259191976,0.154102934784498,0.217010828979869,0.710116336170456,0.477631996707194,0.622724166463782
"YOL033W",29.8013782013335,-0.135683092274767,0.260954888716127,-0.519948459070126,0.603099498831639,0.734784164889886
"YOL034W",28.7740011735164,-0.686599183835992,0.286273644755745,-2.39840165664504,0.0164667975989469,0.0463298150514208
"YOL035C",17.2392522986145,-1.01711368142064,0.381191634874429,-2.66824764335579,0.00762480342466398,0.0241745272069838
"YOL036W",122.054186395762,-0.307252871857689,0.129985644825433,-2.36374464480536,0.0180912775014296,0.050075768986006
"YOL037C",3.56019450167149,-0.181075822759888,0.801736869176924,-0.225854428954706,0.821314642424371,0.890779064917975
"YOL038C-A",0.595841497470398,-0.680764057920917,1.77151690056036,-0.384283129167767,0.700768610823298,0.808280522181853
"YOL038W",444.41326017482,0.278945784301599,0.0687661143014412,4.0564424373147,4.98258349739971e-05,0.000270153455150608
"YOL039W",831.935608260691,0.17800239329614,0.0509946459699145,3.4906094534151,0.000481920164695306,0.0021305589379047
"YOL040C",1111.73491618925,0.465803655179086,0.0437063635166512,10.6575706075758,1.60741407754373e-26,2.61235778874845e-25
"YOL041C",59.8770747990524,-0.143765194180733,0.187591828699434,-0.766372369081589,0.443454768749743,0.59317986697566
"YOL042W",37.2755496585366,-0.32025866929701,0.231236314430752,-1.38498431825213,0.166057262512512,0.293572151455286
"YOL043C",54.3815504722423,-0.206871208740545,0.193838355317707,-1.06723567893194,0.285865424954881,0.437271041994861
"YOL044W",28.4596824006582,-0.605000848357331,0.277078659176489,-2.18349854209439,0.0289991162059612,0.0737162897684304
"YOL045W",110.919999595883,-0.0504487655285359,0.13228541753442,-0.381363013919576,0.702933901634115,0.809301043668103
"YOL046C",1.48695127095816,2.99082048925194,1.37196296874728,2.17995715437043,0.0292606376677517,0.0742318424299864
"YOL047C",26.4112443654503,-0.731395070343648,0.295531699527902,-2.47484473412503,0.0133294110298624,0.0388513308117981
"YOL048C",84.9899758855595,-0.6730891778554,0.15837230208917,-4.25004353019017,2.13728975314893e-05,0.000122612938470123
"YOL049W",170.90755167522,-0.0958676377261753,0.107714667522571,-0.890014702093258,0.373457991766396,0.52560138556259
"YOL050C",12.4031051869837,-2.99094100261729,0.615842685333642,-4.85666400502411,1.19379908385845e-06,8.09785172548617e-06
"YOL051W",153.847168069007,-0.418194397412911,0.118092426997978,-3.54124653073709,0.000398241288082556,0.00178685693630796
"YOL052C",73.3393578926104,0.419180461185952,0.160812305053098,2.6066441933504,0.00914343169517852,0.0283634814410788
"YOL052C-A",29.5879280386778,3.10556320802282,0.316249557264521,9.8199764606318,9.23651112687885e-23,1.35169498481778e-21
"YOL053W",73.4085253304405,-0.379523604102674,0.166057240209443,-2.2854986848149,0.0222836034566192,0.0595208649264441
"YOL054W",53.7999822950684,-0.122432252655793,0.18871055957483,-0.648783263277035,0.516478476954173,0.658169105282056
"YOL055C",44.6585073402335,-0.212230463771895,0.21832916833884,-0.972066469114747,0.331017482024069,0.483115801243083
"YOL056W",57.9834025998435,0.187978803216727,0.182037503942796,1.03263777598159,0.301773442928629,0.454349060775135
"YOL057W",126.214920222295,-0.382689723896904,0.129100916511991,-2.96426806436622,0.00303403861051293,0.0110363590884135
"YOL058W",121.744223032369,0.614943485225256,0.124828309194111,4.92631430478645,8.37951711552385e-07,5.77702368640587e-06
"YOL059W",428.340393797369,0.437701709135686,0.0696203079690877,6.28698323670202,3.23694313271554e-10,2.968338519914e-09
"YOL060C",200.43784211316,0.488131577054658,0.0982783792971753,4.96682566954671,6.80577164748812e-07,4.74901637477041e-06
"YOL061W",178.148177364095,0.869905943996013,0.112803692612659,7.71167967863483,1.24172477756031e-14,1.44040074196996e-13
"YOL062C",229.860436560255,0.139797459900299,0.0932121402060934,1.49977738512606,0.133672077252604,0.248925583462711
"YOL063C",71.8101861076456,0.128158979234835,0.16580042541984,0.772971353422711,0.439539334392354,0.589532521746195
"YOL064C",173.511760783247,0.22354303749912,0.104121152612422,2.14695123796057,0.0317971638410824,0.0794238126445369
"YOL065C",47.4541934991273,-0.0325589189218069,0.209173494450005,-0.155655089127887,0.876304899258369,0.926421333296222
"YOL066C",56.0761524915587,0.192262279673711,0.188274456519832,1.0211809038124,0.307168737990066,0.460279867640008
"YOL067C",32.7718953825348,0.784390425334835,0.260242454417151,3.01407557460825,0.0025776358770591,0.00958577294986331
"YOL068C",109.00446895319,0.122720478502583,0.137797288414812,0.89058703487079,0.373150757227139,0.525285924557999
"YOL069W",27.867548971325,-0.699778160335177,0.275115867875252,-2.54357615116727,0.0109724136824732,0.033206126998849
"YOL070C",127.182475936643,-0.524397092842021,0.126414792566239,-4.14822571153803,3.3506197186498e-05,0.000187456795232779
"YOL071W",40.7172319287474,0.200085740458783,0.223954479343005,0.893421471388989,0.371631508516171,0.524197768147978
"YOL072W",49.0261249683863,0.0466013838380949,0.199141997282948,0.234010828825232,0.814976571862659,0.88694816445442
"YOL073C",87.1929557332088,-0.246256081591544,0.156389469576091,-1.57463339609147,0.115341089619705,0.222736851662235
"YOL075C",41.2526871862871,-0.123444958428503,0.220259519822893,-0.560452317919168,0.575170954536404,0.710340061453241
"YOL076W",27.161260331344,-0.00255793484332385,0.273689107207969,-0.00934613317065681,0.99254297320222,0.995351319325123
"YOL077C",82.8637710252036,0.722306698130772,0.158163916253859,4.56682355393529,4.95170478279552e-06,3.14666483842824e-05
"YOL077W-A",30.4887245510133,0.15072210243559,0.258041746009535,0.584099684513916,0.559153247067021,0.695585759141618
"YOL078W",31.1693249079342,-0.000828894391006391,0.248111830031323,-0.00334080962968089,0.997334424534316,0.997807917693614
"YOL079W",1.83194118759713,5.00936117574261,1.38884728124134,3.60684809870908,0.000309938976968447,0.00142400742179835
"YOL080C",12.8591904495756,0.633140207515989,0.395579844674104,1.60053707498065,0.109479488972004,0.214680313052421
"YOL081W",174.651505050339,-0.0692435940782225,0.109150579687299,-0.634385948994459,0.525828977193126,0.667260295827969
"YOL082W",169.006085453985,-0.139283009661299,0.111782216525222,-1.24602118289426,0.212756618488376,0.352383374923635
"YOL083C-A",0,NA,NA,NA,NA,NA
"YOL083W",38.7528326565923,-0.806102175916991,0.240029179578618,-3.35835075273822,0.000784090502566199,0.00326764677470238
"YOL084W",19.8335720360783,-0.774727640084326,0.348818323983443,-2.22100614221488,0.0263505453769208,0.0683018236461226
"YOL085C",1.33434436258891,-1.45085104388031,1.33315962271589,-1.08828006726206,0.276471487319775,0.425995783581693
"YOL085W-A",1.95799856545367,0.280589953612194,0.983944430420897,0.28516849624543,0.775515055053627,0.859387585985807
"YOL086C",25168.9566172251,1.32668980665575,0.0103702834143588,127.931875499062,0,0
"YOL086W-A",41.1225219518352,-0.356509150714332,0.22954521820518,-1.55311077051348,0.120396673430066,0.229815147773212
"YOL087C",270.824708571126,-0.0245292875745738,0.0843214819512648,-0.29090199800747,0.77112627317886,0.857078111644999
"YOL088C",71.1550849558388,-0.374298172458099,0.170378510876205,-2.19686256519791,0.028030263101779,0.0716858104083523
"YOL089C",42.4206437646654,-0.086063790452006,0.220713936342259,-0.389933648406088,0.696585611605131,0.805232078363072
"YOL090W",84.5044406041488,-0.267601434750157,0.154922939334802,-1.72731963322647,0.0841102750725277,0.174686320305033
"YOL091W",4.28212074630323,-2.15374954040055,0.883544822748509,-2.43762340624749,0.0147841670054777,0.0423112285235989
"YOL092W",134.199944364013,0.0857799772957698,0.123396708823458,0.695156119751088,0.486957468237158,0.631885286164883
"YOL093W",52.0927759207688,-0.118729151401142,0.192611741496873,-0.616416997626645,0.53761933778925,0.677220144701947
"YOL094C",35.3045372620825,-0.106074732554646,0.238155185347664,-0.445401734166717,0.656029459217578,0.776015319361207
"YOL095C",19.0992605021657,-0.512484660507039,0.331794419019405,-1.54458493310904,0.122446692914914,0.232814433867094
"YOL096C",63.6667748671452,0.238495378286741,0.177704307926857,1.3420911460678,0.179566444325018,0.310763498774367
"YOL097C",280.688262715351,0.747846137554967,0.0845288261420408,8.8472320235265,8.97167376002459e-19,1.1865883161271e-17
"YOL097W-A",2.47864814508319,-1.59689471423436,1.07161608892496,-1.49017426178843,0.136178422034309,0.252247285115998
"YOL098C",148.520672928027,0.12471048459315,0.114911127073043,1.08527770782265,0.277798676091217,0.426998110928441
"YOL099C",23.0558067429142,-0.824665573021374,0.668439321617424,-1.23371792525001,0.217308032046524,0.357854348718674
"YOL100W",69.530624733686,-0.176053150898343,0.169573210191355,-1.03821323368046,0.299170792906723,0.451613599034456
"YOL101C",49.1399937087292,-0.393133197638803,0.213636052881325,-1.84020062314664,0.0657387885428673,0.144740308419665
"YOL102C",36.8493397745349,-0.552087645169335,0.245059559522026,-2.25287128666251,0.0242672657748232,0.0637646110675113
"YOL103W",121.270711605951,0.00393106650505769,0.128781857357317,0.030525002401158,0.975648353636706,0.98670821704463
"YOL104C",4.31171508368424,1.65599043452835,0.702677667314363,2.35668573452399,0.0184388440778386,0.0508374933537269
"YOL105C",115.477747901861,-1.02745487041267,0.14116607456923,-7.27834129799221,3.37949478530531e-13,3.69001140461143e-12
"YOL106W",4.71295608111393,-0.172617025357634,0.659840265874522,-0.261604261341729,0.793626558332642,0.872120128937765
"YOL107W",31.5273797646889,-0.621311972440826,0.266871612334194,-2.32813062058762,0.0199051688034259,0.0540087884872353
"YOL108C",41.2392089135599,-1.06268771712296,0.237680969432924,-4.47106774959055,7.78300356522278e-06,4.81921141423491e-05
"YOL109W",327.05057647396,2.99112536173008,0.09359536774134,31.9580491418801,4.17626029327789e-224,3.94064441404519e-222
"YOL110W",103.41454964192,-1.00176772347065,0.153218543610989,-6.53816241729897,6.22792717237878e-11,6.04807305434388e-10
"YOL111C",101.104748477766,-0.132678491830457,0.139094565284484,-0.953872579845916,0.340148144710741,0.493327958444896
"YOL112W",71.0090843743768,-0.367790573669133,0.173454503109512,-2.12038642454226,0.0339734706036552,0.0838657872535369
"YOL113W",137.541935051422,-0.171547188992822,0.123347573502242,-1.39076257539597,0.164297435195933,0.291358580915365
"YOL114C",17.7013388358223,-1.51225067464611,0.380392559258829,-3.97550014540935,7.02315010006562e-05,0.000370311550730733
"YOL115W",57.7082413217762,-0.0363882273105028,0.183741985993253,-0.198039806273995,0.843013919555011,0.904998132013378
"YOL116W",57.0672403613328,-0.147516691378155,0.186643912618714,-0.790364332318243,0.429315026121587,0.580686691300957
"YOL117W",28.7801277369736,-0.364542930264668,0.265002056082326,-1.37562302592633,0.168938374104404,0.297418101110566
"YOL118C",6.01250927670109,0.603213696356512,0.595552123837906,1.01286465485041,0.311124813047766,0.464117760285035
"YOL119C",76.0343781133954,-0.24595573115448,0.164315327685463,-1.49685202603433,0.134431765487082,0.249817055087988
"YOL120C",2153.14272802158,0.441425487898383,0.0306504941347908,14.4019044507778,5.03370946889265e-47,1.23345392489687e-45
"YOL121C",990.565192359467,0.956924739767045,0.0486400169002589,19.673610346997,3.62991517628091e-86,1.39928803319804e-84
"YOL122C",114.56555323393,-0.0339164090034447,0.133086407329862,-0.254845026505082,0.798842797003847,0.875342185047302
"YOL123W",301.490653814004,0.668106355072686,0.0831532354444257,8.03464052242688,9.38536595954796e-16,1.13449873033006e-14
"YOL124C",25.6962578220228,0.278936267376967,0.278561949981672,1.0013437491923,0.316660648848832,0.470040128907251
"YOL125W",44.5150714487058,0.241456563013774,0.209166105246707,1.15437710488026,0.24834559748604,0.394875002119262
"YOL126C",364.160696184563,-0.0946301804506526,0.0781940655199336,-1.21019644932682,0.226203520250496,0.368192238677558
"YOL127W",1737.86329047918,0.472016875571366,0.035864946636499,13.1609529593167,1.47217260260374e-39,3.14428216002055e-38
"YOL128C",6.42514794755211,0.0125652459968552,0.573519868962745,0.0219089985837464,0.98252054666712,0.990669042428952
"YOL129W",214.851981217517,-0.279491070327972,0.0976957973069787,-2.86083002577642,0.00422533521070883,0.0146751948924771
"YOL130W",169.442931191802,0.986942044940562,0.107654598526477,9.16767196617084,4.83344282146614e-20,6.6573040342721e-19
"YOL131W",2.2216614155029,0.393588641312002,0.987236270528337,0.398677249875925,0.690131033028331,0.800733480727004
"YOL132W",6.63440468652847,-0.291375762328181,0.594072638278617,-0.490471608274151,0.623800215720879,0.750174046754308
"YOL133W",68.6979810698997,-0.276104214460366,0.170967536684706,-1.61495111770575,0.10632128106765,0.209788744978053
"YOL134C",19.4266763793964,0.0407798410839189,0.316875412228344,0.128693611148764,0.89760009093526,0.939819108130625
"YOL135C",30.8235251169134,-0.682436668980005,0.264317658629797,-2.5818807283543,0.00982635383389661,0.0302603327855213
"YOL136C",89.1174433666201,1.01409292783481,0.149679804521066,6.77508185609693,1.24335843064515e-11,1.24968394253397e-10
"YOL137W",34.9421730015119,-0.0824147006836486,0.235746019667504,-0.349591059055361,0.726645621888484,0.826232665751618
"YOL138C",77.7822486316811,-0.1654108194167,0.160399980918663,-1.03123964522526,0.302428453484167,0.455118467728375
"YOL139C",438.071843849611,0.438092560669385,0.0669992553384701,6.53876760952353,6.20278180206172e-11,6.03292100809757e-10
"YOL140W",22.7668776940495,0.0670916371472416,0.310862030682145,0.215824483292534,0.829124563137788,0.895715223540174
"YOL141W",2.52651909893865,0.590030784569613,0.86326201780728,0.68348980077719,0.494297392832135,0.638364598986174
"YOL142W",61.7618144424746,-0.735116836538538,0.184246314972636,-3.98985910056175,6.61125566436783e-05,0.000350640589850112
"YOL143C",386.49967036482,1.13626952633054,0.0726115593515638,15.6486038377039,3.39588107093919e-55,9.02048744978049e-54
"YOL144W",26.8467596246568,-0.00935728083473335,0.278589466181896,-0.0335880640534478,0.973205640404595,0.985509229114027
"YOL145C",139.029499942836,-0.425729178177404,0.14001181697608,-3.04066604785322,0.00236055490241067,0.00888299291252394
"YOL146W",22.218045506033,-0.604385999984681,0.304790127309425,-1.9829579301665,0.0473721289483837,0.110174471616374
"YOL147C",57.1190103107111,0.18671088077075,0.20764973262162,0.899162635142781,0.368566039474449,0.521283579895832
"YOL148C",66.3320992207442,-0.366528266578169,0.179065416394171,-2.04689589960432,0.0406683067902277,0.097167435951557
"YOL149W",58.6603154533362,-0.316755814793943,0.187884479613209,-1.68590729498273,0.0918136566415849,0.186878923788828
"YOL150C",3.92899676717135,-0.55871571644823,0.732535020867338,-0.762715365862916,0.445633164632841,0.5953704283197
"YOL151W",60.3724293694006,0.0995990434478324,0.183929602485569,0.541506326887466,0.588158637951331,0.720890919864483
"YOL152W",21.8877191213826,1.24664717531716,0.305499182271053,4.08068907435265,4.49023867242531e-05,0.000246798190191073
"YOL154W",31.7856801649336,-0.556248268407994,0.260117047330877,-2.13845372349021,0.0324799361779919,0.080778189031182
"YOL155C",395.61725959864,2.63495975597112,0.0818429934414178,32.1953003571062,2.05352800068299e-227,2.02850062817467e-225
"YOL155W-A",0.301205343422474,-1.02321746555357,2.22199472027363,-0.460495003078838,0.645160957365645,NA
"YOL156W",28.9702034729618,-0.370338138087714,0.266772898313193,-1.38821499646091,0.1650715870946,0.29223818919408
"YOL157C",20.4888449486968,-0.453118194718404,0.350832675509764,-1.29155072018311,0.196512779472002,0.332063509896667
"YOL158C",275.969718802004,2.20413891484808,0.0954565501079321,23.0904941814456,5.76901275594811e-118,2.98948349533639e-116
"YOL159C",33.476675591004,0.0540805180910927,0.240505796962033,0.224861599072516,0.822086943774271,0.891310865810485
"YOL159C-A",4.88596526194833,0.0725499582069923,0.679717413587026,0.106735470883598,0.9149988416387,0.949855940367793
"YOL160W",1.26461020994865,-1.27789132794501,1.35067482035755,-0.946113238126942,0.344090832377719,0.497375303077212
"YOL161C",0,NA,NA,NA,NA,NA
"YOL162W",9.41323855754656,-1.6160055833828,0.536427431923739,-3.01253345226487,0.00259076880020152,0.00960716302250068
"YOL163W",9.08054565517373,-2.22210122049677,0.59450223792073,-3.73775080858999,0.000185673835215349,0.000889939337552266
"YOL164W",76.6889434733522,-0.120467592178783,0.159407734662299,-0.755719867884642,0.449817169478665,0.599313834656295
"YOL164W-A",5.6690414719563,-0.420642652678396,0.604304887926601,-0.696076866301116,0.486380693212708,0.631266422190667
"YOL165C",1.53133553414065,-3.36323191044704,1.34388813838829,-2.50261298866773,0.0123280267991125,0.0364927258536349
"YOL166C",0,NA,NA,NA,NA,NA
"YOL166W-A",0,NA,NA,NA,NA,NA
"YOR001W",51.6910750535226,0.194981575005493,0.192337884010495,1.01374503524669,0.310704428712722,0.463709489688817
"YOR002W",146.444815049687,-0.0735454993737091,0.121266258396789,-0.60647949681984,0.544196393288306,0.682350178177047
"YOR003W",50.1217247405524,-0.901331510950593,0.210317510708024,-4.28557521395296,1.82266967521693e-05,0.000105811916315165
"YOR004W",25.3349626945052,0.432338685607984,0.282291568326684,1.53153240874576,0.125637863029478,0.237524692007284
"YOR005C",51.4418288747592,-0.693465568828584,0.215563583643805,-3.21698849641719,0.00129543792783692,0.00515727870263541
"YOR006C",47.9902853343166,-0.183513063788014,0.212740256863214,-0.862615597507754,0.388348851745777,0.541333265842975
"YOR007C",536.726279277658,0.35034759007926,0.0596710170852686,5.8713192298804,4.32340846239524e-09,3.67373498646004e-08
"YOR008C",258.464639866608,-0.0740102813392333,0.086487114964169,-0.855737659533392,0.392142904536909,0.544982950644611
"YOR008C-A",0.433403104765709,0.0803339097272614,1.95105634825031,0.0411745718155726,0.967156725228391,NA
"YOR008W-B",0,NA,NA,NA,NA,NA
"YOR009W",67.9469720880303,0.830174523382042,0.175022989763777,4.74323130065659,2.10335875765618e-06,1.38514938186483e-05
"YOR010C",25.0771933013623,-0.175578190623779,0.310455668773944,-0.565549958604959,0.571699753725787,0.707573579298047
"YOR011W",55.9002827967683,-0.609917738195847,0.193169407510323,-3.15742407691162,0.0015916967960157,0.00622692273787824
"YOR011W-A",0,NA,NA,NA,NA,NA
"YOR012W",10.4815653027105,0.357658856012213,0.439897768659416,0.813049943631618,0.416189424051033,0.568137679079786
"YOR013W",9.43058765747223,0.617295088884921,0.507380328262668,1.21663189228998,0.223744302866469,0.365695833175238
"YOR014W",242.48637036753,0.111061250180912,0.0984775857619704,1.12778201579147,0.259411990342215,0.407709361780674
"YOR015W",46.380096124668,-0.266626370127052,0.213564777222829,-1.24845666778123,0.211863867704829,0.351272848578529
"YOR016C",54.2035346407256,-0.295311391616726,0.191777429004452,-1.53986521328258,0.123593211779924,0.234430328494653
"YOR017W",40.4629903112457,-0.931818238717942,0.234968046921468,-3.96572321609916,7.31737364040536e-05,0.000382950630419228
"YOR018W",143.332863606234,-0.160108427303707,0.117755038383799,-1.35967368786265,0.173933208147674,0.303547646200027
"YOR019W",62.3964234068463,-0.74133144696614,0.184334375900574,-4.02166683964577,5.77877548116545e-05,0.00030986784217072
"YOR020C",203.904186045942,0.699817999859155,0.0988745403345018,7.07783821286658,1.46420519443162e-12,1.55313846295247e-11
"YOR020W-A",54.3798495941978,-0.540779375736852,0.195503081783961,-2.76609131069574,0.00567326469116983,0.0187291798316322
"YOR021C",121.366992810495,0.054307778587344,0.136734806554773,0.397175963865423,0.691237705630027,0.801688639697859
"YOR022C",35.5373315410842,-0.271750247540625,0.236126355376458,-1.15086792030213,0.249786577120837,0.396174295172587
"YOR023C",128.562820038176,-0.236996707065129,0.127004604048471,-1.86604815503129,0.0620346285186112,0.137832433989032
"YOR024W",0.279241842867752,1.32642141421683,2.53306108424791,0.523643674629604,0.600526398423032,NA
"YOR025W",66.0315769433576,0.250510240398289,0.169548791191968,1.47751121454268,0.13953865439822,0.256517410033599
"YOR026W",34.7189152029746,-0.261936361690313,0.2651675867599,-0.987814404056435,0.323243551859943,0.475512691475907
"YOR027W",428.117283983712,0.360389974816332,0.0704344207055251,5.11667408074618,3.10970278174747e-07,2.24937539887958e-06
"YOR028C",43.0770301312687,-0.0090861995436058,0.221607847824605,-0.041001253488086,0.967294896565015,0.981481946368734
"YOR029W",2.08599695274328,-3.01444211084738,1.26787803339508,-2.37754896878796,0.0174281287395161,0.048452343839587
"YOR030W",39.5654412085237,-0.0910690675685049,0.229480724408843,-0.396848440334606,0.691479227300434,0.801821657188801
"YOR032C",21.4669833793033,0.915401876932845,0.301451338030078,3.03664890962105,0.00239223914862337,0.00897551091845516
"YOR032W-A",0.871792550702628,-0.513898299730512,1.58334359673984,-0.324565243317146,0.745510136031958,0.838483380180402
"YOR033C",76.6565939557848,-0.48424953778786,0.166775338992866,-2.90360397833503,0.00368894453278671,0.0130946138889824
"YOR034C",46.4887324575355,-0.359093364509591,0.206868885383285,-1.73585004745526,0.0825903521898284,0.172102095223545
"YOR034C-A",3.52162102770406,-1.33082885972916,0.845555823732227,-1.5739101102219,0.115508232236505,0.222876233614394
"YOR035C",94.90656958573,0.125005789228735,0.140669299021941,0.888650118383239,0.374191146847524,0.526516009430235
"YOR036W",117.424147844917,-0.0934219750459136,0.136140130143286,-0.686219228287707,0.49257487424679,0.637082314850287
"YOR037W",34.7479267383053,-0.15208246754708,0.237362445078754,-0.64071832212809,0.521705707920616,0.663092779548478
"YOR038C",52.5547662410537,-0.176243116152847,0.19633673046647,-0.897657385523925,0.369368235002688,0.522053651170801
"YOR039W",87.8414471616209,0.0659853821090852,0.148563913566876,0.444154845714816,0.656930635797265,0.776573575076722
"YOR040W",34.1428204758291,-0.118372032702079,0.24811824404453,-0.477079116684521,0.633305784776498,0.758144133943765
"YOR041C",16.708989567935,0.0216727839245404,0.677074481227406,0.0320094532070561,0.97446451219261,0.986479526994665
"YOR042W",293.025485108786,0.347225474623539,0.080753652393189,4.29981139345748,1.7094352818336e-05,9.96960318427311e-05
"YOR043W",176.799366854266,-0.362391465746024,0.107594738897155,-3.36811510916362,0.000756839898983103,0.0031708030757927
"YOR044W",23.9303410835185,-1.10620328232037,0.315280664969944,-3.5086302625815,0.000450420601176257,0.00199688572274635
"YOR045W",108.104009057611,0.481306245052483,0.138526952225651,3.47445921042476,0.00051188418292561,0.00224464887578708
"YOR046C",168.164339121943,0.203873974364357,0.106448337150352,1.91523869533439,0.0554620697573518,0.12580954610907
"YOR047C",81.3043053863425,-0.907885211057005,0.164902738198393,-5.50557996171498,3.67954898034718e-08,2.88970293835464e-07
"YOR048C",136.475694064537,-0.180920837403195,0.123191683023011,-1.46861243359587,0.141937940495866,0.259644577492727
"YOR049C",46.0484973951781,0.937568608878025,0.212506538418086,4.41195181972918,1.0244291291355e-05,6.20943523911279e-05
"YOR050C",25.4043604603333,-0.503531097986944,0.29144890686334,-1.72768223221729,0.0840452107448501,0.174665950798469
"YOR051C",140.626728843724,0.147485921247765,0.118802354350738,1.24143938101045,0.214443478743389,0.354249195875543
"YOR052C",109.751025042887,0.173546710171153,0.134715134026799,1.28824954541952,0.19765911019605,0.333582726817787
"YOR053W",44.1898394743522,0.848452500974144,0.212929449138218,3.984664894443,6.75754194650489e-05,0.000358098744223
"YOR054C",138.768689636258,-0.135154404529761,0.122887771407852,-1.09981980290941,0.271410642331076,0.421276229024568
"YOR055W",7.36449353903997,0.489146224592591,0.522168317923167,0.936759676531286,0.348882191541188,0.502202401218185
"YOR056C",60.450515756731,0.236077048568261,0.184281181396466,1.28106975861176,0.200169164840432,0.336650561351745
"YOR057W",49.2578578584091,-0.317087709629899,0.202474924755924,-1.5660591552862,0.117334769024179,0.225331230185559
"YOR058C",39.9183409576634,-0.541379023576216,0.229634188213134,-2.35757152621254,0.0183949112022304,0.050738494162522
"YOR059C",88.0778891422914,-0.24928577741996,0.151702391093448,-1.64325542678099,0.10033009634505,0.200046792992665
"YOR060C",26.3315213025852,-0.0581523641172606,0.28665241534612,-0.202867169449957,0.839238855664158,0.903057065496067
"YOR061W",218.139969512435,-0.281598794376264,0.0969822844386947,-2.9036106543177,0.00368886588239483,0.0130946138889824
"YOR062C",77.2255163282769,-0.899637842688777,0.169018989295971,-5.32270277106798,1.02236720929998e-07,7.76657303959491e-07
"YOR063W",5388.49837923553,0.87442185950721,0.0196145640245158,44.580234279706,0,0
"YOR064C",20.5572706975793,-1.28124178388129,0.353752808651771,-3.62185614515508,0.00029249676931915,0.00135074110711152
"YOR065W",99.450268276306,0.753722603266761,0.142157988804647,5.30200665896112,1.14536662556631e-07,8.62024738908359e-07
"YOR066W",48.004482766056,-0.534868013736223,0.216038390602567,-2.47580076968907,0.0132937737387489,0.0387836883378079
"YOR067C",90.149910901062,-0.529322098429106,0.152619941148344,-3.46823681392076,0.000523885403569462,0.00229231071624964
"YOR068C",0.600276953868769,3.40515899675778,3.48552468700641,0.976943015050725,0.328597364698689,0.480433057267602
"YOR069W",83.6792099951865,-0.446193972007705,0.156340439048624,-2.85398950343828,0.00431739577868009,0.0148744283993545
"YOR070C",82.1810476420691,-0.67818826757559,0.171566275048239,-3.95292295869281,7.72022994282957e-05,0.00040203701563895
"YOR071C",53.9630930411819,0.183394159923514,0.197661749028834,0.927818158164539,0.353501903299791,0.507036683852349
"YOR072W",0.88025374699979,-1.55063014948174,1.55430390171634,-0.997636400300774,0.318455703519551,0.471383038550831
"YOR072W-A",2.12367950488949,-0.465043166307836,1.01794243891499,-0.456846230719605,0.647781573911693,0.770367778455554
"YOR072W-B",0.0826001337085383,0.671886301116372,3.5338115409304,0.190130767680801,0.849206660687331,NA
"YOR073W",29.0744228050858,-0.238085608103301,0.279218399744038,-0.852685955945437,0.393833481086456,0.546251704130885
"YOR073W-A",5.08439978050971,0.197312662078218,0.623074335673951,0.316675957877152,0.751489493415855,0.842638029967225
"YOR074C",50.0981684773481,-0.192482490857013,0.20841483414738,-0.923554657922768,0.355718230367791,0.509020066180439
"YOR075W",36.1602976041997,-0.739955832681287,0.258211087218367,-2.86570123944954,0.00416086720133708,0.0145091022872879
"YOR076C",41.6776969887969,-0.201066896039393,0.223213230298677,-0.900783953398949,0.367703201007793,0.520631497597148
"YOR077W",25.8172936998199,-0.293212346529833,0.283694509606856,-1.03354959860227,0.301346772091544,0.454139283233073
"YOR078W",37.8439706185619,-0.351270039271879,0.254832566557808,-1.37843464835251,0.168069131984919,0.29630856842429
"YOR079C",96.0661873982936,0.310946733140992,0.16092543245495,1.93224109077998,0.0533297556353806,0.121979274647929
"YOR080W",42.2428016962458,-0.125768309880895,0.219115419461033,-0.573982014548554,0.565979972065879,0.701593212431468
"YOR081C",66.3237752248597,-0.342375877275987,0.183131922999427,-1.86955868571892,0.0615451269753067,0.137051177434973
"YOR082C",2.05056949969297,0.690120444365696,0.961879878191032,0.717470507506174,0.473083827870879,0.619477207912116
"YOR083W",34.439374943089,0.966944355231761,0.247302965270086,3.9099585974464,9.23119421006754e-05,0.000472930387326151
"YOR084W",74.5239637825191,-0.112316001237903,0.162975453944866,-0.689159002286932,0.490723213374213,0.635467463119987
"YOR085W",143.79508358314,0.206667907654466,0.122090355987098,1.69274555703896,0.0905039096445275,0.184748374805522
"YOR086C",357.875016983663,0.0592700118573833,0.0746234928364549,0.794254055988504,0.427047544943361,0.578296333684362
"YOR087W",102.601104455826,-0.24937705560707,0.141674464809553,-1.76021173570196,0.0783719128988828,0.165819020531037
"YOR089C",196.752712487852,-0.0823486895430058,0.0995650944344401,-0.82708392947118,0.408189492244634,0.560385226920864
"YOR090C",102.784279748828,0.325694801952719,0.140747789533469,2.31403138217862,0.020666000780269,0.0558812903904452
"YOR091W",58.5682090055844,0.918402246089343,0.181222817297935,5.06780691186069,4.0242531421866e-07,2.87148175676114e-06
"YOR092W",63.2025146475997,0.950032642766146,0.181398892197226,5.23725713679235,1.62980551987305e-07,1.21076739090922e-06
"YOR093C",51.85225200739,-0.136708706442673,0.196215088274715,-0.696728817568153,0.485972520665661,0.630866175697805
"YOR094W",19.5367450145457,-0.353383605908442,0.325016292921306,-1.08727966445056,0.27691323291771,0.42625893803403
"YOR095C",68.4610172302827,0.663940081340941,0.175472559400923,3.78372597748436,0.000154497918937853,0.000750757758282172
"YOR096W",922.574573072446,0.551814271695419,0.0464012933504494,11.8922174760906,1.29910962814359e-32,2.41326412655019e-31
"YOR097C",39.9278609707397,-0.646740538966439,0.229741673232881,-2.81507716848071,0.00487655224809999,0.0164687838207736
"YOR098C",110.850082836786,0.304861811322205,0.14280776091752,2.13477061305009,0.0327797518280838,0.0814597449124
"YOR099W",324.161699788445,-0.014933955894471,0.082231231404196,-0.181609294175168,0.855889354453037,0.914683276131917
"YOR100C",15.1315609061584,-2.41238337984875,0.483152798391817,-4.99300301659934,5.94476286851754e-07,4.1851660194619e-06
"YOR101W",76.155710315745,0.306768808015657,0.162270967051799,1.89047254471425,0.0586947891358198,0.131958910710047
"YOR102W",19.4834246555934,-0.127145691267932,0.330667180998953,-0.384512581151301,0.70059857288553,0.808245287916481
"YOR103C",38.4975125413771,-0.452646701113922,0.236777068504509,-1.9116999123811,0.055914695584775,0.126473239887995
"YOR104W",47.8872932583569,-0.664304096429249,0.219968122078154,-3.02000167184781,0.00252773290239549,0.00943348725439449
"YOR105W",11.7387250223501,-1.22805347392528,0.44227395873101,-2.77668049335045,0.0054917134008259,0.0182249932388564
"YOR106W",54.2594575400241,-0.287716701622244,0.192463562169549,-1.49491518487423,0.134936578766551,0.250534229357455
"YOR107W",14.4311862042741,0.234034370155991,0.380402837547317,0.615227719290817,0.538404344278139,0.677641302911884
"YOR108C-A",6.83098719512576,-0.337967568581751,0.574969007506478,-0.58780136697706,0.55666562639759,0.693446323169569
"YOR108W",120.839829891881,1.17692440744082,0.132867127087592,8.85790513604569,8.1532050967964e-19,1.0805987971058e-17
"YOR109W",137.111362999097,0.223654385735939,0.124324587316118,1.79895538416112,0.0720257385386438,0.155143686215096
"YOR110W",80.2506515201661,-0.46324025740242,0.162118310750778,-2.85742094928779,0.00427099004744431,0.0147846145359984
"YOR111W",24.9996331275873,-0.859020811589918,0.312365390699719,-2.75005118097641,0.0059585957007972,0.0195791278692515
"YOR112W",61.0731643268659,-0.538824722801178,0.188125234448563,-2.86418100357771,0.00418089029533335,0.0145388275286565
"YOR113W",62.9575210310223,-0.279241926644928,0.180860774027629,-1.54396069654258,0.122597854417073,0.232961717951529
"YOR114W",15.7620059035709,-1.55679415143138,0.414182969372244,-3.7587111652392,0.000170790860931242,0.000823600169952182
"YOR115C",50.3343224774786,-0.18709852176623,0.206579442236365,-0.905697680953918,0.365095890312639,0.51767731441886
"YOR116C",131.650643963856,0.34157670280325,0.11928041559802,2.86364447248724,0.00418797781298187,0.0145554676930574
"YOR117W",353.396421048701,0.013698458252408,0.0754561270012545,0.181542027093178,0.855942148306932,0.914683276131917
"YOR118W",70.4567403340642,-0.110924828424062,0.168739264063047,-0.657374138971094,0.510940375949247,0.653086343863958
"YOR119C",34.4663586481851,0.252209479955257,0.241353104360426,1.04498129669225,0.29603161387606,0.44855133676338
"YOR120W",84.748701869852,1.00669232555175,0.156352744350327,6.43859709488777,1.20582814162129e-10,1.14291536901496e-09
"YOR121C",19.7551700288671,1.09979254905607,0.34007637216453,3.23395754328968,0.00122087603495909,0.0048943426081239
"YOR122C",509.356352002998,0.310708135488873,0.0643653650563511,4.82725663432269,1.38426690532657e-06,9.2901649421174e-06
"YOR123C",195.777296485385,-0.222288386536435,0.100768625941854,-2.20592852645128,0.0273890045054199,0.0702162556704235
"YOR124C",186.64389098919,0.0983066537957103,0.10353092597502,0.949539018123244,0.342346537146676,0.495606779904119
"YOR125C",67.9829212971638,0.130610760922791,0.166383416392522,0.784998672071146,0.432454347175677,0.583559526754457
"YOR126C",33.8552313893034,-0.891412407090845,0.254989285604932,-3.49588181705782,0.000472497921995278,0.00209182903561215
"YOR127W",147.627404102678,-0.791724271676102,0.122380572432583,-6.46936238276096,9.8417315007981e-11,9.41292383480266e-10
"YOR128C",367.739804806838,2.38231509672706,0.0814749544248952,29.2398457113973,6.04492408541482e-188,5.02842237736743e-186
"YOR129C",24.9506421481215,-0.263869543594108,0.30049644408342,-0.87811203356821,0.37988292320401,0.532746193543866
"YOR130C",68.4965279280731,-0.0413136309645158,0.182311122360523,-0.226610589796147,0.820726557034996,0.890731774011869
"YOR131C",80.7443003144163,-0.382622654449162,0.168447370680735,-2.27146706358725,0.0231187186310288,0.0612558839838072
"YOR132W",195.755073826419,0.105956907087168,0.101457648840175,1.04434617102236,0.296325258529666,0.448710966329233
"YOR133W",2111.89105350627,0.911014863341186,0.0855494087539864,10.6489907599593,1.76265644719912e-26,2.85731129722893e-25
"YOR134W",31.8244644202152,-0.714039823598957,0.261947763420054,-2.72588631518086,0.00641290820661612,0.0208016447830821
"YOR135C",19.588054054033,0.392749649981718,0.313082605326112,1.25446014342644,0.209674803819561,0.348649160901437
"YOR136W",445.581400541273,0.495479950082381,0.0671672502189908,7.37680861531368,1.62128802554694e-13,1.79505830078945e-12
"YOR137C",61.1924770218639,-0.78508900436937,0.190776054676513,-4.11523870592982,3.86778929140312e-05,0.000214680982442937
"YOR138C",154.946813967817,-0.153264929286023,0.12278945586607,-1.24819291856129,0.211960416640146,0.35134078500236
"YOR139C",3.45028294019643,0.260397927228993,0.759899516615964,0.342674158273734,0.73184360562128,0.829457740182455
"YOR140W",49.1232045824743,-0.201122999481536,0.209134690114104,-0.961691240089356,0.336204723954791,0.48906724915835
"YOR141C",94.0285691900665,-0.56629689051532,0.150584104830023,-3.7606684394382,0.000169459921398266,0.000819056286758287
"YOR142W",304.48585021931,-0.167560548094851,0.0809863079339627,-2.06899848097141,0.0385462292444832,0.0930218638228923
"YOR143C",19.6706952919135,-0.84561899524543,0.333554855818902,-2.53517219279981,0.0112392064475017,0.0337710376240998
"YOR144C",21.32010249513,-0.805007569427323,0.320698829345559,-2.51016684741282,0.0120674129520723,0.03588437661477
"YOR145C",68.2006200982568,0.308163040203219,0.17350009339311,1.77615489523106,0.0757073902646927,0.161260822524726
"YOR146W",7.09209676954463,4.27776616398946,1.99537117963629,2.14384481827045,0.0320453228891285,0.0799173693511127
"YOR147W",53.606413118422,-0.761798263112351,0.201908059433616,-3.7729958142796,0.000161298995051825,0.000781404020473285
"YOR148C",29.6740705175901,-0.526556894648498,0.261861762628363,-2.01082009592898,0.0443444626811952,0.104489635881668
"YOR149C",34.18548117746,0.1094530439985,0.249794290214869,0.43817272165969,0.661261081206181,0.779506350062554
"YOR150W",53.0101546645025,-0.0899064880968446,0.19825394917074,-0.453491536854156,0.650194836102162,0.772348392760049
"YOR151C",479.968000779034,0.489231451234596,0.0664536884581359,7.36199092308923,1.81187295141111e-13,2.00256307671697e-12
"YOR152C",10.82649288578,-0.203069828488251,0.431072070295004,-0.471080922383305,0.637582948150815,0.761821848083434
"YOR153W",903.444780723552,2.5891012924169,0.0536538689576041,48.2556308187716,0,0
"YOR154W",34.0979761570175,-1.13143787962576,0.267186700068667,-4.23463398191219,2.28924264499849e-05,0.000130737055119065
"YOR155C",147.885500191124,0.0649662350531618,0.117084446919236,0.554866481096121,0.578985990165804,0.713301246124897
"YOR156C",29.2441001770512,0.162404696419577,0.267498544571741,0.607123663717808,0.543768847064503,0.682084653004323
"YOR157C",280.795688587019,0.118362722954834,0.0853117423724631,1.38741420188177,0.165315496886092,0.292506177249895
"YOR158W",64.5286057179501,-0.135372517991781,0.182913718863124,-0.740089474060072,0.459245705184937,0.607786421137251
"YOR159C",41.9375792872874,0.112767178289747,0.224257878144161,0.502846005781151,0.615072545388017,0.743781299147483
"YOR160W",60.8293125483301,0.229275870537756,0.178394254015271,1.28522004143771,0.198715402117169,0.335044360261615
"YOR161C",163.416443875848,0.434359536403951,0.120938457283114,3.59157497260882,0.000328685589914583,0.00150358198222865
"YOR161C-C",0.904337642925452,0.967304784797278,1.42908318462989,0.676870874418549,0.498487885026886,0.642102772848405
"YOR161W-A",0,NA,NA,NA,NA,NA
"YOR161W-B",0.800369271825026,3.8196984063986,3.4602974459143,1.10386418107168,0.269652058727582,0.419473502774551
"YOR162C",54.9561676759031,-0.37537469936485,0.192750434782081,-1.94746486455005,0.0514790281239624,0.118216642135739
"YOR163W",85.2831915930562,0.327519374593585,0.165106170608539,1.98368948529562,0.0472904664541087,0.110117984870304
"YOR164C",67.7644022983517,-0.416813918590348,0.175538987807086,-2.37448058575123,0.017573660356594,0.0487925695100516
"YOR165W",142.217132943335,-0.125301208547028,0.117093953439383,-1.07009119486169,0.284578262095262,0.435723849107833
"YOR166C",30.3997761571448,-0.361241364588104,0.279306272990203,-1.29335213534848,0.195889296640281,0.331126238866272
"YOR167C",637.166078530649,0.365091714893845,0.0553880041670142,6.59153042945844,4.35315575233624e-11,4.26676754515810e-10
"YOR168W",204.478306812426,0.572191030612999,0.100531127278454,5.69168023977419,1.25795270018836e-08,1.03686792315396e-07
"YOR169C",35.6925865489779,-0.278949677274822,0.243867823112166,-1.14385601886691,0.252683353314726,0.399565822825337
"YOR170W",8.59474827768758,-0.905885524615897,0.530963587718791,-1.70611609829575,0.0879864658607031,0.180659446954
"YOR171C",89.4322600667971,0.0988404944696308,0.149740845927947,0.660077040817515,0.509204391380109,0.651526039729822
"YOR172W",72.7791253636352,-0.187812842951592,0.171074928423897,-1.09783966991482,0.272274505664039,0.422098927123113
"YOR173W",68.9293807364806,0.579312199018031,0.16666857118364,3.47583347540509,0.000509268401769764,0.00223738348574597
"YOR174W",51.4125485104887,-0.434984128130085,0.198809675685545,-2.1879424461116,0.0286737949192158,0.073078599100598
"YOR175C",164.101413682988,0.0945953741888919,0.112658338260765,0.839665981668716,0.401095692736711,0.553652176742682
"YOR176W",143.904231675903,0.0647276599999616,0.119357286309562,0.542301706090111,0.587610680504269,0.720775072205663
"YOR177C",6.31122813101805,-1.66319493972136,0.687243917777912,-2.4200940840612,0.0155164919159729,0.0440877581540588
"YOR178C",87.4731515309912,1.44649354849089,0.160265122228903,9.02562908494151,1.7866584219393e-19,2.42908699860221e-18
"YOR179C",31.8308742134476,0.00752176503860507,0.245974758134279,0.0305794183747053,0.975604956230669,0.98670821704463
"YOR180C",22.7093643354088,-0.360286519218025,0.303808487445977,-1.18590011176726,0.235661749039571,0.380416460224779
"YOR181W",287.471083068232,0.627266417550767,0.0883296077849131,7.10142876529228,1.23473650535151e-12,1.31414211899532e-11
"YOR182C",378.035665899543,0.473991719143341,0.0732414583318512,6.47163136752033,9.69504157361625e-11,9.28667467096999e-10
"YOR183W",0.404796170206006,-0.0423618053388594,1.98225928602679,-0.0213704663347896,0.982950132634258,NA
"YOR184W",260.036145522209,0.83150873520406,0.0852870547289425,9.74953042811412,1.85323489004267e-22,2.69957395733865e-21
"YOR185C",77.3329595550871,0.441199987343102,0.158752035265569,2.77917688806345,0.00544968400217147,0.0181045203687483
"YOR186C-A",0.670216426956,-1.01697440208002,1.69949956930855,-0.598396387057501,0.549575475925745,0.687458678037704
"YOR186W",1.52568976195934,-0.783010247194561,1.19171307889778,-0.657045945924139,0.511151373835971,0.653091953393494
"YOR187W",366.311760581845,0.55676741713231,0.0753374937078132,7.39030978773545,1.4648711736628e-13,1.62757742704679e-12
"YOR188W",44.9686623626501,-0.229965685285446,0.217795349612718,-1.05587968565155,0.291023186208137,0.44301675492604
"YOR189W",42.7984580753612,-0.430327887085871,0.222928488295875,-1.93034048889585,0.0535646633884357,0.122432915688804
"YOR190W",13.8857820408674,-1.17208203890448,0.426493515657344,-2.74818255348613,0.00599266331846262,0.0196808402593874
"YOR191W",102.396911000743,-0.0677624628459371,0.13674103720486,-0.495553231356716,0.620209656634006,0.747277577518618
"YOR192C",7.52819870538913,0.392914322441533,0.542419899525255,0.724372986288714,0.468836779663069,0.615881577855226
"YOR192C-C",11.4068148297614,0.113932655209521,0.426244342755183,0.267294234272007,0.789242625707926,0.869036368399967
"YOR193W",25.9044550290825,-0.520509829996466,0.288449751944565,-1.80450780937575,0.0711517360297143,0.153837645410347
"YOR194C",122.445289947277,-0.400120041592497,0.131987467692815,-3.03150025215825,0.00243341717205922,0.00911918397258944
"YOR195W",37.9507930849497,-0.952600164942165,0.24346284121642,-3.9127127580647,9.12650689454111e-05,0.000467946282135352
"YOR196C",98.0713120090941,0.0726180887213875,0.155306698524081,0.467578600353338,0.640085971202522,0.76380209700686
"YOR197W",324.302941196238,1.0583858034764,0.0766207854043806,13.8132988051554,2.11901203739634e-43,4.83624335755222e-42
"YOR198C",312.661601017356,0.0744692699837358,0.0802863027881126,0.927546385842069,0.353642919688283,0.507083360913886
"YOR199W",1.79521688957761,0.673797695426883,1.08834436346752,0.619103399663071,0.53584824385914,0.675769518786651
"YOR200W",25.556133707867,0.391204911403726,0.280845670727376,1.39295332696611,0.163633904906779,0.29075141844313
"YOR201C",79.6289947624789,0.234266346378484,0.157942589085354,1.48323734424718,0.138011362555038,0.25469474766001
"YOR202W",172.818318455506,0.919547677341288,0.113226318594132,8.12132451852887,4.61123202463603e-16,5.62783954821409e-15
"YOR203W",18.8014722218004,1.06284116314954,0.332195985234499,3.19944012086503,0.00137694787104827,0.00544066527547948
"YOR204W",146.250645683307,1.38182383942957,0.121690559760201,11.3552262570945,6.98588091094992e-30,1.22339997559627e-28
"YOR205C",25.9061476958431,-0.26217726820729,0.28259056935636,-0.927763685831542,0.353530164887876,0.507036683852349
"YOR206W",47.3168264354067,0.0500110150444151,0.211036564708927,0.236977962152639,0.812673887002152,0.885711313435378
"YOR207C",161.43084086389,0.462725323874974,0.109042557143691,4.24352964563384,2.2003128989159e-05,0.000125999802055673
"YOR208W",130.996914834712,-0.285990971077526,0.128901735345453,-2.21867432824762,0.0265088887579697,0.0685997522422776
"YOR209C",277.094836383901,0.509218007510527,0.0859819819263003,5.92238043485675,3.17314502494124e-09,2.71456330821089e-08
"YOR210W",57.7144682145878,0.24374272112398,0.19566672035105,1.24570351405019,0.212873263078839,0.352391926992517
"YOR211C",77.5201404619611,-0.579226423268109,0.171404449855078,-3.37929630040435,0.000726716389048601,0.00305878895576915
"YOR212W",170.678205082494,0.728146355354142,0.107297957600084,6.78620890500128,1.15118427533251e-11,1.1607315771375e-10
"YOR213C",28.4331529688565,-0.250702461972828,0.282257282764029,-0.888205468138155,0.374430237954667,0.526735194559281
"YOR214C",1.03346945450782,0.161470866796302,1.36693487601415,0.118126232368242,0.905967638540252,0.944824713106479
"YOR215C",111.593780236306,-0.599571942125838,0.14040731824226,-4.27023284563652,1.95268996493231e-05,0.00011294515972829
"YOR216C",72.8219927479498,0.028037768221571,0.16507139317129,0.16985237528393,0.865126235797096,0.920005626885419
"YOR217W",80.2786001669579,-0.109720760997709,0.159446735835292,-0.688134256389234,0.491368239931771,0.6361724376098
"YOR218C",36.4327504415161,0.3313458499366,0.239384260923867,1.38415887768821,0.16630981186351,0.293936435728574
"YOR219C",119.861636828435,0.234999262347781,0.130240710776848,1.80434566846325,0.0711771346920629,0.153839947187426
"YOR220W",157.562162956469,-0.104471460136429,0.111832743950718,-0.934175952818145,0.350213137923065,0.503421432003096
"YOR221C",70.5474797712533,0.495840751210947,0.163162874434621,3.03893120864102,0.00237419060912121,0.00891837969748323
"YOR222W",203.314564972506,-0.371272398288078,0.106543840472421,-3.48469134059592,0.000492705045086797,0.00217519643508291
"YOR223W",86.4103280680329,-0.0325641448455597,0.149567849874207,-0.217721554952802,0.827646068106954,0.894882579540304
"YOR224C",120.527340340334,0.3264123239573,0.134356020356261,2.42945811502736,0.0151214120076854,0.0431202375789747
"YOR225W",11.4130584402922,-0.323060210087996,0.436978415656717,-0.739304731110074,0.459721977102197,0.608152822607259
"YOR226C",84.663888332022,-0.0402889509444433,0.151502820315416,-0.265928719086318,0.790294106573027,0.869516070615155
"YOR227W",214.703907765348,-0.710174709955638,0.0989873745163769,-7.17439687056398,7.26266448728779e-13,7.79534208635541e-12
"YOR228C",39.1408366216411,-0.146631529565152,0.222724074048878,-0.658355097855173,0.510309981178757,0.652412477454419
"YOR229W",49.7771500559321,0.145888800805122,0.20383153139252,0.715732251082304,0.474156692584455,0.620239729054195
"YOR230W",557.179579127255,1.28743901839322,0.0622083133222644,20.6956104359197,3.79393564536868e-95,1.63165041836876e-93
"YOR231C-A",0,NA,NA,NA,NA,NA
"YOR231W",79.5891664903238,-0.277709812343416,0.16830235576375,-1.65006491491565,0.0989296597404252,0.198110012315163
"YOR232W",141.797399953901,0.313972713743757,0.115797663893379,2.71139074129206,0.00670016182372832,0.0215784121495723
"YOR233W",52.5160317340154,-0.0838352282322773,0.199762862960246,-0.419673742105713,0.67472380968352,0.788612298912777
"YOR234C",324.278584984572,0.413446172654078,0.0800800710690121,5.16290966197788,2.43140497772898e-07,1.77498178628206e-06
"YOR235W",0.157630262414301,-0.0556380729132766,3.06801604318109,-0.0181348702647552,0.985531260072173,NA
"YOR236W",32.6310775889003,-0.527981325983751,0.255761279674379,-2.06435206555092,0.0389843478100297,0.0938832823716655
"YOR237W",22.6397199714726,-0.710569305534704,0.317153608905233,-2.24045789038152,0.0250612116257298,0.0654427839313769
"YOR238W",36.1632623783887,-0.648556597810635,0.270779676271376,-2.39514503725401,0.016613791992259,0.0466810635444717
"YOR239W",235.2133671264,-0.484542427199896,0.0965307372887559,-5.01956621081704,5.17882933908188e-07,3.6622549308362e-06
"YOR241W",98.2772309486201,0.127667306430917,0.15008671189915,0.850623648259425,0.394978448571703,0.547359437060567
"YOR242C",2.93034909632533,-0.717943153904726,0.864023981122838,-0.83092966120191,0.406013366284944,0.557900424057319
"YOR243C",132.798157924006,0.546168779230977,0.119705061149947,4.56262061089319,5.05190546179175e-06,3.20664119773569e-05
"YOR244W",43.7000582802586,-0.911545174274478,0.233534966570703,-3.90324921214103,9.49098877024793e-05,0.000484669071126877
"YOR245C",73.8176017196917,-0.328260419714482,0.166307722303713,-1.97381345356297,0.0484029585067953,0.112130268845716
"YOR246C",204.378526535856,0.0490022511043911,0.0991101623796038,0.494422064578067,0.621008134420127,0.747812081105532
"YOR247W",544.842255552814,0.787453216883605,0.0623432005162693,12.6309398677424,1.42565162591865e-36,2.87037247740691e-35
"YOR248W",374.607836926065,0.873171746266719,0.0731609164220847,11.9349481795603,7.78073314846727e-33,1.45102640013599e-31
"YOR249C",42.2378870334408,-0.326101074269829,0.224159978032018,-1.45476938895511,0.14573311531884,0.264596425917779
"YOR250C",61.3287678591534,0.0309612036118867,0.19033550783805,0.162666461784054,0.870781054839355,0.923670776626577
"YOR251C",107.969659854709,-0.264220772471019,0.139513724365535,-1.89386939294046,0.0582423479906972,0.131174964017523
"YOR252W",28.5058977417418,0.196446331459389,0.258624386210308,0.759581624679598,0.447504706307808,0.596861762294929
"YOR253W",64.9312751196037,0.622051561656139,0.177088198974709,3.51266524397246,0.000443636040955964,0.00196956955823287
"YOR254C",235.032162522167,0.0635318746305045,0.0969143265172658,0.655546779445307,0.512115778216059,0.653795628005236
"YOR255W",0.60197764122186,-2.01558620142282,3.42253301386421,-0.588916511033774,0.555917281198731,0.692787118418761
"YOR256C",113.833874755708,-0.249932578468265,0.136635700145239,-1.82918943001422,0.0673712353423998,0.147581756699464
"YOR257W",47.3115659111853,-0.978890858907964,0.222857502080655,-4.39245190208445,1.1207943074611e-05,6.74182836514661e-05
"YOR258W",12.5881079454704,-0.512115552148646,0.418954004727579,-1.22236700537484,0.221568870724151,0.363361452845157
"YOR259C",291.674220030028,0.0639755643474832,0.0826239634558363,0.774297935751764,0.438754624117697,0.589043689461049
"YOR260W",129.614522475283,0.373013087855924,0.123788290430383,3.01331480190124,0.00258410709370437,0.00959854585569859
"YOR261C",230.361564245657,-0.368141480034543,0.0974541438322835,-3.77758672497403,0.000158355369824554,0.000767732092048184
"YOR262W",59.0819550982825,-0.161710604365266,0.186250989575169,-0.868240242557218,0.385262828094897,0.538142200445413
"YOR263C",5.70388973540443,0.188911456886144,0.607149953382039,0.311144645295352,0.755690662346466,0.844916553942714
"YOR264W",78.1662085288336,0.132567364065575,0.16324105566933,0.812095728749213,0.41673670386641,0.568531820457047
"YOR265W",36.9580371170867,0.137258611823187,0.24429234451914,0.561862108668874,0.5742099717953,0.709781993973127
"YOR266W",25.3146721914199,-0.174387140848325,0.288695081831808,-0.604053036656584,0.545808381510041,0.684100037253465
"YOR267C",271.207482427708,0.217229212699219,0.0888537400600055,2.44479537442676,0.0144934346710972,0.0416831898337163
"YOR268C",1.32257976580215,-1.30290450113718,1.36719477168794,-0.952976509359096,0.340601972833166,0.493646417297403
"YOR269W",26.2210892174639,-0.598252531329055,0.281388680803532,-2.12607177239926,0.0334972838758399,0.082884473057949
"YOR270C",612.64951694641,0.243603118431051,0.0566433491643376,4.30064821422005,1.7029922380499e-05,9.94119753365784e-05
"YOR271C",290.208226131524,0.2620014545282,0.0827006519288233,3.16807000208043,0.00153454566225368,0.00601823677218845
"YOR272W",62.4055332224878,0.688038847447746,0.178883423677514,3.84629740030089,0.000119916198614134,0.000597002745034222
"YOR273C",245.031124779748,1.71055276359913,0.0920636114991462,18.5801179830426,4.65480760515871e-77,1.64400523350913e-75
"YOR274W",41.7566469130024,-0.292119549316186,0.218221024650608,-1.33864071889451,0.180687663528474,0.312191147534029
"YOR275C",81.9184665515455,0.167919657337687,0.152237873807813,1.10300842449804,0.270023506688457,0.419741482489408
"YOR276W",150.690007155439,0.468521424787623,0.114789595508069,4.08156699841921,4.47330783909971e-05,0.000246129261608254
"YOR277C",73.1591412133518,0.341695373876694,0.163485840072708,2.09006097240427,0.0366123229289751,0.0894370577886324
"YOR278W",30.2454359673829,-0.593628961139879,0.265709934422327,-2.23412407379676,0.0254749104133308,0.0662767010835709
"YOR279C",26.2064778979089,0.107229965609285,0.275178376570119,0.389674388466935,0.696777337408348,0.805306458335572
"YOR280C",37.623660521176,0.175782244196193,0.24201637755066,0.726323755339233,0.467640319752282,0.615248866986722
"YOR281C",95.5315177639638,-0.417101909870261,0.149386041788935,-2.79210764858189,0.00523659315108278,0.0175255383277636
"YOR282W",8.09497168850101,0.348403810035613,0.488076472843638,0.713830371715601,0.475332076639732,0.621084953560442
"YOR283W",59.3273978004567,-0.0256920433328115,0.188800725861981,-0.13608021481651,0.891757868310517,0.935716720906073
"YOR284W",21.4953753061871,0.380085361921325,0.304952208512251,1.2463768135198,0.212626089504312,0.352259470085499
"YOR285W",260.700434259386,-0.118497301760565,0.0900809671106317,-1.31545325901125,0.188357616246367,0.321142624031697
"YOR286W",59.9636398153661,-0.00731909705416126,0.182818038269449,-0.0400348736013341,0.968065323456837,0.981976077756682
"YOR287C",4.91683319795035,0.178486975305305,0.670677901632631,0.26612920281228,0.790139705124694,0.86949751362895
"YOR288C",32.474951712506,-0.792456817822798,0.25875234854472,-3.06260724696703,0.00219417834285066,0.00833128857867979
"YOR289W",55.6186646389833,-0.957598904626965,0.19927571950582,-4.8053967989763,1.54444888454673e-06,1.02995842279582e-05
"YOR290C",109.566915140573,10.9135010450719,1.02649130015916,10.6318495279791,2.11868498133146e-26,3.42565893912468e-25
"YOR291W",120.78870451617,0.0760414928006161,0.136207755267239,0.558275794586166,0.57665607106616,0.711618130251857
"YOR292C",60.9471612728548,-0.22621905249258,0.186608197329276,-1.21226749805321,0.225410001100818,0.367407377958157
"YOR293C-A",0.713266885234108,2.7278711917593,1.82617211805443,1.49376456073895,0.135237167407328,0.250871294703382
"YOR293W",953.905839049757,0.813258208841541,0.0467749500718993,17.3866184269883,1.04203731098406e-67,3.27749247763246e-66
"YOR294W",53.3525508284766,0.291816408708823,0.192763567689322,1.51385664940144,0.130062201063256,0.243872864208741
"YOR295W",13.1100516934609,-0.0974508119542416,0.384757277876368,-0.253278670886,0.800052877035846,0.876136201042893
"YOR296W",28.2083074429431,-0.0457016155847145,0.274290097111746,-0.166617811091064,0.867670778382283,0.921650576061702
"YOR297C",23.9345185137934,-0.409653793058088,0.300915008171804,-1.36136045705039,0.173399805993116,0.302910630972225
"YOR298C-A",427.870041969533,1.02165955153993,0.0674974017349749,15.1362796978679,9.33470622040004e-52,2.40873521328037e-50
"YOR298W",11.5485400500317,-0.806057727614328,0.458744426272673,-1.75709541402737,0.07890154728494,0.166493852448395
"YOR299W",131.843939760305,-0.0343547731641999,0.121406657968062,-0.282972727683827,0.777197743085273,0.860647777637015
"YOR300W",3.97601011840884,-1.65075712826029,0.827095003124758,-1.99584947560285,0.0459503095957424,0.107432639520815
"YOR301W",57.0720740843961,0.430035016540061,0.184390462758696,2.33219771839735,0.0196902921567275,0.0535406567805726
"YOR302W",0.649809598531968,-0.888504909485514,1.85483393061025,-0.479021272375145,0.631923495433605,0.757062789109579
"YOR303W",204.274063776937,0.757956658113945,0.104996325054717,7.21888749648094,5.24145945204139e-13,5.64506075908103e-12
"YOR304C-A",12.2851088284208,0.328067957246019,0.404323140766286,0.811400397771579,0.417135770793702,0.568715191494022
"YOR304W",91.5502557682891,-0.0594998299176596,0.151185129960388,-0.393556098627219,0.693908798853274,0.803459968196043
"YOR305W",37.3814002387343,0.0615067503836167,0.235352179335862,0.261339200500212,0.793830939006213,0.872193117204949
"YOR306C",121.260588078525,1.3309177612109,0.129576238552319,10.2713103581373,9.49066995421386e-25,1.47420185382162e-23
"YOR307C",36.8437525729588,0.120134064793382,0.244744601019271,0.490854810660043,0.623529140399087,0.750133439696104
"YOR308C",13.3880475321299,-0.119122998849108,0.379735898151819,-0.313699598665499,0.753749205614973,0.843996188079678
"YOR309C",22.1701401089008,-0.401112107526846,0.30183988190333,-1.32889035404311,0.18388414666206,0.316158709599549
"YOR310C",282.982190258875,0.681126005323301,0.0815621174059212,8.35100935319578,6.76820606257902e-17,8.50667966751979e-16
"YOR311C",97.2346606855661,-0.0656499619509203,0.145035390015187,-0.452647880934757,0.650802314901419,0.772506991139086
"YOR312C",997.119769450297,0.313373402257918,0.0447069460382123,7.00950143161354,2.39168845057613e-12,2.50335337492422e-11
"YOR313C",1.92826914044247,-1.34373732135987,1.15805146356032,-1.16034335575094,0.245909039127568,0.392287899410669
"YOR314W",0,NA,NA,NA,NA,NA
"YOR314W-A",0.0750525647747641,0.671886301116372,3.5338115409304,0.190130767680801,0.849206660687331,NA
"YOR315W",19.1307938151504,0.868868571953963,0.320715548365564,2.70915637355877,0.00674545390283073,0.0217132177055478
"YOR316C",148.631697259531,-0.0858723796191836,0.116683802644416,-0.735940873309317,0.461766681445351,0.610346845096699
"YOR316C-A",0.563943876475295,1.39934677043204,1.92476721154914,0.727021305244379,0.46721290442053,0.614973970798791
"YOR317W",286.394744348713,0.254805555751545,0.0846158179024472,3.01132296617765,0.00260112029210205,0.00963344023823618
"YOR318C",5.08857899171025,-1.7276231470652,0.740468594313331,-2.33314844185566,0.0196403557567604,0.0534278524501891
"YOR319W",18.8643659376868,0.0130163460951387,0.341344485666967,0.038132580550424,0.969581974670328,0.983111025479682
"YOR320C",79.728865037884,-0.158102727935051,0.158467729532739,-0.997696681849584,0.318426462706202,0.471383038550831
"YOR321W",115.67728234028,0.0284028026212776,0.135895307910374,0.209005027899932,0.834444313602324,0.899903169524897
"YOR322C",157.66572858536,-0.113226208704845,0.119913616516468,-0.944231455893879,0.345051384120964,0.49838127722475
"YOR323C",260.061173174417,0.440043782204927,0.0923030225674947,4.76738215027741,1.8663509889318e-06,1.23550481173056e-05
"YOR324C",55.9862420773214,-0.578981375746631,0.200128020004299,-2.89305503414362,0.00381514441965495,0.0134820251654883
"YOR325W",1.97666038109473,1.05500538051226,2.03086705861597,0.519485200193874,0.603422430864058,0.735035955283734
"YOR326W",283.575228114229,-0.0590482837986418,0.0867091743674921,-0.680992342844629,0.495876335548169,0.639651131062135
"YOR327C",209.804755841361,-0.392511625860323,0.100066613050119,-3.92250335947446,8.76336710675701e-05,0.00045189238865349
"YOR328W",64.3959911161701,-0.645161777300753,0.180447382451537,-3.57534572425303,0.000349765382971295,0.00159309564203496
"YOR329C",191.2725337654,0.420462890513875,0.101522338227564,4.14158004883022,3.44921450282239e-05,0.00019246190720956
"YOR329W-A",1.37799098309313,-0.338057598599722,1.23237042164293,-0.274314924038052,0.783842616522077,0.864826007269209
"YOR330C",117.087452254416,-0.559921786072448,0.132654759232401,-4.22089481984967,2.43334462014252e-05,0.00013821747249363
"YOR331C",171.423237579789,0.285227109095934,0.10920020706096,2.6119649108056,0.00900234933855213,0.0279945167330677
"YOR332W",662.243737983657,0.208141252477638,0.056929215171206,3.65614125983793,0.000256040299996046,0.0011963686449187
"YOR333C",2.14567162781688,0.0279402006419325,1.04837929323422,0.0266508512923199,0.978738214178632,0.988468591549528
"YOR334W",21.406386400228,-0.401709513177795,0.308224695817422,-1.30330086663707,0.192472065354085,0.326923266299981
"YOR335C",458.641985512432,0.492384279248295,0.0687455671734568,7.16241496714873,7.92680383941612e-13,8.4650766677008e-12
"YOR335W-A",1.14400009566527,-2.94315511949116,1.53328644884929,-1.91950768344686,0.0549201148462989,0.12493881470252
"YOR336W",67.8746580723617,-0.240567701868943,0.170395041951411,-1.41182336712321,0.158001976319987,0.282331400309486
"YOR337W",24.6478512755592,-0.665767303017929,0.310678122030159,-2.14294878141854,0.0321172113230432,0.0800335080742134
"YOR338W",6.24783965214992,-0.704660155357491,0.578946353831768,-1.21714240135322,0.223550040455365,0.365539539964647
"YOR339C",2.15823426296128,-1.53930692466586,1.11987592174799,-1.37453345926323,0.169276130172927,0.297902624564272
"YOR340C",52.3150708543369,1.1570495545885,0.191465426738004,6.04312524877808,1.51157218756464e-09,1.3272443569144e-08
"YOR341W",229.974799485774,0.678560905694923,0.0938068173706804,7.23359905723663,4.70359080702944e-13,5.07595234629139e-12
"YOR342C",66.9460276381506,0.169152073607486,0.174511858608574,0.969286986891195,0.332402020195006,0.48441709141716
"YOR343C",4.38991665311869,-0.175313664577292,0.672677961621523,-0.260620496849176,0.79438518160293,0.872366972479833
"YOR344C",48.9925803797267,0.572006981154087,0.200371745117827,2.85472874839575,0.00430736001442986,0.0148641539362585
"YOR345C",0.397817250999299,-1.40718155950042,2.20710746762792,-0.637568210945698,0.523754794439761,NA
"YOR346W",66.3602864640344,-0.343074571680616,0.182622698711903,-1.87859764476394,0.0602994529956015,0.134942705075467
"YOR347C",190.692936246762,0.397837141825381,0.100946868056123,3.94105482900368,8.11240787152753e-05,0.000420727174436399
"YOR348C",36.2355854865692,-2.19222004653858,0.296328753958482,-7.39793225346512,1.38321382146167e-13,1.54227121327701e-12
"YOR349W",38.0624812799962,-0.592870449281404,0.23795505378929,-2.49152283105697,0.0127196791926991,0.0374191772248691
"YOR350C",22.4827913278066,-0.269812296332807,0.316401892233243,-0.852751841742806,0.393796935267491,0.546251704130885
"YOR351C",4.17371341133077,-0.490302774044297,0.747573483459621,-0.655858968907342,0.511914870481815,0.65367113940336
"YOR352W",45.8945395723741,-0.103708848388844,0.210255978410119,-0.493250413962321,0.621835660236467,0.748523428030264
"YOR353C",92.174272350762,-0.184630223890211,0.146376310347487,-1.26133951219232,0.207186551197794,0.345329126462551
"YOR354C",78.2506873706185,-0.173343351592777,0.159292445950933,-1.08820823585176,0.276503189733806,0.425995783581693
"YOR355W",89.887766491501,-0.350182543908271,0.15255387951824,-2.29546796852454,0.0217063200534626,0.0582211944751763
"YOR356W",164.905037171045,-0.86279349009616,0.119020859445029,-7.24909477312799,4.19566243487079e-13,4.56540067353755e-12
"YOR357C",34.7082313602126,-0.629012716868785,0.246382286935893,-2.55299487918322,0.0106801066447413,0.032523908578061
"YOR358W",80.5642450495947,0.205969818784716,0.159181638567349,1.29392950492573,0.19568977195836,0.330965954606943
"YOR359W",17.9155007492713,0.360912530120794,0.331915563693044,1.08736247889408,0.276876646481519,0.42625893803403
"YOR360C",47.3306213258355,-0.166118742252997,0.206082986191357,-0.806076936883805,0.420198488795224,0.571412098550958
"YOR361C",305.263987519523,0.384743369943254,0.0788560500046662,4.8790596272637,1.06592837894121e-06,7.26163708153699e-06
"YOR362C",491.297788960371,0.288835383686699,0.0639896198901613,4.51378495734914,6.36807880537884e-06,3.98789259920322e-05
"YOR363C",54.6269857512589,-0.286098544422564,0.193787001253903,-1.47635570276312,0.139848427814944,0.256862800884973
"YOR364W",1.36996326906899,1.39386845618353,1.27243103656485,1.09543732911963,0.273325087657523,0.423208720100627
"YOR365C",13.9959419566388,-0.75799185975232,0.394958374296414,-1.91916897850975,0.0549629521019105,0.124946344188521
"YOR366W",1.15128967314833,-1.10039229554665,2.66276626917541,-0.413251552824956,0.679422321047909,0.79200959948223
"YOR367W",40.80537237272,-0.580732138404043,0.230845911896774,-2.51567001396033,0.0118806360671637,0.0354624085064255
"YOR368W",27.3106415950927,-0.840607341741014,0.284883292106593,-2.95070776360759,0.00317046734135977,0.0114797792279934
"YOR369C",3026.56886948382,0.760841716570331,0.0279409155575829,27.230378868664,2.83809998032539e-163,1.97169978852935e-161
"YOR370C",233.810873565347,0.132038185594999,0.0925659088116601,1.42642347803932,0.1537461406753,0.276053138696179
"YOR371C",32.6146480329483,0.816178757736021,0.244097819786322,3.34365443513787,0.00082682659184847,0.00342542445194366
"YOR372C",47.0156525165727,-0.14863335269254,0.207986080991606,-0.714631248321557,0.474836930626905,0.621001049942758
"YOR373W",45.2631285432678,-0.414118395437555,0.20941895916473,-1.97746372672881,0.0479892367663001,0.111294187394185
"YOR374W",1582.68698006151,-0.335810436485195,0.0368346477824344,-9.11670008272308,7.7446544296202e-20,1.05977717108353e-18
"YOR375C",1035.88047240745,0.0133196144149456,0.0442544299591534,0.300978103824623,0.76343119142903,0.85106894590272
"YOR376W",6.27066033400579,-3.95476164562061,1.08420869756786,-3.64760184500649,0.000264699401588423,0.00123227512285862
"YOR376W-A",3.0223523444365,0.335132151658814,0.905190660906888,0.370233770776041,0.711208316113767,0.815228933257851
"YOR377W",94.6928156112074,-0.679294497655593,0.157641400454814,-4.30911229978768,1.63911127390973e-05,9.60376410904293e-05
"YOR378W",10.3694605691482,0.776428454854862,0.441071649601807,1.76032274020742,0.0783531006336295,0.165819020531037
"YOR379C",0.377276351629514,-1.34707923141058,2.07606248742187,-0.648862565347648,0.516427213028602,NA
"YOR380W",52.3782244273787,-0.213801276990132,0.19745957325638,-1.08275974400357,0.278915078032053,0.428609898716247
"YOR381W",39.6557146287965,-0.256585024428652,0.224708609178411,-1.14185667103183,0.253513601529189,0.400678247216884
"YOR381W-A",0.590839840469657,-0.662014751110864,1.75410937498381,-0.377407908852306,0.705870490305408,0.811513591509508
"YOR382W",820.107139226079,1.03852506838654,0.0502374958344544,20.6723096192682,6.15016173596449e-95,2.62711638478159e-93
"YOR383C",2935.16940323803,-0.127076643504885,0.0270947311750696,-4.69008689120381,2.73089055072288e-06,1.77803193220083e-05
"YOR384W",73.4641022421826,-0.174400757257996,0.178019149683763,-0.979674139370988,0.327246995330309,0.4793455756437
"YOR385W",16.9021464246866,-0.0578763620053676,0.347464613646471,-0.166567643818413,0.867710254463659,0.921650576061702
"YOR386W",44.0365735735709,-0.0485491282234718,0.218345588977766,-0.222349938236744,0.824041479822211,0.892205897488614
"YOR387C",8.4519693873928,0.726191764782,0.499015677572232,1.45524839683395,0.145600506939993,0.264527167178375
"YOR388C",5.77242223810152,0.306521427014443,0.718126443645145,0.426834897568411,0.669499586419576,0.784536864753394
"YOR389W",26.9364918356676,-0.495837559014106,0.287917284236327,-1.72215280624526,0.085041841381296,0.176329566981153
"YOR390W",12.0855511335934,-0.908480805275329,1.13062294058609,-0.803522352734493,0.421672882368165,0.572801023277082
"YOR391C",1.70465577372643,-0.386549626751917,1.16604081944879,-0.331506084782387,0.740262245599974,0.835553993337446
"YOR392W",0.460314815214005,-1.62858069650078,1.82861060341437,-0.890610988178624,0.373137902240824,0.525285924557999
"YOR394C-A",1.3146253538003,1.7105087994677,1.26183946997515,1.35556767732221,0.175236761868643,0.304856028765426
"YOR396C-A",16.6955593357559,-2.39530519306309,1.58297986274538,-1.51316213770963,0.130238479069196,0.244033095635879
"YOR396W",388.111703433781,0.53603256223393,0.140942524272744,3.80319967305702,0.000142839133608514,0.00070056555676728
"YPL001W",25.7948958817148,-0.329669890595172,0.293815762090563,-1.12202928886286,0.26184998695291,0.410642980488213
"YPL002C",26.7761371207387,-0.438510117592368,0.275706533279131,-1.59049592469545,0.111723063505897,0.217666079677595
"YPL003W",97.717492373792,-0.610928437544918,0.146822027278071,-4.16101349961516,3.16838354008193e-05,0.000177890947960906
"YPL004C",1284.50842647605,0.195573846595534,0.041599751201755,4.70132250664236,2.58481889476751e-06,1.6881430839587e-05
"YPL005W",23.5238241103055,-0.676399505825715,0.300312583950732,-2.25231822432283,0.0243021693009128,0.0637655452074129
"YPL006W",107.871437439987,-0.0590071741850569,0.139258773862821,-0.423723206432816,0.671767688815018,0.785883665560426
"YPL007C",35.6134623609356,-0.331213312454993,0.24025329722545,-1.37860048656975,0.168017966456885,0.29630856842429
"YPL008W",45.189439464751,-0.0660484055895738,0.208666580688445,-0.31652603580153,0.751603266527235,0.842638029967225
"YPL009C",170.186021795562,-0.230875618549267,0.111621530292777,-2.06837890453296,0.0386044073055949,0.0931160102960592
"YPL010W",98.5868123864532,-0.32860238969758,0.153975036425925,-2.1341276957948,0.0328323293213109,0.0815583441922701
"YPL011C",46.5401220829487,-0.454190625404181,0.215033179974823,-2.11218857228154,0.0346702783063278,0.0854857642170843
"YPL012W",61.273642929482,0.321499702787433,0.177011473494379,1.81626476770526,0.0693297670542109,0.150838575243427
"YPL013C",67.916401358146,-0.330678836036718,0.184859463143017,-1.78881205438148,0.0736450889393412,0.157933093821126
"YPL014W",60.8853807161137,-0.585642135875356,0.191769474737012,-3.05388611341033,0.00225897818991027,0.00856190654473184
"YPL015C",135.796593159812,-0.744539439421331,0.127053902889514,-5.86002808641606,4.62788890437287e-09,3.92718304073091e-08
"YPL016W",46.8748336556581,-1.43469577068977,0.234803743461843,-6.11019121559669,9.95118382331601e-10,8.87325587179179e-09
"YPL017C",47.2080276031519,0.582935162345236,0.20406947723654,2.85655243615658,0.004282692577895,0.0148113689701598
"YPL018W",20.8095643494136,1.42473941265522,0.321215159069137,4.43546754388564,9.1872673353755e-06,5.6117781733569e-05
"YPL019C",261.25132455816,2.2137580014692,0.0949619267151195,23.3120586117671,3.34537563268524e-120,1.76245539581967e-118
"YPL020C",82.1388822590931,-0.882570507258856,0.165817860271867,-5.32252982767863,1.02333997816871e-07,7.76657303959491e-07
"YPL021W",0.165200267417077,-0.102044014609287,3.35691451348283,-0.0303981570574509,0.975749514633062,NA
"YPL022W",125.566080304237,0.18505414609082,0.122524794447287,1.5103403921272,0.130956590033576,0.245233282639889
"YPL023C",169.807887054758,0.245245527876736,0.109617337494772,2.23728776379405,0.0252675384337996,0.0659543261678287
"YPL024W",36.4552287048455,-0.879140693954234,0.257683742973735,-3.41170414481228,0.000645581402964762,0.00276515286554419
"YPL025C",12.6275024934599,-4.49607450551667,0.882283012529512,-5.09595497325329,3.46987599566955e-07,2.49279045961624e-06
"YPL026C",83.2827995968049,0.225667172219769,0.153808654982069,1.46719423719086,0.142323224158505,0.26004838818788
"YPL027W",3.55705831799867,-2.38800417714603,1.00203835893537,-2.38314646924614,0.0171653630981398,0.0478480712109523
"YPL028W",744.927611724467,0.156255668295835,0.0508199121416384,3.07469379050362,0.00210718775889381,0.00804932991645118
"YPL029W",31.5067020758651,0.0120367120256946,0.259400342939757,0.0464020667408679,0.962989789268094,0.979726657185852
"YPL030W",39.4442655008308,0.340913799161127,0.220064384126018,1.54915480992101,0.121344509749915,0.231135881482062
"YPL031C",122.638403489952,0.238235974249346,0.125784913387721,1.89399481887788,0.0582256975833325,0.131174964017523
"YPL032C",159.631124193378,0.151350040733428,0.109716344724557,1.37946667028867,0.167750915656757,0.295986963098526
"YPL033C",0.420682044301804,0.0654662009233099,2.07851672684304,0.0314965956625923,0.974873507067295,NA
"YPL034W",13.3821539593763,-0.907929907117699,0.419210102525373,-2.16581113300519,0.0303256222621892,0.0766567708682767
"YPL035C",6.32773585970464,-0.662384503509354,0.594646793170294,-1.11391251263279,0.265316720900027,0.414258411837484
"YPL036W",13.2107475094919,0.00473153442774748,0.411850215598515,0.0114884835518938,0.990833717983027,0.994767471032031
"YPL037C",958.877612092164,0.719986621768198,0.0451576831740267,15.9438343856912,3.14452683991072e-57,8.56883563875672e-56
"YPL038W",23.3206493086974,0.0899275517918403,0.303132377420451,0.296660991996605,0.766725340873347,0.853636224852809
"YPL038W-A",0.617679422705174,-2.05029430460217,1.68080068872471,-1.21983190413719,0.222528604271257,0.364179610717806
"YPL039W",41.3795375802979,-0.232277242187527,0.223299957101926,-1.0402028070319,0.298245687666525,0.450539841679276
"YPL040C",42.9349707614529,0.328562068647776,0.215992999703714,1.52116998744625,0.128217184923297,0.241318560013422
"YPL041C",14.1218384715544,-0.121627186156063,0.373047325083092,-0.326036880519038,0.744396451740999,0.83812544397268
"YPL042C",60.3696840610366,-0.652703351545824,0.184887083003421,-3.53028097443533,0.000415118562499536,0.00185731036951314
"YPL043W",79.2429488554011,0.454174804806816,0.16576478875975,2.7398750253594,0.00614625502287273,0.0201017197385418
"YPL044C",1.98806388021629,1.97865363051352,1.98980304094575,0.994396726609213,0.32002976114285,0.472937856462154
"YPL045W",56.0314769988655,-0.0420655529358592,0.188032061849907,-0.223714788435587,0.822979238071383,0.89197235437807
"YPL046C",8.38457169494247,-0.932500552661323,0.541690356098579,-1.72146419474306,0.0851666240638214,0.176474400960826
"YPL047W",16.4395266617367,0.374033566837262,0.349824277802906,1.0692041421093,0.284977692697306,0.436201826210209
"YPL048W",597.373105344385,0.207540440169866,0.0561802789357971,3.69418671642844,0.000220591671899457,0.00104150899906525
"YPL049C",325.874418847766,0.247671858164545,0.0848869307536447,2.91766772535725,0.00352659926924873,0.0125961359210116
"YPL050C",173.895015996899,-0.230506639043169,0.107069088253842,-2.15287757468036,0.0313283013553925,0.0785624940174034
"YPL051W",35.1782604190624,-0.45541906356485,0.242265585935405,-1.87983390957673,0.0601307174441806,0.134660741761083
"YPL052W",29.5221523634739,-0.717620322457196,0.285356555236244,-2.51481982554452,0.0119093229018328,0.0355228323482718
"YPL053C",155.304702602238,-0.482418565542778,0.118696042292015,-4.06431887893901,4.81729294799388e-05,0.000261808818393409
"YPL054W",51.1439087336139,0.73443745265147,0.208797700998127,3.51745947939368,0.000435698866574356,0.00193841536557571
"YPL055C",126.086731174518,0.214981747381809,0.124192004998486,1.73104337420457,0.083444028692597,0.173530641248223
"YPL056C",30.9475642768367,1.43775270912547,0.270642437998617,5.31236978116795,1.08208746750827e-07,8.18296288228147e-07
"YPL057C",151.117362136897,0.987765211112965,0.119361299919543,8.27542270215537,1.28000712910287e-16,1.58360177498793e-15
"YPL058C",79.1947025294055,-0.0618709060147629,0.163375761604134,-0.378703091616973,0.704908357298418,0.811145000881069
"YPL059W",68.7541445415465,0.405417230108755,0.173627066090882,2.33498865837281,0.0195440132334408,0.0532574360611262
"YPL060W",24.8631458483616,-0.970019076950785,0.29871761840603,-3.24727775390969,0.00116514622042957,0.00469773877905339
"YPL061W",2230.74743225193,1.64294386319814,0.0322303516082762,50.9750524340002,0,0
"YPL062W",5.95095979875119,-1.85582765393678,0.693135287616384,-2.67743929228992,0.0074187295332781,0.0236040302513257
"YPL063W",211.746914261359,-0.066770533463465,0.0988187653771865,-0.675686780831607,0.499239530633187,0.642198113676114
"YPL064C",72.1928717189389,-0.263234422934323,0.165103118127121,-1.59436372807717,0.110854591587283,0.216503777576399
"YPL065W",24.5296754727031,-0.292150617504036,0.302547122763924,-0.965636740601229,0.334225983958471,0.486860984005865
"YPL066W",64.0130982342914,-0.0632703825274261,0.184096408317812,-0.343680700267658,0.731086426986336,0.829417161840034
"YPL067C",47.1217903077313,0.338751513943029,0.210054678969672,1.61268254344354,0.106813495000525,0.210562804924639
"YPL068C",13.7949968790305,-0.436722458277465,0.379050008360018,-1.15214997664021,0.249259449427019,0.395636012874118
"YPL069C",21.9124907911769,-0.0457753040214803,0.303852352144922,-0.150649826135451,0.8802519543233,0.929350844227104
"YPL070W",123.654902020094,-0.433144536287831,0.128859432362701,-3.3613723756648,0.000775561886927892,0.00324279249282945
"YPL071C",38.497982649635,-0.705150161602193,0.235730878043466,-2.99133557493546,0.0027776007516941,0.0102092976466338
"YPL072W",29.1168731921084,-0.0952450942470358,0.267332499898837,-0.356279518139688,0.721631246459832,0.822157639235728
"YPL073C",1.751959403485,0.187050117337548,1.14789544980387,0.162950482441156,0.870557422733614,0.923588526014752
"YPL074W",62.4359856916862,-0.736420444515707,0.192225215953326,-3.83102935202069,0.000127608279725376,0.000630758048806744
"YPL075W",105.218239310169,0.64479233124789,0.149544681836514,4.31170352117765,1.62001563085246e-05,9.50068536015701e-05
"YPL076W",26.5546944903173,0.726079900742561,0.270186851590102,2.68732507325742,0.00720268176674791,0.0230209070421538
"YPL077C",15.9165787030711,-0.0456058851282767,0.351789536486862,-0.129639686227506,0.896851503111911,0.939516459662925
"YPL078C",207.574723218074,-0.321406976150913,0.111307266563225,-2.88756508065307,0.00388236280700023,0.0136889557534052
"YPL079W",1588.45495347068,1.02726168738535,0.036126045398822,28.4354868086071,7.36713828473826e-178,5.29261911774037e-176
"YPL080C",0.233305285771158,-0.643014815045765,2.43219817281142,-0.264375996262876,0.791490205919469,NA
"YPL081W",62.7447953213092,0.43401156543002,0.174616065247946,2.48551910051201,0.0129362644915753,0.0380032825816632
"YPL082C",56.8878625381108,0.466665724500575,0.192581532508291,2.42321118968395,0.0153839803363373,0.0437702626851146
"YPL083C",20.1858911708981,-0.202289825798066,0.312211772388185,-0.64792504219396,0.51703343294498,0.658410935247421
"YPL084W",127.179432061376,-0.299742373100748,0.12616343957963,-2.37582594529346,0.0175097201065656,0.0486364018074288
"YPL085W",190.733923896191,-0.000569768068842334,0.101616245158122,-0.00560705690271997,0.995526239307614,0.996993608254502
"YPL086C",69.2516339754443,0.822752409394435,0.168274340964473,4.88935154747174,1.01168683508196e-06,6.92195256643738e-06
"YPL087W",152.073028124523,0.666198606988346,0.115840185750444,5.75101466449255,8.87094192620975e-09,7.38894530401818e-08
"YPL088W",106.094047168616,1.00664057300999,0.144276587258565,6.97715819411458,3.01210487508395e-12,3.13715436907425e-11
"YPL089C",219.43369324459,-0.0141291207841396,0.09540058337318,-0.14810308579425,0.882261414192614,0.929949725645668
"YPL090C",1587.57584919732,0.835981740820452,0.0396281606505747,21.0956483242259,8.72020191492254e-99,3.85518297245736e-97
"YPL091W",273.884127031254,0.176091898901741,0.0889663562936138,1.97930887852244,0.0477812405880818,0.110887069897159
"YPL092W",111.30463373414,1.27131999774507,0.135318877023844,9.39499370454469,5.7221244998942e-21,8.12927440187216e-20
"YPL093W",90.2782945904086,1.10471481775864,0.148978153037255,7.41528066522871,1.21367507594218e-13,1.36342278782036e-12
"YPL094C",196.473425081739,-0.0877144953285473,0.100596178837854,-0.871946592225239,0.383237514184368,0.535786723722596
"YPL095C",77.7165405100906,1.55857109003407,0.168096026248279,9.27190918678856,1.82843303803669e-20,2.55173370120706e-19
"YPL096C-A",23.6971419049396,0.899219294871996,0.290399163342378,3.09649409634085,0.00195823761338703,0.00753498368340402
"YPL096W",62.7834987250583,-0.305545927648763,0.178724612957172,-1.70959065230697,0.0873415954110106,0.179685508033976
"YPL097W",36.4901782739555,-0.446691297979379,0.238812835863426,-1.87046603405705,0.0614191294770568,0.136915280872339
"YPL098C",71.2676706170933,0.355693617790158,0.167732449532509,2.12060110480423,0.0339553850854534,0.0838538845743112
"YPL099C",29.33620560761,-0.222854023804603,0.267114831230147,-0.834300449654147,0.404111698531836,0.556115402289567
"YPL100W",67.7756625700125,-0.120259299119442,0.170915326067738,-0.703619165619941,0.481669972564105,0.626720152575859
"YPL101W",56.9917193957407,0.0242167741368247,0.190112971503569,0.127380966934022,0.898638879705463,0.940750951730077
"YPL102C",2.32920451522251,0.850219703856889,0.894643687592671,0.950344495409878,0.341937236903157,0.495241056518157
"YPL103C",42.4756473625903,0.320454926367879,0.212708442546048,1.50654540333304,0.131927220826256,0.246394059102981
"YPL104W",46.9063952217076,0.164642344331985,0.203449050677079,0.809255898634353,0.418367967788038,0.569658042721511
"YPL105C",207.668954693553,-0.17736835776636,0.105143116404547,-1.68692315609061,0.0916181288581401,0.186601098789034
"YPL106C",1235.20966283734,0.5787196584631,0.0428693644148941,13.4996090182768,1.5720821351071e-41,3.45093863130107e-40
"YPL107W",35.3845670812509,-0.957921066936808,0.249537025811088,-3.83879331663591,0.000123640451143136,0.000614025869699063
"YPL108W",17.8520919691288,-0.507768016737743,0.350433245371393,-1.44897216073094,0.147345357285703,0.266740063229351
"YPL109C",27.6513334652582,-0.261390000170812,0.273744993440831,-0.954866779060603,0.339645071602015,0.492711368212009
"YPL110C",121.397148100233,0.687516071186996,0.124241729635567,5.5336968762722,3.13550668800917e-08,2.47783416019924e-07
"YPL111W",198.305725232113,0.530403752674602,0.102274455603663,5.18608238532248,2.14763833105677e-07,1.57693025887815e-06
"YPL112C",58.63421022108,-0.480816180154716,0.189486698308231,-2.53746666361029,0.0111658001865979,0.033643097069569
"YPL113C",29.5032235395884,-1.18421318354176,0.282778450198504,-4.18777733137187,2.81699690020335e-05,0.000159009414313264
"YPL114W",17.2663707421499,-0.480188728336918,0.373990442360469,-1.28395989294852,0.199155989078097,0.335571472002061
"YPL115C",79.386442888262,0.116260044233183,0.157901811421938,0.736280623928487,0.461559935441875,0.610201152627255
"YPL116W",84.7675473627264,-0.38287271206303,0.156055896972293,-2.45343315755,0.0141499834529233,0.0408103081155935
"YPL117C",118.764857482001,0.138659214719709,0.132581261059404,1.04584323313671,0.295633416904594,0.448200110712433
"YPL118W",111.456533839319,0.147068762571912,0.131490100749513,1.11847783014537,0.263362969936558,0.411846939152993
"YPL119C",37.1936047465754,0.0903489635527035,0.244613590212946,0.369353818297876,0.711864015740624,0.815438359759417
"YPL119C-A",3.36681337284166,-2.19421229274581,0.990829220987315,-2.21452117707972,0.0267929475707336,0.0691649712299624
"YPL120W",24.0974740539927,0.00884940410450958,0.288878760198514,0.030633626710487,0.975561724490096,0.98670821704463
"YPL121C",0.767394265195242,-0.133740039757072,1.56112823529342,-0.0856688366359186,0.931729675787987,0.961069507314677
"YPL122C",36.3818516658023,-0.166702150134067,0.233817921758454,-0.712957111586506,0.475872296820905,0.621455207705383
"YPL123C",55.6749873771767,-0.683333444493157,0.198960777669915,-3.43451333723091,0.000593618859253472,0.00256342788811506
"YPL124W",15.4728455581858,-0.97449363751577,0.381917952098144,-2.5515785057031,0.0107236161934559,0.0326406844367011
"YPL125W",70.4638850904829,0.0322867817949202,0.17869947458913,0.180676422631655,0.856621566208068,0.914790800940441
"YPL126W",81.7767417662887,0.865924125379524,0.157461846100595,5.49926313467916,3.81381642274864e-08,2.99143268295495e-07
"YPL127C",164.868461679676,-0.252872290695014,0.115729505607253,-2.18502869573449,0.0288867426475309,0.073489733206314
"YPL128C",37.7341045198276,0.0880467523846319,0.230376419336871,0.382186478277902,0.702323050728254,0.809053630959188
"YPL129W",111.401559433531,-0.167852564466493,0.132594370074714,-1.26591019190265,0.205545237083127,0.343226885588888
"YPL130W",2.94272667742943,-2.06752141393326,1.02529387386621,-2.01651591473671,0.0437460557550171,0.10350395377366
"YPL131W",2974.7532631015,0.963715610600763,0.0277714911848206,34.7016155591787,7.44838356058462e-264,8.72012608704e-262
"YPL132W",27.4909093120493,-0.298658233978854,0.273205629204091,-1.09316281238023,0.274322321465605,0.42423329655224
"YPL133C",36.4480926331052,-0.383735042842538,0.235856008425539,-1.62698862498424,0.103739513692556,0.205475272837524
"YPL134C",89.5069088697133,-1.18294981446807,0.163536367938688,-7.23355807260913,4.70501119096292e-13,5.07595234629139e-12
"YPL135C-A",1.80632584463075,-3.59967682574023,3.39648505695676,-1.05982413152894,0.289224616258521,0.441022195848135
"YPL135W",172.001553058298,-0.0630917502912707,0.10885158113131,-0.579612621475491,0.56217587967786,0.698383947990456
"YPL136W",0.999211565661922,0.460063038485714,1.51775036458375,0.303121678782722,0.761797133609062,0.850146774700175
"YPL137C",136.423880956796,0.088426708166616,0.12095459792277,0.731073557229107,0.464734224767296,0.612987642182108
"YPL138C",31.7903018525815,-0.669661237158598,0.255193580988898,-2.62413041332623,0.00868705155714609,0.0271744383692616
"YPL139C",74.6603801217424,-0.54812192129746,0.168069866464685,-3.26127421189231,0.00110912724863079,0.0044861819999001
"YPL140C",45.080453800477,-0.123484199992706,0.214773977535487,-0.574949541884342,0.565325422813391,0.70091926319401
"YPL141C",53.8385011766873,-0.243964826665694,0.190667837766428,-1.27952794516166,0.200711205330309,0.337128181741023
"YPL142C",295.338995125436,0.180861312800806,0.0814936906381355,2.21932902270806,0.0264643485133592,0.068512535340482
"YPL143W",907.893191203626,0.707167064703072,0.0464029213565869,15.2397100016353,1.92723851994121e-52,5.03471153845798e-51
"YPL144W",17.2683318279172,-0.509481281035945,0.353919900960703,-1.43953838044421,0.149998043853718,0.270167416878405
"YPL145C",173.884272726874,0.262300284808485,0.105758381361493,2.48018437339653,0.0131314462873357,0.0383804916451856
"YPL146C",64.7770241571674,0.0349019708028752,0.176573379356484,0.197662699383533,0.843308975434051,0.905161178725648
"YPL147W",48.1384970898653,-0.898448877236316,0.2159752510212,-4.15996218542708,3.18300289468869e-05,0.000178553188111996
"YPL148C",15.0572325559627,-0.652957302612569,0.378134034369439,-1.72678797268649,0.0842057493107707,0.174769779101343
"YPL149W",51.2971002356982,-0.089603710233455,0.19504656487582,-0.459396505088429,0.645949457535478,0.768501642359341
"YPL150W",69.2214876894376,-0.525687907110546,0.184192387491506,-2.85401538179632,0.00431704410419903,0.0148744283993545
"YPL151C",72.6482413658655,0.241278245624753,0.167139011884084,1.44357826999771,0.148857641055993,0.268725872860077
"YPL152W",29.3015947773456,0.0127712169595478,0.257597452099925,0.0495781959621004,0.960458522361526,0.977938279653659
"YPL152W-A",0,NA,NA,NA,NA,NA
"YPL153C",34.7484796982016,-0.91627629737733,0.25328797342333,-3.61752784782213,0.000297430337708494,0.00137252160218474
"YPL154C",1265.40807398897,0.298020882390029,0.0396886940666297,7.50896166776635,5.95981719409756e-14,6.82571817048637e-13
"YPL155C",66.1455062577986,-0.200247497367689,0.188404641256085,-1.06285862191424,0.287846070101102,0.439662443870298
"YPL156C",34.2033071458105,0.291290688052661,0.240488477161096,1.21124592534026,0.225801166348012,0.3678174396953
"YPL157W",29.4863292781636,-1.13372348378187,0.278735582726592,-4.06737981814804,4.75447150193631e-05,0.000259342267776025
"YPL158C",34.5586262592923,-0.394557735240459,0.247358703245493,-1.59508329427519,0.110693610696079,0.216323031474686
"YPL159C",57.1355980699915,-0.475448086977935,0.19217972381405,-2.47397632560847,0.0133618550880053,0.0388765134085123
"YPL160W",382.815097049167,0.548369221564843,0.0735534975481997,7.45537927962563,8.96096710264881e-14,1.01343889128704e-12
"YPL161C",41.2161758704784,-0.727045444433369,0.231572735002644,-3.13959864240955,0.00169179446280139,0.00658186128851099
"YPL162C",36.5065824718133,-0.115322606309892,0.23069678267401,-0.499888229793177,0.617153780479728,0.745534064860237
"YPL163C",184.229766267635,1.74208852996775,0.10658125199053,16.3451685679442,4.70867004627914e-60,1.3230316458923e-58
"YPL164C",44.1152743677542,-0.589229574970774,0.225018726587675,-2.61858016844296,0.00882965415592346,0.0275116183212164
"YPL165C",60.8884841168878,-0.241300107779579,0.184170158970634,-1.31020198455741,0.190127514562929,0.323723713187943
"YPL166W",16.7886468281419,0.179868690301431,0.349049126933037,0.515310529156367,0.606336042437478,0.737590236730755
"YPL167C",43.2868898024631,0.100064489718165,0.219819239341619,0.455212610224056,0.648956289255566,0.771329509432917
"YPL168W",49.8215854610987,-0.580221477127578,0.211659202173645,-2.74130050179234,0.00611965106679667,0.0200250693811017
"YPL169C",110.362351489876,-0.227165521519739,0.132937102810865,-1.70881955990072,0.0874843783926251,0.179920702732003
"YPL170W",116.097198237387,0.479103643935387,0.13074628116407,3.66437683481165,0.000247941515430252,0.00115938332880921
"YPL171C",8.93944012559951,-1.12744809186919,0.521644117010161,-2.16133577491726,0.0306694113392102,0.0772786044186874
"YPL172C",63.3031295617922,0.281985659605568,0.179084410107696,1.57459635618751,0.115349644470446,0.222736851662235
"YPL173W",75.0889257000726,0.0395819420676049,0.161497957627035,0.245092524073994,0.806384791351457,0.881238487627297
"YPL174C",33.396916760325,-0.649180892096136,0.258342749955012,-2.51286669437863,0.0119754576708505,0.0356634498182945
"YPL175W",59.481790717954,-0.33456425445862,0.189381960006367,-1.76661100374804,0.0772933968866216,0.164031169895006
"YPL176C",128.719347241159,-0.0653491538920757,0.129352229990919,-0.505203148771874,0.613416158965066,0.74248840838161
"YPL177C",108.623879378723,0.730570730707746,0.133097196398159,5.48900165050998,4.04211847614599e-08,3.15874820842954e-07
"YPL178W",155.440202478797,-0.0479826502088745,0.117465681083252,-0.408482288327834,0.68291963120305,0.79451930593774
"YPL179W",159.488953844831,-0.00646329823016063,0.112800093363146,-0.0572986957497709,0.95430725928892,0.974815074038545
"YPL180W",70.2794342943998,-0.0950138553149579,0.175941633501282,-0.540030539811178,0.589175971251756,0.721854746173178
"YPL181W",137.191340549619,0.288669275370494,0.122628743718588,2.35400988884743,0.0185721170033658,0.051115770002298
"YPL182C",11.7343434570976,0.302101574471114,0.421294988717577,0.717078490277589,0.473325667079989,0.61966553474419
"YPL183C",35.1574259786493,0.151408229618728,0.245540520793176,0.6166323551389,0.537477248337284,0.677220144701947
"YPL183W-A",19.8034018214512,-0.91135339013894,0.335002111199106,-2.72044073655788,0.00651949568877729,0.0210717033458334
"YPL184C",177.204593729589,-0.244763458019488,0.106429455468644,-2.29977177785711,0.0214611531518178,0.057685973735456
"YPL185W",6.76841414664242,-0.0792964795374761,0.562723530446493,-0.140915521116663,0.887936680422795,0.933566554736889
"YPL186C",30.226138721048,-0.261728361062445,0.264328263789193,-0.99016411378232,0.322093909888394,0.474653476713743
"YPL187W",0.226758302199095,-0.611387974640307,2.67755825556455,-0.228337879622118,0.81938357858491,NA
"YPL188W",50.8360748415918,-0.465708589005977,0.213022805962895,-2.18619122446024,0.028801618031086,0.0733321905729059
"YPL189C-A",22.1704991943037,-0.213992286378153,0.313544426614707,-0.682494307708148,0.494926440925261,0.63868645836487
"YPL189W",7.59526605831578,-0.292599150021952,0.564973251544912,-0.517899120395246,0.604528655764816,0.73609980002796
"YPL190C",195.343230187982,0.421962146429221,0.0985112806324326,4.2833891075242,1.84067857288751e-05,0.0001066615026379
"YPL191C",21.9005590007589,0.0955287306981598,0.300131923856428,0.318289135892979,0.750265624452459,0.841735453023682
"YPL192C",5.52846075108824,-1.27474242476026,0.687130336498052,-1.85516830948982,0.0635721955805252,0.14072248615549
"YPL193W",43.6154474301939,-0.0807579433748612,0.215025778503397,-0.375573310032617,0.707234135996243,0.812490315785617
"YPL194W",20.8841734307203,-0.34292869544096,0.315122851446191,-1.08823810735134,0.276490005804036,0.425995783581693
"YPL195W",101.239514187363,-0.269913161711301,0.14348118845758,-1.8811745610199,0.0599481770157314,0.134394459252998
"YPL196W",87.6966968230094,-0.116018484047528,0.150515603305113,-0.770807022660271,0.440821324069311,0.590814587824079
"YPL197C",240.449923659701,0.30129136643665,0.0905266690216733,3.32820559612679,0.000874073346437713,0.00359992944376497
"YPL198W",138.268508155957,0.979660382663927,0.150844642163497,6.4944990329991,8.33101651188871e-11,8.01654282924817e-10
"YPL199C",89.7775256936737,-0.0515684756399452,0.152886343398204,-0.337299424485751,0.735891193501857,0.832254763026609
"YPL200W",0.881826438669883,-1.57594712443719,1.57598218043191,-0.99997775609702,0.31732127272928,0.470364615754866
"YPL201C",5.02253854660235,-0.28040557976149,0.642751747133295,-0.436257981424574,0.662649564308506,0.78037251598948
"YPL202C",42.4778834314566,-0.253006387618062,0.217218347424572,-1.16475606511976,0.244117747591694,0.390218053166799
"YPL203W",151.934065281587,0.253259343147187,0.11548725933039,2.19296348892177,0.0283100097649569,0.0723427169499021
"YPL204W",260.035548407295,-0.039336797409885,0.0941915524824427,-0.41762553406493,0.676220924840861,0.789676970252209
"YPL205C",5.13101864583537,-0.335438393628411,0.626154728916652,-0.535711667000859,0.592157839036975,0.724665477814896
"YPL206C",133.391670127021,-0.00281996843266518,0.122127602245733,-0.0230903446953059,0.981578207451366,0.990101576095308
"YPL207W",176.435335770674,0.176367129788631,0.107084320163417,1.64699303800486,0.0995594768373891,0.199245018222847
"YPL208W",49.1683170065177,-0.0037562414302882,0.199395358680574,-0.0188381587973951,0.984970212899219,0.991399727105376
"YPL209C",10.5099609181461,-0.152769303409987,0.432220746015392,-0.353452037687582,0.723749579571898,0.823977101036114
"YPL210C",104.203994511624,-0.316496398972444,0.148785500419647,-2.12719921013654,0.0334035347420258,0.0827772555585873
"YPL211W",104.154598404939,0.897624656120739,0.135782003215128,6.6107778267093,3.82305891997196e-11,3.75884579969872e-10
"YPL212C",81.1209858707045,0.653627179989417,0.154415862411944,4.23290178728982,2.30695265736971e-05,0.000131629555053171
"YPL213W",31.002826319874,-0.366642637908646,0.257739635028732,-1.42253106654618,0.154872139441598,0.277601833158429
"YPL214C",84.6757179478333,-0.167581789400633,0.16530419743352,-1.01377818592918,0.310688606486884,0.463709489688817
"YPL215W",76.1061288165619,-0.549100457844298,0.165334891613237,-3.32114082204012,0.000896502910194259,0.00368510494034337
"YPL216W",30.9440827366577,-0.48839528595132,0.270715366285035,-1.80409148048541,0.0712169670814368,0.153873433318128
"YPL217C",136.334443631656,0.403580752933903,0.124903497251174,3.23114053501901,0.00123297301490677,0.00493621480352336
"YPL218W",361.169756016095,0.0997913230545665,0.0746845245455114,1.33617136430661,0.181493268475921,0.31341175725342
"YPL219W",36.507654944952,-0.461125362653877,0.253656638067779,-1.81791167054206,0.0690776342766499,0.150533726157707
"YPL220W",1559.71918498899,0.495159146787234,0.0386386148589088,12.8151371004198,1.34899719351843e-37,2.76894813552712e-36
"YPL221W",280.419915031865,0.471020383898784,0.0858019287852695,5.48962465724487,4.02788762161091e-08,3.15152296334458e-07
"YPL222C-A",2.66566216163839,0.260691708244363,2.15993735869055,0.120694105870925,0.903933327700582,0.943637136347933
"YPL222W",74.7548359221917,-0.578930160742009,0.166627129552045,-3.47440517218526,0.000511987294983387,0.00224464887578708
"YPL223C",22.8221453421359,-0.364050669207146,0.303340512407543,-1.20013863732794,0.230085502050549,0.373137120285236
"YPL224C",159.18032267262,-0.32415714759029,0.119697551969278,-2.7081351477722,0.00676624629025743,0.0217690631282481
"YPL225W",125.66241471202,-0.256823936264789,0.134134505427361,-1.91467464278884,0.0555340093354459,0.125823194965906
"YPL226W",348.575748987756,0.927942637659426,0.0764687312085819,12.1349291794616,6.8969648878666e-34,1.31729945683059e-32
"YPL227C",59.2373499931757,-0.0781849519872478,0.181635363866674,-0.430450052912812,0.666868292147177,0.782178356763349
"YPL228W",67.5290994319524,-0.523673277930477,0.181946921089922,-2.87816509778512,0.00399995741072324,0.0140561615059783
"YPL229W",26.570910264641,-0.290436956468807,0.282493987213985,-1.02811730378107,0.303894651951747,0.45645568772605
"YPL230W",70.5254296501969,0.943150066003941,0.168880217116751,5.58472793383442,2.34066347247703e-08,1.87787747119286e-07
"YPL231W",2265.46355465346,0.886425969973637,0.0311291255374832,28.4757748464946,2.33776527261129e-178,1.69877609809754e-176
"YPL232W",305.866639969501,-0.532791443153288,0.0890783382399734,-5.98115606644984,2.21559463185103e-09,1.91876565240578e-08
"YPL233W",32.8485075171184,0.0653764680899667,0.247287781753469,0.264374032661036,0.791491718840188,0.87048201496094
"YPL234C",332.506392009084,0.0747911977786388,0.0794744430250283,0.941072311196762,0.346667803817762,0.500144649871267
"YPL235W",163.05925315817,0.253757869112864,0.114685881154906,2.21263390538991,0.0269228955193961,0.0693831468901658
"YPL236C",35.2546716417571,-0.593724017194636,0.254472213774758,-2.33315853384355,0.0196398262726488,0.0534278524501891
"YPL237W",369.764930577898,-0.142130448021235,0.0741461349410135,-1.91689625001095,0.0552511135883333,0.125466070440174
"YPL238C",49.494452320377,0.491297004856193,0.196962678633703,2.49436597970863,0.0126182367169155,0.0372073192744123
"YPL239W",59.4698372991578,0.52227949576519,0.182787769992175,2.85730000309948,0.00427261796223808,0.0147846145359984
"YPL240C",181.686143717537,1.18180191860874,0.108854841425044,10.856677600532,1.85371233447652e-27,3.08399194172646e-26
"YPL241C",17.7718011109593,-1.13966925548866,0.364565405544128,-3.12610367894799,0.00177139088569747,0.00685356987722117
"YPL242C",78.8657730098992,-0.184383778151511,0.157916801602162,-1.16760076369851,0.242967842010306,0.388970042337086
"YPL243W",141.520920792212,-0.266493732626699,0.120008570427115,-2.22062250786121,0.0263765400187499,0.0683411827862857
"YPL244C",86.8548912456931,-0.219504509282822,0.150036456989296,-1.4630078161502,0.143465240222236,0.261681260439982
"YPL245W",67.4857054032564,0.947204173524116,0.172417834500783,5.49365543458218,3.9369827876799e-08,3.08421377741169e-07
"YPL246C",164.678903211676,0.0657915777489108,0.109702184260369,0.599728967955275,0.548686879276562,0.686626645454431
"YPL247C",170.911587290214,0.511097328529395,0.105759496671717,4.83263767901495,1.34735869929743e-06,9.06170393293441e-06
"YPL248C",48.7479680458323,-0.564103512277685,0.209578271464117,-2.69161258148017,0.00711074940168723,0.0227731295427896
"YPL249C",98.2638342187044,-0.0906343445981044,0.143715802530978,-0.630649817222209,0.528269517990214,0.669282543634094
"YPL249C-A",1124.30581210664,0.466744640011358,0.0439167572906447,10.6279395111621,2.20939840366679e-26,3.56321854795445e-25
"YPL250C",76.4179588353275,0.495316192553624,0.16436204115293,3.01356802993679,0.00258195146053519,0.00959617703321779
"YPL250W-A",0.0754421255467961,0.671886301116372,3.5338115409304,0.190130767680801,0.849206660687331,NA
"YPL251W",16.2614278716607,1.02163556370825,0.365516459067921,2.79504667536302,0.00518922224734751,0.017412625203222
"YPL252C",61.7294574895249,0.502016564435853,0.182121502637748,2.75649254571767,0.00584249443864211,0.0192476549458548
"YPL253C",15.1900949354762,-0.760444797887539,0.378349274491976,-2.00990156227633,0.0444416083862449,0.104640539373497
"YPL254W",45.901239803398,-0.413738597845864,0.213201603064002,-1.94059796877634,0.0523070606730302,0.119943865641965
"YPL255W",39.1626588750336,-0.503802073618809,0.227478573383981,-2.21472319842799,0.0267790695504634,0.0691649712299624
"YPL256C",78.327767149335,0.579932786375651,0.166561876220581,3.48178586561809,0.000498081822170815,0.00219280869064338
"YPL257W",6.08323349647506,-0.398651579529765,0.614835927519436,-0.648386930051616,0.516734721607583,0.658362940347268
"YPL258C",20.9863179491827,-0.234141478231288,0.308132418344519,-0.759872912721236,0.447330554305235,0.596755383903291
"YPL259C",83.0213163048127,-0.225875652386048,0.155204407483328,-1.45534302825976,0.14557432014018,0.264527167178375
"YPL260W",154.371762559179,-0.0077730976295541,0.112326913426973,-0.0692006696561429,0.944829890078798,0.969227680107431
"YPL261C",2.45084905548948,0.177260430780852,0.900211131502994,0.196909841011295,0.84389809243888,0.905639745441962
"YPL262W",283.580579728857,0.127720488717611,0.0831597671986371,1.53584471217356,0.124576470668571,0.235870753988231
"YPL263C",79.5085422396903,0.345824791700773,0.154989985996877,2.2312718429934,0.0256631276135942,0.0667139789210555
"YPL264C",17.1140054660899,-0.562567005607498,0.350646434979188,-1.60437109717339,0.108632277978356,0.213548899682578
"YPL265W",348.811861564415,0.174040110310408,0.0749211860586858,2.32297590929864,0.0201804466455447,0.0546618610510425
"YPL266W",89.439485308446,0.299841469006976,0.158314983335721,1.89395509312682,0.0582309707849694,0.131174964017523
"YPL267W",20.5878205139394,-0.770817261905709,0.327707705614248,-2.35214872491602,0.0186653102753907,0.0513275735367639
"YPL268W",46.8089241325264,0.168327125643347,0.202620120716244,0.830752272026718,0.406113590150536,0.557900424057319
"YPL269W",32.070940358262,-0.486864168976426,0.251119250762802,-1.93877676640689,0.0525285263658092,0.120364386982474
"YPL270W",159.50950090639,-0.0301893877308092,0.111493631491441,-0.270772306247168,0.786566160853297,0.867074327622414
"YPL271W",82.9762564411212,-0.162409249656798,0.158694129934592,-1.02341056801368,0.306113764791282,0.459352295516374
"YPL272C",28.7610008646143,-0.6127467058517,0.270574697078024,-2.26461199982424,0.0235364998919001,0.0622064181925553
"YPL273W",192.880980239831,0.240180267312959,0.106626687449991,2.25253426751728,0.0242885297323637,0.0637655452074129
"YPL274W",133.814511081223,0.357173223504038,0.120166459893598,2.97232042801543,0.00295558046284984,0.010781984816005
"YPL275W",2.60273653845173,-0.955730170528999,1.92361954750955,-0.496839498104682,0.619302239284525,0.746468781078507
"YPL276W",1.20861731430463,-2.09686359905866,1.59559196867735,-1.31416028672846,0.188792269769559,0.321710169672008
"YPL277C",16.0577657385821,0.454570762102229,0.360053129382783,1.26251023809034,0.206765244634723,0.344824746575158
"YPL278C",7.19802480566118,-0.0589089369656391,0.535074925914794,-0.110094743955578,0.912334236535115,0.948647540028783
"YPL279C",15.6074853528405,0.3597983282264,0.739281374454221,0.486686585999848,0.626480452651591,0.752395406850942
"YPL280W",0.37526282387382,-1.33795366781642,2.51468986622788,-0.532055139595962,0.594687806407014,NA
"YPL281C",8.5902956895832,-1.37302628238079,0.562687301401927,-2.44012310027242,0.0146822578100161,0.0420767152651503
"YPL282C",7.49678043805317,1.02263370887367,0.542905021879799,1.88363280437675,0.0596146613737602,0.133789098049312
"YPL283C",78.0418556670873,0.215231631810103,0.183207384626707,1.17479779676265,0.240075621819661,0.385805307865759
"YPL283W-A",0,NA,NA,NA,NA,NA
"YPR001W",26.4607512174938,-0.837660566748176,0.289560901063979,-2.89286489878374,0.00381745462453577,0.0134826525901202
"YPR002C-A",104.532993992831,0.944041327176638,0.13887662724984,6.79769768226228,1.06304231001625e-11,1.07528855742763e-10
"YPR002W",23.4054109673143,-1.02428773842973,0.305839384782797,-3.34910344904455,0.000810735188291497,0.0033653761394477
"YPR003C",67.3777036137366,-0.138153503440599,0.17841588491613,-0.774334098701708,0.438733244006371,0.589043689461049
"YPR004C",148.005798775022,-0.0527021721056421,0.116505494198332,-0.452357826283498,0.651011223867095,0.772609903752164
"YPR005C",35.1862847763838,-0.543197335800676,0.25111305936592,-2.16315844812011,0.0305289949291282,0.0770168818603147
"YPR006C",54.353484079103,-0.672593904684688,0.203127533667182,-3.31119022882793,0.000929000321753932,0.00381372729488854
"YPR007C",6.79451480314983,-0.984480957044594,0.575801852051825,-1.70975649615657,0.0873109107323081,0.179680852099496
"YPR008W",200.612115478007,-0.557362160467561,0.107102746006616,-5.20399505380683,1.9504919968357e-07,1.44222343906378e-06
"YPR009W",48.0704950465372,0.71744032900545,0.203758930519627,3.52102519961127,0.000429881761700084,0.00191523079455104
"YPR010C",245.493090349714,1.07088943418866,0.0896377671279256,11.9468553099985,6.74286590300871e-33,1.2611952141663e-31
"YPR010C-A",18.7195557192577,-0.390354435994966,0.33523412530201,-1.16442332845232,0.244252498163975,0.390334755660427
"YPR011C",73.7883541862273,-0.541927423929893,0.167122166938553,-3.24270223308645,0.00118401885079718,0.00476168395339681
"YPR012W",8.48886628985264,-1.20789369224792,0.52974362414899,-2.28014767367582,0.0225989315483328,0.060115285993291
"YPR013C",83.4988527819648,-0.696532158274495,0.166058432919473,-4.19450036971182,2.73473705638368e-05,0.000154780731158976
"YPR014C",8.37420581451212,-1.9298285925261,0.576194076580426,-3.3492683645399,0.000810252739872174,0.0033653761394477
"YPR015C",20.7521556309074,-1.97614577056973,0.372613556397066,-5.30347255660207,1.13620291819655e-07,8.57168836376917e-07
"YPR016C",291.104868702773,0.562800840996091,0.0807083965348263,6.9732625743994,3.09673859056571e-12,3.21999693578230e-11
"YPR016W-A",5.12358153842237,0.0465792449660461,0.660348498177702,0.0705373679119226,0.943765959313598,0.9684716981543
"YPR017C",38.0387628464962,-0.319400309857558,0.237758620743826,-1.34338056327176,0.179148777297304,0.310380534413142
"YPR018W",51.1085051347876,-0.588767270249629,0.212712985855917,-2.76789528331117,0.0056419580542361,0.018653742591406
"YPR019W",124.341927876641,-0.221975329477038,0.125972321481902,-1.76209604511359,0.0780530713975412,0.165255029261639
"YPR020W",19.3908447710259,-0.948850623691525,0.338365456753595,-2.80421835253265,0.00504387336269801,0.016979428859945
"YPR021C",38.8703729677584,-0.0143011018314347,0.223520871433871,-0.0639810579642702,0.948985309455498,0.971734023006291
"YPR022C",77.8546323593228,-0.455434167683088,0.161654619966483,-2.81732849811231,0.00484249689681079,0.016382323008183
"YPR023C",183.299484885393,-0.153075530682697,0.104875830241704,-1.4595882609931,0.144403267446528,0.262921975667272
"YPR024W",200.033286817731,0.0828051577409788,0.101180470551868,0.81839071600809,0.413134121251551,0.565209676380071
"YPR025C",45.658627471355,-0.687876902250115,0.219147668492567,-3.13887392451746,0.0016959839950151,0.00659410259316449
"YPR026W",106.119451387325,-0.56914086837483,0.148296965552907,-3.83784567845241,0.000124118440718785,0.000615915841620219
"YPR027C",52.5777428578772,-0.546980675053934,0.199983901405244,-2.73512353349654,0.00623568693056352,0.0203626099044538
"YPR028W",336.886205426725,-0.0631846118384418,0.0784785935889555,-0.805119064306651,0.420750975475247,0.572040358484841
"YPR029C",144.204062019847,0.0252804691291958,0.116443831581718,0.217104408072096,0.828126978751076,0.89502728398286
"YPR030W",63.1841195263485,-0.249372955873197,0.180189091181801,-1.38395146031117,0.166373318052844,0.293966494334847
"YPR031W",19.1022726447289,-0.617675664710889,0.334296121198512,-1.84769019304325,0.0646471734946882,0.142652506399099
"YPR032W",57.2200513970876,0.092281311904379,0.183920917082511,0.501744518069034,0.615847244998678,0.744433323686738
"YPR033C",356.028182094944,0.112939223504394,0.0755145941083815,1.49559465740224,0.134759316239994,0.250278612593784
"YPR034W",137.583336363749,-0.134537466270431,0.12305583716447,-1.0933042216487,0.274260249950771,0.42423329655224
"YPR035W",2876.73915624393,1.10365319530306,0.0278802451347354,39.5854910876679,0,0
"YPR036W",726.085885555443,0.331902355437405,0.051634887260729,6.42787024519823,1.29404123347102e-10,1.22103413104534e-09
"YPR036W-A",471.525563526999,-0.701579148924084,0.0697104303419065,-10.0641919076252,7.95378149441979e-24,1.20874535114716e-22
"YPR037C",134.787957827777,0.244251624078305,0.124376293915691,1.96381172318797,0.0495519300673889,0.114540146941877
"YPR038W",21.0510428341165,0.365918375359846,0.302137090019,1.21110048202568,0.225856896693634,0.3678174396953
"YPR039W",1.64086439176102,-0.17148811890528,1.1060919473272,-0.155039659514447,0.876790051533483,0.926779251930226
"YPR040W",74.716667752166,0.237626109024067,0.166489913926553,1.42727029776048,0.15350199856242,0.275693078099892
"YPR041W",325.76217883794,0.764701036367429,0.0807577328018418,9.46907509456468,2.82332441449831e-21,4.02005787127439e-20
"YPR042C",67.5548259112276,-0.00298532934217911,0.171299528117974,-0.0174275397893865,0.986095538914668,0.991742920302025
"YPR043W",819.888690700472,1.18381348209396,0.0566195111107481,20.9082250777194,4.50689075368194e-97,1.96500436860532e-95
"YPR044C",550.903961522401,-0.21038632810345,0.0763367018088085,-2.75603115039447,0.0058507424673551,0.0192547599576361
"YPR045C",81.0375660456436,-0.144658052407332,0.156371332060858,-0.925093177252161,0.354917441730138,0.50862304054648
"YPR046W",19.6259670535807,-0.557340525343055,0.328268645762823,-1.6978183342729,0.0895420544214998,0.183377022368877
"YPR047W",43.5461288603046,-0.439003069052833,0.223390551233904,-1.96518190508948,0.049393187504382,0.114214971251903
"YPR048W",21.1398919007635,0.102143789745083,0.310737547204512,0.328714024629463,0.742371852787775,0.836740034466805
"YPR049C",28.797209679766,-0.440567343768172,0.264834914663331,-1.66355461223169,0.0962014685713693,0.19406052466758
"YPR050C",42.8781381519679,0.525279202165132,0.235564059564554,2.22987837421432,0.0257555184456389,0.0669241215015738
"YPR051W",41.1201706377043,-0.668662781008968,0.253154909617938,-2.64131863773891,0.00825840090996297,0.0260008020681205
"YPR052C",181.063598121055,0.0144984105195822,0.10551265210396,0.137409213307398,0.890707348960519,0.935390674439934
"YPR053C",59.8978209978611,-0.677775147677426,0.188805516068254,-3.58980585838609,0.000330924335336564,0.0015127285958046
"YPR054W",28.1632758217372,-0.21525883170333,0.280101747843249,-0.768502279478077,0.4421888369422,0.592233704232862
"YPR055W",56.4358052435258,-0.0177539230401762,0.191658677843826,-0.0926330247078249,0.92619510661532,0.957547909079649
"YPR056W",42.5186120037992,-0.179261379801671,0.232933062295565,-0.769583235780454,0.441547152513077,0.591608925641713
"YPR057W",61.5715112506821,-0.770600346442639,0.211155833007578,-3.64943906813592,0.000262813567595241,0.00122439747556162
"YPR058W",78.8129710749248,0.401954647145493,0.157893649484549,2.54573029667559,0.0109049405757874,0.0330910240737273
"YPR059C",12.2224109368562,-0.157437550127557,0.434429142566706,-0.362400987183733,0.717052401900753,0.81915527372905
"YPR060C",37.6501266257205,-0.35250192875676,0.238556527961173,-1.47764528503756,0.139502746558475,0.256517410033599
"YPR061C",40.5990223296162,-1.5327385504796,0.257026916984544,-5.96333865908592,2.47135466709789e-09,2.13150125585169e-08
"YPR062W",375.651102748993,0.35498976140519,0.0718403026990392,4.94137340835478,7.7574176770133e-07,5.36568868206544e-06
"YPR063C",186.216981212138,-0.124464602459509,0.106107230681663,-1.17300773622979,0.240792703361639,0.386466481506037
"YPR064W",7.9303745732651,-4.31747793718871,1.06232745605126,-4.06416864460704,4.82039646646517e-05,0.000261808818393409
"YPR065W",86.875655242755,-1.06142102952405,0.170881724151336,-6.21143679814486,5.25023075400356e-10,4.76211747873896e-09
"YPR066W",37.5558632335154,-0.201999261516995,0.230722160434803,-0.875508712021078,0.381297172015656,0.533609181962019
"YPR067W",51.0920240309524,-0.255341062598522,0.20544343669421,-1.24287768306067,0.213912910627162,0.353557495682332
"YPR068C",25.8834068551145,-0.311089521457319,0.280711409638434,-1.10821830098753,0.267767548964747,0.417466447485851
"YPR069C",201.743036561232,0.58712715074149,0.0992400407721445,5.91623246195088,3.2939957484485e-09,2.81414069212046e-08
"YPR070W",62.2592143221467,0.109998776251894,0.178222975282853,0.617197508218668,0.537104459084234,0.676948642410393
"YPR071W",15.470327285553,-0.849467035139931,0.390544443308591,-2.17508416697333,0.0296238097189023,0.0750628156484571
"YPR072W",144.927075459574,-0.510225555125244,0.121065115637387,-4.21447212468261,2.50363070713044e-05,0.000141954738389943
"YPR073C",51.4263095922607,-0.31402994257171,0.201076937925099,-1.56174022646339,0.118349198197325,0.22686586749651
"YPR074C",899.421167261887,0.863071189290851,0.0463024232617469,18.6398708424378,1.5260881284436e-77,5.45080742826014e-76
"YPR074W-A",0,NA,NA,NA,NA,NA
"YPR075C",226.118177504417,-0.332304127269847,0.0974633438249407,-3.40952930844151,0.000650750852570696,0.00278092975720626
"YPR076W",27.5566327039224,-0.228751366701021,0.273658120126601,-0.835901988200443,0.403210043832817,0.555600239126213
"YPR077C",0.999287924890854,-0.689513544288041,1.52180433632293,-0.453089485836322,0.650484306051235,0.772419568530411
"YPR078C",11.2836503492018,-0.59812040938425,0.437984626768349,-1.36561964240037,0.172058378086636,0.301100491751428
"YPR079W",70.2498949431492,-0.582470599226545,0.176861956209267,-3.29336286735036,0.000989966199389658,0.00403518137494611
"YPR080W",14462.3851700837,1.01767324510112,0.0170361670725965,59.7360451306035,0,0
"YPR081C",60.5363106631035,-0.433304239593798,0.185292587497834,-2.33848663589342,0.0193620181386899,0.0528983053901459
"YPR082C",39.2458406697922,-0.0242533277596344,0.230121165174575,-0.105393729174087,0.916063391747321,0.950492821701389
"YPR083W",32.5345288897177,-0.28913936866289,0.251276105150344,-1.15068390004649,0.249862302388126,0.396195002683153
"YPR084W",47.2567635237655,-0.00096405195969786,0.204927871149782,-0.00470434770189571,0.996246487444775,0.997192890061093
"YPR085C",39.3634859272961,0.0108060300789214,0.23656497961711,0.0456789085874478,0.963566174767526,0.979964068067444
"YPR086W",131.166418070806,0.301838003732876,0.125667457168563,2.40187881997174,0.0163111107566885,0.0459941312238111
"YPR087W",55.1597048648113,0.210907984746442,0.18684713777339,1.1287728956396,0.258993649323604,0.40750568716372
"YPR088C",229.53499113997,0.263396949286662,0.104881150627283,2.51138500780468,0.0120258458840291,0.0357944433516158
"YPR089W",110.217910001725,-0.00971853843999702,0.133187761842559,-0.0729687045232075,0.941831021273901,0.967699612626946
"YPR091C",162.685746830535,-0.685422851749851,0.128710969741319,-5.32528698313285,1.00793775099612e-07,7.67732826722586e-07
"YPR092W",2.21436475044664,0.0653920299316971,0.927749770020355,0.0704845552591863,0.943807993092161,0.9684716981543
"YPR093C",74.6759603041221,0.0726660882511874,0.171906103816092,0.422708016981914,0.672508305657803,0.786604534388275
"YPR094W",22.2273523191788,-0.47302286222615,0.31549477204421,-1.49930491450383,0.133794548023773,0.248925583462711
"YPR095C",95.8122488651725,-0.364633469306705,0.146211306745432,-2.49388010697125,0.0126355215696488,0.0372409171856968
"YPR096C",0.197946006589724,2.11456944500285,3.09910032821918,0.682317195654627,0.495038402132203,NA
"YPR097W",85.5424738415635,0.367686015242301,0.152655186776191,2.40860479756491,0.0160136280338675,0.0452764563640923
"YPR098C",57.1112426926263,-0.562719848149853,0.194287995109075,-2.89631815817511,0.00377569390931332,0.0133575472270167
"YPR099C",30.6333911863831,0.224148024119081,0.251606038937437,0.890869015170246,0.372999444664631,0.525285924557999
"YPR100W",45.7033935876993,-0.450026723493551,0.208022019234944,-2.16336099970879,0.0305134247584133,0.0770083318653449
"YPR101W",24.2279672161252,-0.523656997543029,0.289821248971992,-1.80682748211341,0.0707891822851886,0.1532857719698
"YPR102C",1064.04992584686,0.407221083437336,0.043654934423342,9.32817993696486,1.07704447874947e-20,1.51649781618133e-19
"YPR103W",401.394022822847,0.0969001441078114,0.0703564801294236,1.37727390468596,0.168427580007848,0.29668407935626
"YPR104C",52.4863544249522,0.226450629706242,0.209741293452418,1.07966641179132,0.280290756100901,0.430201058526316
"YPR105C",97.1508450235347,-0.417330858347964,0.146360512313451,-2.85138970717861,0.00435285842849351,0.0149558537961609
"YPR106W",30.2349580871103,0.258281511535458,0.252437382664903,1.02315080598943,0.306236548321237,0.45942749370832
"YPR107C",32.1639009175902,-0.264419917859642,0.250904836381161,-1.05386536853339,0.291944560324047,0.443916012918426
"YPR108W",231.263650056032,0.187963045865072,0.0988239792783289,1.9019983534127,0.0571713698611915,0.129038700557819
"YPR108W-A",0.0756580883261497,0.671886301116372,3.5338115409304,0.190130767680801,0.849206660687331,NA
"YPR109W",57.2563901846892,-0.498323156503877,0.187275965581803,-2.66090288177532,0.00779314318521587,0.0246341256084674
"YPR110C",130.243881240045,0.337067851647815,0.12535122359012,2.68898732692054,0.00716691400152152,0.0229181741616687
"YPR111W",28.6372333204617,-0.572752483456928,0.268656704713931,-2.13191211463269,0.033014072110105,0.0819775977533714
"YPR112C",44.8933320518216,0.499754043973348,0.212348229107235,2.3534646183509,0.0185993778414409,0.0511685233740597
"YPR113W",319.188195866412,0.431096833449567,0.0770429249099649,5.59554084886266,2.19935054855249e-08,1.7667463999935e-07
"YPR114W",185.050139621358,-0.110434659781259,0.10277273655107,-1.07455209900324,0.282575307511756,0.433181642601678
"YPR115W",205.254052525325,-0.22625670488329,0.0983396747401911,-2.30076726896901,0.021404789466174,0.0575834378745329
"YPR116W",4.12005361501321,0.622836008306928,0.694591575111408,0.896693871081043,0.369882291956069,0.522638708533695
"YPR117W",97.7858591568657,0.209228044304006,0.142293166644361,1.47040120926494,0.141453124061295,0.259203135728567
"YPR118W",144.070492988823,0.145079157624879,0.116765551618594,1.24248252685663,0.214058583406546,0.353705793072708
"YPR119W",33.6780743411902,-0.0713120193027689,0.244554314355212,-0.291599923275895,0.770592534101975,0.856635484542411
"YPR120C",29.9816521420864,-0.888741100530177,0.274559670321965,-3.23696885084392,0.00120806597442048,0.00485221924414632
"YPR121W",30.5720509009139,-0.287510748496806,0.259747574014711,-1.10688521187313,0.268343560327791,0.418055196745267
"YPR122W",69.8258270963901,-0.382076955368684,0.172746197892667,-2.21178214067601,0.026981721695506,0.0693831468901658
"YPR123C",132.343268924168,2.24426734656066,0.131306697599529,17.0917964398544,1.7082919055166e-65,5.19222183974805e-64
"YPR124W",289.091536108674,1.0401192131487,0.0849968063910298,12.237156398131,1.96807639338281e-34,3.81661931256631e-33
"YPR125W",90.5738843500182,-0.023132987594617,0.145447089093824,-0.159047442879345,0.873631495512559,0.925142096252998
"YPR126C",26.5335173702251,0.0848111348307736,0.280192726260401,0.302688567125591,0.762127211429749,0.850214969235728
"YPR127W",95.799400971497,-0.270748990100812,0.144356407658989,-1.87555921134029,0.0607158317219264,0.135682392416408
"YPR128C",46.0134315957169,0.148597474637923,0.206037608064888,0.721215296729346,0.470777061756566,0.617223679889053
"YPR129W",133.516293859355,0.0570075681746993,0.121225218959546,0.470261622655625,0.638168112582161,0.76223291285555
"YPR130C",43.7617155318132,0.296737850231975,0.217634725894491,1.36346738330644,0.172735257153026,0.302083622606205
"YPR131C",37.9356887800604,0.102282916303991,0.234846799583754,0.435530381871412,0.663177491085001,0.78037251598948
"YPR132W",1350.31028700071,0.602292019020638,0.040175428744044,14.9915517481547,8.3382106374534e-51,2.11703484538074e-49
"YPR133C",154.192681184792,-0.350121273121313,0.114025518034461,-3.07055191817238,0.00213663535548471,0.00813723416709299
"YPR133W-A",26.7500961911844,-0.282716595596057,0.288149060452783,-0.981147032552561,0.326520239849061,0.478613715818633
"YPR134W",45.2463300648191,-0.628986291434072,0.219140746246209,-2.87023888623339,0.00410161798624674,0.014349988328197
"YPR135W",60.696899151312,-0.201585784144052,0.179457654202922,-1.12330557890893,0.261307735229269,0.410024200079285
"YPR136C",0.376287417029466,-1.34264753591454,2.27179090087419,-0.591008413405425,0.554514783731227,NA
"YPR137W",31.2160031643572,0.293066201415303,0.248791140922283,1.17796075989238,0.238812250255745,0.384361264286359
"YPR138C",160.436927660698,-0.27894733408137,0.113715917998788,-2.4530192341616,0.0141662763655273,0.040838668118041
"YPR139C",95.1370060501054,-0.867969751593902,0.152979694436984,-5.67375791139025,1.39698516367339e-08,1.14549159594594e-07
"YPR140W",64.5211392793088,-0.636862620475663,0.179220059286579,-3.55352309898134,0.000380107814828337,0.00171523312301552
"YPR141C",22.7944030928585,-0.565307273093995,0.302049973501652,-1.87156868957945,0.0612662985206184,0.136670973622918
"YPR142C",12.6414795113153,0.243146381395176,0.411459395767933,0.590936514990443,0.554562958655396,0.691700401066647
"YPR143W",47.8505551082531,-0.92827444143452,0.222115988499959,-4.17923287604617,2.92494055821681e-05,0.000164661390997744
"YPR144C",34.3804134990232,0.361428121357784,0.235085693283347,1.53743137793654,0.124187707382851,0.235205118656197
"YPR145C-A",1.97329306711083,-0.496176752819322,1.0379864977782,-0.47801850397995,0.632637034952376,0.757486995259266
"YPR145W",890.282251162666,1.88446752800208,0.0513177207849409,36.7215749097546,3.30578674074728e-295,4.35399661979256e-293
"YPR146C",27.888851423933,0.0474236551057159,0.275640628890612,0.172048856863319,0.863399119402826,0.919233619546087
"YPR147C",56.685571824091,-0.193017152347226,0.196111853848499,-0.984219712166589,0.325007495655718,0.477059992462374
"YPR148C",214.47034385141,-0.513527189494842,0.100529076345679,-5.10824537697959,3.25164207623649e-07,2.34935785211052e-06
"YPR149W",380.731743276604,2.34661980922295,0.0806648852592826,29.0909706457794,4.6699267361254e-186,3.78503549048523e-184
"YPR150W",2.70205961640879,0.273147200396486,0.941633522272778,0.290078033476552,0.771756540394213,0.85731220060932
"YPR151C",2.4478252111058,-2.47802575098039,1.199179832551,-2.06643381060613,0.0387875361890549,0.0934757047549321
"YPR152C",34.5024584045651,-0.689416123004197,0.246672481312215,-2.794864345373,0.00519214971767791,0.017412625203222
"YPR153W",5.29284542573173,0.145685661422119,0.63132841495645,0.230760501144508,0.817500868585656,0.888930253044121
"YPR154W",113.561525245732,0.23780940824163,0.130402453605713,1.82365746706481,0.068203872793247,0.148889807941612
"YPR155C",55.9229956972039,-0.613297770075272,0.19766577533299,-3.1027008547236,0.0019176337082496,0.00738324013614736
"YPR156C",205.841938047004,-0.0342881033846633,0.107184178337308,-0.319898924603955,0.749044953113456,0.841261714973044
"YPR157W",44.8725099221245,-0.13405182307638,0.223584898695404,-0.599556695727483,0.548801714565207,0.686626645454431
"YPR158W",20.2262571284096,-1.14576184555943,0.34995278789821,-3.27404691484468,0.00106019007804486,0.00429098698681152
"YPR159C-A",0.426850620155352,0.105640754779395,2.0701924055565,0.0510294378898551,0.959302063055872,NA
"YPR159W",405.847686973169,-0.170869373982869,0.0702599120953472,-2.43196111249027,0.0150173195424188,0.0429202053106562
"YPR160C-A",0,NA,NA,NA,NA,NA
"YPR160W",458.845642527999,2.74590467897482,0.0760993232288979,36.0831681868636,4.16557310182718e-285,5.37443941831662e-283
"YPR160W-A",0,NA,NA,NA,NA,NA
"YPR161C",75.0154159287376,-0.0405241504116624,0.164027077266612,-0.247057687590164,0.804863579217624,0.880184664904657
"YPR162C",25.3525051863023,-0.341140011122789,0.288374708250083,-1.18297479412427,0.236819137131797,0.381541943156784
"YPR163C",491.3492917253,0.362637202743921,0.0629953778780835,5.75656841753916,8.58410004684864e-09,7.15945652983867e-08
"YPR164W",50.4787890525685,0.209681968204567,0.200704920803424,1.04472758996245,0.296148889536594,0.44855133676338
"YPR165W",542.739432826021,0.310697712459814,0.0662674401131766,4.68854254712693,2.75157711245918e-06,1.78965745935874e-05
"YPR166C",32.7301223068765,0.0348693055330137,0.246952226264315,0.141198587518271,0.887713061894243,0.93348668950356
"YPR167C",79.3318768882416,-0.733386638459321,0.165209023841878,-4.43914394870613,9.03173962596584e-06,5.5274596239454e-05
"YPR168W",11.3361290032066,0.41659801305104,0.417488422259053,0.997867224189847,0.318343747138255,0.471383038550831
"YPR169W",123.97161129024,0.0855679960171267,0.124494970040957,0.687320909342569,0.491880525340597,0.636574960328199
"YPR169W-A",3.73532990318191,2.34446644513956,2.14397337114659,1.09351472210018,0.274167868675545,0.424223669847335
"YPR170C",16.0197596272938,-0.265691746558053,0.366266826821669,-0.725404888189384,0.468203675144544,0.615509177430611
"YPR170W-A",2.69469023285958,-1.78645735647951,1.07414779583907,-1.66313924713127,0.0962845652763097,0.194166195112226
"YPR170W-B",198.073915933052,0.529924361325361,0.0995430451120888,5.32356992624295,1.01750312963713e-07,7.74086015110222e-07
"YPR171W",62.6012814482462,-0.742624575249994,0.183882892352259,-4.03857349506648,5.37772443950204e-05,0.000289344458778995
"YPR172W",44.1618885694298,-0.11478256511457,0.21417962856241,-0.535917285341276,0.592015717611152,0.724665477814896
"YPR173C",223.722026336132,-0.381111738406046,0.0942159203941956,-4.04508852443928,5.23033563865143e-05,0.000282375592720361
"YPR174C",32.4722802814114,-0.566458612817016,0.256506889153086,-2.20835633182135,0.0272194433373504,0.0698665533003367
"YPR175W",28.9166376414575,-0.58103883462007,0.265060573404764,-2.19209830853564,0.0283724088691399,0.0724728763113949
"YPR176C",68.3752568990523,0.0972484394978542,0.176386724975992,0.5513364994508,0.581403022136409,0.715103094542097
"YPR177C",2.01741605623942,1.16399836633982,1.92367945911488,0.605089564596901,0.545119487602989,0.683372080235196
"YPR178W",59.1235679727901,-0.276686234173369,0.191736964636186,-1.44305108145615,0.149006082161213,0.268885842352087
"YPR179C",36.1297102713733,-0.782530179409279,0.24364730698868,-3.21173334144684,0.00131936776506987,0.00524096316938161
"YPR180W",56.5456941981119,-0.0813755878412873,0.18424908532644,-0.44166074256006,0.658734721611776,0.7779788735344
"YPR181C",439.131437994944,0.284345509571849,0.0673174240781601,4.22395113101335,2.40056124743396e-05,0.000136477951495301
"YPR182W",70.7577731142208,-0.396516957866199,0.168679117210186,-2.35071753056492,0.0187372518799402,0.0514582564661085
"YPR183W",403.342939777073,0.652118829801454,0.0709565169274762,9.190400798111,3.9138033894251e-20,5.42611075174243e-19
"YPR184W",133.620740971074,1.13902756577207,0.129535163548239,8.79319201498436,1.45369719608431e-18,1.91464034867604e-17
"YPR185W",89.872111030902,-0.107560594537256,0.147413754992902,-0.729651005378945,0.465603536418008,0.613750116187374
"YPR186C",23.5857627047566,0.0102985923830538,0.284397122927666,0.0362120132476625,0.971113307086446,0.984032429459932
"YPR187W",164.011714843727,0.413927981833331,0.107584876725363,3.84745509250322,0.000119351145298279,0.00059506146733101
"YPR188C",44.7353297888113,-0.494269352513971,0.211788571074598,-2.33378671004808,0.0196068930422899,0.0534057638144578
"YPR189W",71.8689200578771,-0.0147670791142719,0.166571243836691,-0.0886532319393004,0.92935750162254,0.959338569509099
"YPR190C",53.5882440000047,0.12328293514344,0.190296790457744,0.647845582928081,0.517084829722152,0.658410935247421
"YPR191W",183.751856534876,0.157215021474978,0.107111564680944,1.46776888138343,0.142167013002905,0.259913203066619
"YPR192W",20.8234711881023,0.123990325676231,0.353518716439057,0.350731997799629,0.725789417846803,0.825885022827229
"YPR193C",3.753249894731,-0.696924501466924,0.780632226504654,-0.89276931928299,0.371980719674458,0.524260580768792
"YPR194C",14.5238701553739,0.288810534450502,0.384298763493072,0.75152605703273,0.452336125095193,0.601529024579683
"YPR195C",10.0391354673905,-0.594323326660242,0.450414031705383,-1.3195044666126,0.187000517856893,0.319690988072277
"YPR196W",14.892060930129,-0.00183244676406616,0.372227866914126,-0.00492291665118375,0.996072096675435,0.997176214597323
"YPR197C",7.67305444783386,0.804624741910617,0.506383753908795,1.58896239403355,0.112068883148504,0.218134076128339
"YPR198W",96.4424905684096,-0.237958507087429,0.142138820241414,-1.67412749510141,0.0941055451425503,0.190562221778092
"YPR199C",45.9150606325674,-0.300699878299723,0.215101452224278,-1.39794443594084,0.162129753387407,0.288646663169583
"YPR200C",4.50902953687048,0.0609442083906301,0.668504229203075,0.091165030419152,0.927361460893396,0.958283614868919
"YPR201W",9.2198492352113,0.146913877839279,0.4764105053949,0.30837665453557,0.757795743939984,0.846577963101003
"YPR202W",33.0596438835465,-0.535025772531024,0.259413827704885,-2.06244122475877,0.0391657478784458,0.0941467141017241
"YPR203W",3.90118606808598,1.2758672234008,2.253725924271,0.566114632511715,0.571315856854056,0.707236899751584
"YPR204W",1129.90476881627,0.0691450849813317,0.0462156870708522,1.49613885162687,0.134617475312224,0.2500886508739
